city,region,bairro,property_type,loteamento,price,bedrooms,bathrooms,house_size,lot_size,sqft_above,sqft_basement,floors,waterfront,view,condition,grade,year_built,year_renovated,zipcode,lat,long
Porto Alegre,Capital,Petrópolis,Apartamento,—,925557,3,2.0,119,119,119,0,5.0,0,0,4,8,1975,2000,90010,-30.00858191180731,-51.255999293403256
Nova Petrópolis,Serra Gaúcha,Linha Imperial,Casa,—,576803,4,3.5,121,616,121,0,3.0,0,2,5,9,2002,0,95153,-29.400535288117847,-51.09720491389134
Vila Flores,Serra Gaúcha,Centro,Terreno,Florescer Parque Residencial,268000,0,0.0,0,419,0,0,0.0,0,1,3,6,2018,0,95335,-28.85726066754983,-51.602172856692306
Vila Flores,Serra Gaúcha,Centro,Casa,—,328157,2,3.0,120,719,83,37,1.0,0,3,4,10,1976,0,95341,-28.896169309153244,-51.59633606531862
Caxias do Sul,Serra Gaúcha,São Pelegrino,Apartamento,—,946586,1,1.0,113,113,113,0,8.0,0,4,2,8,1991,0,95014,-29.15136754177521,-51.176261077951324
Porto Alegre,Capital,Centro Histórico,Apartamento,—,1137547,3,1.0,148,148,148,0,6.0,0,1,4,10,1989,2019,90015,-30.026950899551295,-51.252242202333015
Veranópolis,Serra Gaúcha,Renovação,Apartamento,—,175041,2,2.0,62,62,62,0,8.0,0,1,3,9,2007,0,95338,-28.941111254492405,-51.594800690297674
Porto Alegre,Capital,Moinhos de Vento,Terreno,—,1153818,0,0.0,0,762,0,0,0.0,0,3,1,4,2008,0,90011,-30.06451954361091,-51.23132221010188
Porto Alegre,Capital,Partenon,Casa,—,1185058,3,2.0,154,494,154,0,1.0,0,0,3,9,2015,0,90019,-30.04828390489886,-51.22597418239571
Veranópolis,Serra Gaúcha,Femaçã,Terreno,Femaçã médio,191439,0,0.0,0,374,0,0,0.0,0,1,2,3,2014,0,95333,-28.959316515220795,-51.53328203984059
Porto Alegre,Capital,Moinhos de Vento,Casa,—,1790657,2,1.5,231,319,205,26,2.0,0,3,3,10,2020,0,90017,-30.05990997260652,-51.1944100629966
Gramado,Serra Gaúcha,Morada da Serra,Condomínio Residencial,—,7939156,2,2.5,316,536,316,0,1.0,0,1,4,8,2016,0,95674,-29.3614402523021,-50.844636155688214
Gramado,Serra Gaúcha,Várzea Grande,Apartamento,—,3611150,1,1.0,166,166,166,0,4.0,0,1,4,6,1980,0,95677,-29.364805432787477,-50.85849810399107
Nova Prata,Serra Gaúcha,Santa Cruz,Casa,—,262330,2,1.0,72,659,72,0,1.0,0,0,2,5,1983,0,95328,-28.78984460568543,-51.64841356040475
Caxias do Sul,Serra Gaúcha,Sanvitto,Casa,—,1675876,4,3.5,194,702,194,0,2.0,0,0,5,8,1988,0,95011,-29.124731128851295,-51.218446214682764
Canela,Serra Gaúcha,Reserva da Serra,Casa,—,3436351,4,1.0,219,753,219,0,2.0,0,4,2,5,2017,0,95688,-29.371912458783118,-50.78725310592445
Gramado,Serra Gaúcha,Morada da Serra,Condomínio Residencial,—,8091258,4,3.5,345,589,345,0,1.0,0,1,4,9,2016,0,95675,-29.38803306226333,-50.882948099631264
Veranópolis,Serra Gaúcha,Renovação,Terreno,Renovação,385063,0,0.0,0,450,0,0,0.0,0,3,2,6,2017,0,95331,-28.89127883687426,-51.53850825743901
Bento Gonçalves,Serra Gaúcha,São Roque,Comercial,—,1717567,0,1.0,286,353,286,0,3.0,0,2,3,8,1997,0,95700,-29.133737441374322,-51.488272543452794
Gramado,Serra Gaúcha,Centro,Casa,—,2064073,2,1.5,95,570,95,0,1.0,0,3,5,6,2003,0,95671,-29.383914070005588,-50.90157410269768
Caxias do Sul,Serra Gaúcha,Exposição,Apartamento,—,869669,3,1.0,108,108,108,0,8.0,0,0,4,7,2006,2022,95012,-29.214665895854015,-51.15247967184669
Caxias do Sul,Serra Gaúcha,Sagrada Família,Casa,—,1328472,4,1.0,177,471,177,0,2.0,0,1,2,6,2022,0,95011,-29.198014435921426,-51.22150603242968
Bento Gonçalves,Serra Gaúcha,Charqueadas,Apartamento,—,846192,2,2.0,134,134,134,0,3.0,0,3,4,7,2017,0,95704,-29.131253612714108,-51.544271400995626
Vila Flores,Serra Gaúcha,Bairro Alto,Terreno,Residencial Horizontes,183771,0,0.0,0,430,0,0,0.0,0,2,2,3,2008,0,95340,-28.897540715045572,-51.56846393397089
Caxias do Sul,Serra Gaúcha,Santa Catarina,Apartamento,—,854848,2,2.0,100,100,100,0,6.0,0,0,4,9,1999,0,95019,-29.124476124411533,-51.12960054622768
Canela,Serra Gaúcha,Reserva da Serra,Casa,—,1308881,4,1.0,89,603,89,0,1.0,1,0,4,8,1988,0,95687,-29.404202422961003,-50.83253415828901
Veranópolis,Serra Gaúcha,Interior,Casa,—,607074,4,2.5,208,593,208,0,1.0,0,2,3,7,1974,0,95338,-28.89121594623568,-51.5214255376956
Bento Gonçalves,Serra Gaúcha,São Bento,Apartamento,—,1080383,1,2.0,177,177,177,0,12.0,0,1,5,9,2000,0,95704,-29.145629525946216,-51.559698770850666
Gramado,Serra Gaúcha,Morada da Serra,Apartamento,—,2519193,2,1.0,127,127,127,0,7.0,0,3,2,9,2009,0,95675,-29.331954141627442,-50.85278755254405
Porto Alegre,Capital,Mont'Serrat,Casa,—,997083,2,3.5,135,381,135,0,3.0,0,4,4,9,2012,0,90012,-29.988396290876118,-51.18207954270314
Farroupilha,Serra Gaúcha,Centro,Apartamento,—,939610,3,1.0,163,163,163,0,5.0,0,2,4,8,1973,0,95185,-29.253229806103366,-51.37347457492922
Caxias do Sul,Serra Gaúcha,Marechal Floriano,Casa,—,1242489,3,2.0,141,377,141,0,2.0,0,3,2,9,2014,0,95012,-29.138493402895943,-51.142963246689064
Veranópolis,Serra Gaúcha,Femaçã,Terreno,Cond. Jardim Europa,325492,0,0.0,0,1144,0,0,0.0,0,0,2,6,2007,0,95339,-28.90462743413969,-51.54469660417677
Gramado,Serra Gaúcha,Três Pinheiros,Apartamento,—,2405100,2,1.0,127,127,127,0,7.0,0,4,3,9,2000,0,95678,-29.335705563077003,-50.85791040949329
Garibaldi,Serra Gaúcha,Progresso,Casa,—,445902,4,1.0,94,312,94,0,3.0,0,0,3,5,2017,0,95721,-29.2539698824212,-51.571555379438784
Vila Flores,Serra Gaúcha,Centro,Terreno,Clube Residencial Paraíso,281027,0,0.0,0,1145,0,0,0.0,0,2,1,5,2020,0,95340,-28.831682446461215,-51.62796734473775
Nova Prata,Serra Gaúcha,Centro,Terreno,Lot. Gênova,234972,0,0.0,0,366,0,0,0.0,0,3,3,6,2021,0,95327,-28.83228972219595,-51.61321524266825
Vila Flores,Serra Gaúcha,Bairro Alto,Terreno,Residencial Horizontes,191825,0,0.0,0,480,0,0,0.0,0,3,2,6,2018,0,95336,-28.85989768327658,-51.60400657129209
Canela,Serra Gaúcha,Fontes do Ipê,Apartamento,—,2131541,1,1.0,139,139,139,0,7.0,0,0,2,9,1981,0,95685,-29.312262977777753,-50.81652886937787
Vila Flores,Serra Gaúcha,Centro,Terreno,Florescer Parque Residencial,225000,0,0.0,0,418,0,0,0.0,0,0,3,6,2025,0,95335,-28.861233442577237,-51.611114174589204
Bento Gonçalves,Serra Gaúcha,Fátima,Apartamento,—,336946,2,2.0,56,56,56,0,4.0,0,3,3,6,2021,2014,95700,-29.162354236216537,-51.5049315929256
Caxias do Sul,Serra Gaúcha,Sagrada Família,Terreno,—,1171337,0,0.0,0,623,0,0,0.0,0,1,3,6,2012,0,95014,-29.159490238838213,-51.130662850247596
Bento Gonçalves,Serra Gaúcha,Fátima,Apartamento,—,518437,1,2.0,74,74,74,0,12.0,0,1,5,7,1974,2016,95704,-29.141932687215846,-51.48006410610568
Nova Prata,Serra Gaúcha,Sagrada Família,Terreno,Sagrada Família / Centro,301311,0,0.0,0,352,0,0,0.0,0,0,1,4,2018,0,95329,-28.76799173487816,-51.62666915976428
Porto Alegre,Capital,Chácara das Pedras,Apartamento,—,1280039,3,1.0,156,156,156,0,10.0,0,0,2,7,1996,0,90016,-30.022541108411858,-51.232076736813696
Porto Alegre,Capital,Centro Histórico,Terreno,—,754174,0,0.0,0,494,0,0,0.0,0,2,3,4,1993,0,90011,-30.010947152502656,-51.219615727628614
Porto Alegre,Capital,Três Figueiras,Terreno,—,759551,0,0.0,0,397,0,0,0.0,0,1,1,6,2023,0,90014,-30.058982749563132,-51.21858304035009
Porto Alegre,Capital,Moinhos de Vento,Apartamento,—,1055781,3,2.0,145,145,145,0,10.0,0,2,4,9,1988,0,90013,-30.08102966478403,-51.237482638561524
Bento Gonçalves,Serra Gaúcha,Centro,Condomínio Residencial,—,1279172,4,2.0,149,401,149,0,3.0,0,1,5,11,2017,0,95704,-29.14809408305458,-51.5480895706559
Vila Flores,Serra Gaúcha,Centro,Terreno,Florescer Parque Residencial,320000,0,0.0,0,440,0,0,0.0,0,1,3,6,2018,0,95335,-28.869843477998764,-51.609490666301035
Porto Alegre,Capital,Mont'Serrat,Apartamento,—,588714,1,1.0,76,76,76,0,4.0,0,2,2,7,2007,0,90011,-29.99876353718967,-51.240323063275305
Gramado,Serra Gaúcha,Centro,Casa,—,2391753,3,2.5,110,452,110,0,1.0,0,2,3,7,2023,2010,95671,-29.373501887418314,-50.92398439885767
Canela,Serra Gaúcha,Reserva da Serra,Condomínio Residencial,—,2359138,4,2.5,140,427,140,0,2.0,1,3,4,12,1989,0,95686,-29.331392517707236,-50.79702573095547
Garibaldi,Serra Gaúcha,Progresso,Terreno,—,1112334,0,0.0,0,1067,0,0,0.0,0,2,1,6,2017,0,95723,-29.300996840851642,-51.48442977539287
Bento Gonçalves,Serra Gaúcha,São Bento,Casa,—,1683302,3,3.0,276,809,276,0,1.0,0,1,4,6,2014,0,95704,-29.21665369201712,-51.525582250741415
Nova Prata,Serra Gaúcha,São Cristóvão,Condomínio Residencial,—,1285620,3,2.0,284,797,270,14,1.0,0,0,4,9,2019,0,95327,-28.76338444939425,-51.62680345365605
Gramado,Serra Gaúcha,Mato Queimado,Casa,—,5532673,3,1.0,249,748,249,0,1.0,0,2,2,7,1979,0,95679,-29.374569082376407,-50.876171974302586
Gramado,Serra Gaúcha,Mato Queimado,Casa,—,5189708,2,1.0,247,600,221,26,1.0,0,4,4,8,2016,0,95673,-29.37038521783587,-50.86645675321092
Vila Flores,Serra Gaúcha,Bairro Alto,Comercial,—,649501,0,1.0,335,436,335,0,2.0,0,0,2,9,2002,0,95336,-28.909270570629342,-51.61089010157628
Caxias do Sul,Serra Gaúcha,Santa Catarina,Apartamento,—,810392,2,1.0,109,109,109,0,10.0,0,3,2,9,2004,2007,95019,-29.12573127992141,-51.134534413984284
Bento Gonçalves,Serra Gaúcha,Charqueadas,Terreno,—,847816,0,0.0,0,564,0,0,0.0,0,3,1,4,2023,0,95707,-29.172612288031477,-51.52661658000275
Nova Petrópolis,Serra Gaúcha,Linha Imperial,Casa,—,1195372,3,3.0,287,584,287,0,1.0,0,0,2,8,2004,0,95156,-29.42256170989027,-51.071288098577064
Canela,Serra Gaúcha,Industrial,Apartamento,—,1853568,1,1.0,126,126,126,0,3.0,0,1,5,7,1995,2009,95680,-29.386762830128433,-50.83009217795926
Nova Petrópolis,Serra Gaúcha,Centro,Apartamento,—,621161,1,1.0,153,153,153,0,4.0,0,0,5,6,1977,0,95155,-29.38652100355044,-51.09294146636923
Caxias do Sul,Serra Gaúcha,Marechal Floriano,Apartamento,—,1254955,2,2.0,149,149,149,0,7.0,0,4,2,8,1996,2023,95014,-29.203292156808025,-51.21395659475793
Farroupilha,Serra Gaúcha,Centro,Terreno,—,440258,0,0.0,0,328,0,0,0.0,0,1,2,4,2004,0,95181,-29.20460746250843,-51.31596340803796
Bento Gonçalves,Serra Gaúcha,São Bento,Casa,—,1274897,4,1.0,213,490,144,69,2.0,0,1,2,9,1974,0,95709,-29.201656627597078,-51.541417926217626
Porto Alegre,Capital,Chácara das Pedras,Comercial,—,679806,0,2.0,113,262,113,0,1.0,0,2,5,8,2020,2004,90016,-30.034548364695986,-51.22512383433234
Veranópolis,Serra Gaúcha,Femaçã,Terreno,Cond. Jardim Europa,346031,0,0.0,0,641,0,0,0.0,0,3,1,4,1993,0,95335,-28.968411459870033,-51.522328701721236
Nova Prata,Serra Gaúcha,Santa Cruz,Apartamento,—,418570,3,1.0,122,122,122,0,3.0,0,2,3,6,1988,0,95326,-28.786322309456583,-51.5693089471244
Veranópolis,Serra Gaúcha,Centro,Terreno,Centro (avulso),147432,0,0.0,0,352,0,0,0.0,0,3,1,4,2009,0,95338,-28.947326626487424,-51.53670353897918
Caxias do Sul,Serra Gaúcha,Centro,Casa,—,2083161,4,3.0,269,841,269,0,2.0,0,0,3,6,1984,0,95019,-29.127406639105143,-51.13267972529464
Canela,Serra Gaúcha,São José,Apartamento,—,2172635,1,1.0,152,152,152,0,5.0,0,0,2,9,1995,0,95681,-29.328372778072172,-50.7751547085247
Vila Flores,Serra Gaúcha,Linha Aimoré,Apartamento,—,374483,1,1.0,145,145,145,0,4.0,0,4,4,8,1973,0,95339,-28.885228331311993,-51.605860005490875
Nova Prata,Serra Gaúcha,Clivatti,Terreno,Lot. Clivatti I,192603,0,0.0,0,375,0,0,0.0,0,3,2,3,2005,0,95321,-28.75649850449604,-51.631456032803214
Bento Gonçalves,Serra Gaúcha,Planalto,Casa,—,1665191,4,1.5,277,419,277,0,1.0,0,4,5,7,1995,2016,95703,-29.12916187858589,-51.545279780551866
Caxias do Sul,Serra Gaúcha,Desvio Rizzo,Casa,—,955329,2,3.0,116,504,116,0,1.0,0,1,5,5,2010,0,95019,-29.121181880187763,-51.193623910971795
Vila Flores,Serra Gaúcha,Linha Aimoré,Casa,—,309238,4,2.0,134,688,134,0,3.0,0,3,4,10,1994,2005,95343,-28.910652938710875,-51.62099980977688
Porto Alegre,Capital,Centro Histórico,Apartamento,—,845769,3,1.0,108,108,108,0,5.0,0,2,2,8,2013,2004,90013,-30.041347247606396,-51.257830660427494
Nova Petrópolis,Serra Gaúcha,Pinhal Alto,Casa,—,825257,3,2.5,190,516,190,0,1.0,0,1,4,9,2013,0,95151,-29.351560470842433,-51.08662628498043
Bento Gonçalves,Serra Gaúcha,Centro,Condomínio Residencial,—,1893953,3,3.0,220,423,177,43,2.0,0,0,4,10,2006,2008,95702,-29.12197053971761,-51.539483317582025
Nova Petrópolis,Serra Gaúcha,Recanto Suíço,Casa,—,352075,4,2.5,75,515,14,61,2.0,0,2,2,8,1988,0,95158,-29.41551698280172,-51.090197555657596
Farroupilha,Serra Gaúcha,Centro,Apartamento,—,356315,1,1.0,69,69,69,0,10.0,0,2,5,8,2006,0,95181,-29.18342834164669,-51.36287198338843
Bento Gonçalves,Serra Gaúcha,Fátima,Casa,—,1741812,2,3.5,256,665,256,0,2.0,0,3,3,6,2003,2019,95703,-29.166040656406533,-51.53598025741019
Vila Flores,Serra Gaúcha,Linha Aimoré,Casa,—,399188,4,3.0,172,457,172,0,2.0,0,1,5,7,1984,0,95339,-28.829383343627754,-51.64341457770364
Caxias do Sul,Serra Gaúcha,Centro,Apartamento,—,659590,1,2.0,87,87,87,0,3.0,0,2,4,6,1984,0,95014,-29.206515965668263,-51.194841804748826
Veranópolis,Serra Gaúcha,Renovação,Condomínio Residencial,—,822385,2,2.0,224,814,172,52,3.0,0,3,5,11,1982,0,95339,-28.91669150578934,-51.52705618558288
Nova Petrópolis,Serra Gaúcha,Linha Imperial,Terreno,—,1031688,0,0.0,0,1169,0,0,0.0,0,0,2,4,2016,0,95157,-29.360318881857673,-51.11842410678894
Bento Gonçalves,Serra Gaúcha,Charqueadas,Apartamento,—,1080908,2,1.0,158,158,158,0,1.0,0,4,4,8,1988,0,95706,-29.129299173098815,-51.488373586414774
Caxias do Sul,Serra Gaúcha,Sagrada Família,Terreno,—,1674018,0,0.0,0,1096,0,0,0.0,0,3,2,5,2000,0,95018,-29.191265741278464,-51.206259174505604
Porto Alegre,Capital,Mont'Serrat,Casa,—,1776756,3,3.0,221,529,147,74,2.0,0,2,5,7,1981,0,90014,-30.00841388659203,-51.24232040104986
Canela,Serra Gaúcha,Reserva da Serra,Apartamento,—,1449427,3,1.0,113,113,113,0,8.0,0,4,4,8,1991,0,95688,-29.340098984593258,-50.86216518609357
Veranópolis,Serra Gaúcha,Interior,Apartamento,—,242932,2,1.0,78,78,78,0,7.0,0,4,5,8,1975,0,95336,-28.97172799440551,-51.57710405788653
Caxias do Sul,Serra Gaúcha,Sanvitto,Terreno,—,1161621,0,0.0,0,772,0,0,0.0,0,2,3,4,2008,0,95014,-29.14905039510299,-51.19753358654491
Nova Petrópolis,Serra Gaúcha,Pinhal Alto,Terreno,—,426632,0,0.0,0,360,0,0,0.0,0,3,2,3,2002,0,95158,-29.36606926717711,-51.11237597394462
Gramado,Serra Gaúcha,Três Pinheiros,Apartamento,—,2576989,3,2.0,135,135,135,0,1.0,0,2,3,7,1988,0,95677,-29.344626803119354,-50.88146105078563
Porto Alegre,Capital,Cristal,Apartamento,—,877392,1,1.0,110,110,110,0,1.0,0,2,5,10,2010,0,90018,-29.996758072344793,-51.22085740332263
Bento Gonçalves,Serra Gaúcha,Charqueadas,Casa,—,882557,2,1.0,140,374,140,0,1.0,0,3,5,5,2004,0,95703,-29.132527379199033,-51.49304098321692
Caxias do Sul,Serra Gaúcha,Sagrada Família,Casa,—,1421801,3,2.0,174,339,174,0,1.0,0,1,3,9,1989,0,95019,-29.131016960988603,-51.13316641343199
Gramado,Serra Gaúcha,Centro,Comercial,—,768037,0,2.0,48,97,48,0,1.0,0,1,3,5,1972,2015,95673,-29.42284715491735,-50.85628102743901
Veranópolis,Serra Gaúcha,Renovação,Casa,—,394669,3,1.5,129,528,94,35,2.0,0,2,5,7,2012,0,95334,-28.962388806675513,-51.5467496631064
Vila Flores,Serra Gaúcha,Centro,Apartamento,—,273982,1,1.0,115,115,115,0,4.0,0,4,2,10,1970,0,95338,-28.86473169542156,-51.56104953395192
Bento Gonçalves,Serra Gaúcha,Planalto,Casa,—,927155,3,1.0,156,747,156,0,2.0,0,4,4,9,1989,0,95705,-29.192194879952506,-51.54153775752318
Nova Prata,Serra Gaúcha,Santa Cruz,Apartamento,—,548820,1,2.0,150,150,150,0,6.0,0,2,3,7,1971,0,95323,-28.806793168065948,-51.61494750798013
Caxias do Sul,Serra Gaúcha,Desvio Rizzo,Condomínio Residencial,—,3651192,4,2.5,345,468,345,0,2.0,0,3,5,8,1979,0,95013,-29.176724713003267,-51.191811245809575
Porto Alegre,Capital,Chácara das Pedras,Terreno,—,1863009,0,0.0,0,1109,0,0,0.0,0,2,3,3,2002,0,90016,-30.031207830045215,-51.21728870116523
Porto Alegre,Capital,Menino Deus,Terreno,—,1693608,0,0.0,0,1100,0,0,0.0,0,2,2,5,2004,0,90019,-29.99238069748667,-51.242787675004315
Gramado,Serra Gaúcha,Três Pinheiros,Apartamento,—,3362581,3,2.0,179,179,179,0,7.0,1,4,3,9,2010,2012,95677,-29.34526957094498,-50.82718669973164
Porto Alegre,Capital,Chácara das Pedras,Apartamento,—,425259,1,2.0,57,57,57,0,5.0,0,3,3,10,1990,0,90014,-30.05067577292423,-51.21580292114863
Canela,Serra Gaúcha,São José,Casa,—,3793808,4,3.5,272,586,237,35,1.0,0,3,2,8,2009,2015,95680,-29.40752962284247,-50.77123601397606
Porto Alegre,Capital,Mont'Serrat,Casa,—,2287384,3,2.0,298,392,298,0,1.0,0,3,2,5,1993,2014,90019,-30.047336027445084,-51.20639280121928
Garibaldi,Serra Gaúcha,Bela Vista,Casa,—,1194587,2,2.0,245,531,245,0,2.0,0,3,4,7,1986,2001,95723,-29.287688936302885,-51.537441660431774
Canela,Serra Gaúcha,Jardim,Apartamento,—,1381697,2,1.0,92,92,92,0,5.0,0,0,5,8,1994,2017,95683,-29.397783941412712,-50.79072102586943
Nova Petrópolis,Serra Gaúcha,Recanto Suíço,Apartamento,—,218225,1,2.0,48,48,48,0,6.0,0,1,4,9,1979,0,95159,-29.390507575168755,-51.08213295328106
Canela,Serra Gaúcha,São José,Comercial,—,2088851,0,2.0,157,161,157,0,2.0,0,1,4,9,1982,0,95685,-29.407819975242504,-50.801459674893565
Gramado,Serra Gaúcha,Mato Queimado,Terreno,—,3299719,0,0.0,0,728,0,0,0.0,0,0,3,6,2005,0,95676,-29.364583245645996,-50.86111725774367
Bento Gonçalves,Serra Gaúcha,São Bento,Casa,—,1855482,2,2.0,299,433,236,63,1.0,0,3,2,9,1989,0,95704,-29.14958885771475,-51.50078543493172
Bento Gonçalves,Serra Gaúcha,Planalto,Apartamento,—,813801,3,2.0,121,121,121,0,10.0,0,2,4,10,1990,0,95708,-29.164792944253417,-51.53514811692558
Bento Gonçalves,Serra Gaúcha,Fátima,Apartamento,—,588110,2,1.0,86,86,86,0,3.0,0,1,4,7,1996,2002,95701,-29.194940900581102,-51.56706347929167
Porto Alegre,Capital,Partenon,Casa,—,505130,2,3.0,71,458,71,0,2.0,0,2,4,6,1994,0,90015,-30.058829479858165,-51.17340718585348
Porto Alegre,Capital,Centro Histórico,Casa,—,1108097,2,2.0,137,653,65,72,1.0,0,4,4,9,1979,0,90019,-30.056957150125815,-51.16933857861633
Bento Gonçalves,Serra Gaúcha,São Bento,Apartamento,—,392709,1,1.0,60,60,60,0,5.0,0,1,2,6,1989,0,95705,-29.14283847646908,-51.48933163245604
Canela,Serra Gaúcha,Centro,Apartamento,—,1426473,3,2.0,99,99,99,0,8.0,0,1,2,7,1983,0,95689,-29.375719355180614,-50.786315931440335
Farroupilha,Serra Gaúcha,Desvio Rizzo,Apartamento,—,590733,1,1.0,112,112,112,0,6.0,0,1,5,6,1986,2006,95189,-29.272392970990644,-51.384074756613835
Porto Alegre,Capital,Três Figueiras,Terreno,—,1752481,0,0.0,0,1125,0,0,0.0,0,2,3,4,2008,0,90019,-30.005877745101888,-51.20698234423432
Bento Gonçalves,Serra Gaúcha,Planalto,Terreno,—,1025432,0,0.0,0,653,0,0,0.0,0,0,1,6,1998,0,95708,-29.13346871570354,-51.470611048026676
Garibaldi,Serra Gaúcha,Bela Vista,Casa,—,1251186,4,3.0,255,600,255,0,3.0,0,0,5,9,1998,0,95724,-29.27807434877992,-51.4978086220594
Vila Flores,Serra Gaúcha,Linha Aimoré,Casa,—,347426,3,1.5,151,413,151,0,1.0,0,4,2,5,2021,2000,95343,-28.87877221615294,-51.59489379695197
Vila Flores,Serra Gaúcha,Bairro Alto,Casa,—,589733,2,1.5,241,566,241,0,2.0,0,0,5,8,1991,0,95341,-28.901261946576827,-51.61078558729857
Vila Flores,Serra Gaúcha,Bairro Alto,Apartamento,—,128633,2,1.0,49,49,49,0,5.0,0,3,3,9,1978,0,95344,-28.86699311458872,-51.60520875402114
Caxias do Sul,Serra Gaúcha,Santa Catarina,Comercial,—,545462,0,1.0,80,251,80,0,1.0,0,2,2,9,1972,0,95010,-29.191568282283374,-51.17525156358333
Caxias do Sul,Serra Gaúcha,Sanvitto,Apartamento,—,1109176,1,2.0,144,144,144,0,2.0,1,0,3,6,2022,0,95019,-29.167369512053224,-51.15480642160782
Gramado,Serra Gaúcha,Canavial,Casa,—,4259567,4,1.5,232,596,232,0,1.0,0,2,4,9,2016,0,95673,-29.34726429274242,-50.854394303355946
Porto Alegre,Capital,Cristal,Apartamento,—,1226964,1,1.0,153,153,153,0,4.0,0,3,4,10,1982,0,90016,-30.0165286187607,-51.182496547258154
Porto Alegre,Capital,Chácara das Pedras,Casa,—,1597864,3,2.0,222,436,222,0,3.0,0,3,3,5,1988,0,90011,-30.05697124229356,-51.19390091627256
Nova Petrópolis,Serra Gaúcha,Recanto Suíço,Casa,—,679477,2,2.0,141,615,141,0,2.0,0,2,5,6,1971,2021,95155,-29.380523630448536,-51.10147716609869
Nova Prata,Serra Gaúcha,Sagrada Família,Comercial,—,514184,0,1.0,194,321,194,0,2.0,0,0,5,7,2011,0,95325,-28.75935699567348,-51.56705599134977
Vila Flores,Serra Gaúcha,Bairro Alto,Casa,—,257451,2,2.0,104,212,62,42,1.0,1,3,5,5,2020,0,95338,-28.863348590359962,-51.641975978218994
Caxias do Sul,Serra Gaúcha,Exposição,Terreno,—,827878,0,0.0,0,535,0,0,0.0,0,1,1,6,1993,0,95019,-29.203666190706635,-51.19285692331001
Veranópolis,Serra Gaúcha,Interior,Casa,—,704641,2,1.5,228,789,228,0,1.0,0,4,5,7,1995,0,95337,-28.939922836544905,-51.51107999964944
Farroupilha,Serra Gaúcha,Centro,Casa,—,859554,2,2.5,140,383,140,0,3.0,0,0,2,6,2020,0,95188,-29.21357379648409,-51.37647466537603
Vila Flores,Serra Gaúcha,Centro,Terreno,Florescer Parque Residencial,325000,0,0.0,0,441,0,0,0.0,0,0,3,6,2024,0,95335,-28.873002365694852,-51.59799659744892
Canela,Serra Gaúcha,Jardim,Apartamento,—,1120262,1,1.0,86,86,86,0,3.0,0,0,5,6,2003,0,95685,-29.39325072806946,-50.822897500421554
Veranópolis,Serra Gaúcha,Medianeira,Comercial,—,976483,0,2.0,393,457,393,0,1.0,0,1,4,8,1973,2018,95331,-28.907036110239776,-51.59926520628022
Garibaldi,Serra Gaúcha,São João,Condomínio Residencial,—,1177247,3,2.5,177,754,126,51,2.0,0,0,4,10,2023,2005,95729,-29.29417899722197,-51.52910494622807
Vila Flores,Serra Gaúcha,Centro,Apartamento,—,242651,1,1.0,89,89,89,0,5.0,0,1,5,9,2017,2019,95335,-28.886469858422412,-51.56895525249547
Gramado,Serra Gaúcha,Centro,Apartamento,—,911886,3,1.0,50,50,50,0,5.0,0,0,2,6,1970,0,95674,-29.40609205920436,-50.90722211021363
Canela,Serra Gaúcha,São José,Apartamento,—,1288216,1,1.0,93,93,93,0,8.0,0,4,2,7,2008,0,95687,-29.399331087770413,-50.8191388109345
Vila Flores,Serra Gaúcha,Centro,Terreno,Florescer Parque Residencial,550000,0,0.0,0,1072,0,0,0.0,0,0,3,6,2019,0,95335,-28.8565078846123,-51.59715964846746
Bento Gonçalves,Serra Gaúcha,Fátima,Apartamento,—,1156201,1,2.0,170,170,170,0,12.0,0,1,5,10,1996,2016,95707,-29.179952176176748,-51.54769287244983
Caxias do Sul,Serra Gaúcha,Sanvitto,Casa,—,1687270,4,1.0,192,701,192,0,1.0,0,1,3,6,1982,0,95017,-29.163225818129387,-51.16769133037055
Caxias do Sul,Serra Gaúcha,São Pelegrino,Casa,—,774028,2,2.0,102,212,72,30,2.0,1,4,5,9,1976,0,95011,-29.14333494303394,-51.19975556142182
Caxias do Sul,Serra Gaúcha,Exposição,Casa,—,1544453,3,1.0,176,631,147,29,2.0,0,0,3,7,1989,0,95019,-29.126167218406604,-51.16664681411768
Porto Alegre,Capital,Mont'Serrat,Apartamento,—,786736,3,2.0,112,112,112,0,5.0,0,4,2,8,1997,0,90015,-30.01927631675288,-51.207609703047666
Bento Gonçalves,Serra Gaúcha,Charqueadas,Casa,—,470654,3,2.5,75,172,75,0,1.0,0,4,3,8,1997,0,95706,-29.142433931637857,-51.49556857762726
Veranópolis,Serra Gaúcha,Femaçã,Casa,—,375421,3,2.0,122,546,122,0,3.0,1,0,5,7,1990,0,95338,-28.898044296127097,-51.511148374294145
Bento Gonçalves,Serra Gaúcha,Fátima,Apartamento,—,1016066,3,2.0,146,146,146,0,8.0,0,1,3,10,1993,2019,95703,-29.137084746940356,-51.47341295805012
Gramado,Serra Gaúcha,Três Pinheiros,Condomínio Residencial,—,8291801,3,2.5,334,569,334,0,2.0,0,1,4,10,1975,2012,95677,-29.389990328847794,-50.90464610274398
Nova Prata,Serra Gaúcha,Interior,Terreno,Roteiro das Águas,283171,0,0.0,0,2257,0,0,0.0,0,1,3,3,2011,0,95323,-28.769161927880393,-51.57320270559138
Porto Alegre,Capital,Moinhos de Vento,Apartamento,—,1132832,2,2.0,142,142,142,0,5.0,0,0,2,9,2022,0,90013,-30.02063344925169,-51.23237359959439
Caxias do Sul,Serra Gaúcha,São Pelegrino,Casa,—,1054518,4,2.5,130,312,130,0,1.0,0,1,2,7,2010,0,95018,-29.182740015047212,-51.168348477341965
Porto Alegre,Capital,Menino Deus,Apartamento,—,618914,3,1.0,83,83,83,0,10.0,0,0,3,9,1983,2023,90013,-30.055186884516964,-51.25460698208068
Canela,Serra Gaúcha,Jardim,Apartamento,—,892162,2,1.0,66,66,66,0,4.0,0,3,2,10,1998,0,95687,-29.33134374374603,-50.83780903711251
Porto Alegre,Capital,Partenon,Apartamento,—,1079029,2,1.0,156,156,156,0,1.0,0,3,3,8,2023,0,90011,-30.074794418058993,-51.17602775482657
Vila Flores,Serra Gaúcha,Bairro Alto,Casa,—,691422,4,1.0,286,368,250,36,2.0,0,3,3,10,2018,2014,95340,-28.887284756038444,-51.595938544332036
Caxias do Sul,Serra Gaúcha,São Pelegrino,Condomínio Residencial,—,2088062,4,3.5,211,597,211,0,1.0,0,1,3,9,1983,0,95016,-29.1570195332977,-51.146498462719514
Vila Flores,Serra Gaúcha,Centro,Terreno,Florescer Parque Residencial,650000,0,0.0,0,1230,0,0,0.0,0,2,3,6,2018,0,95335,-28.85947716380761,-51.5903749180215
Porto Alegre,Capital,Cristal,Comercial,—,1932651,0,1.0,323,370,323,0,1.0,0,1,2,5,1999,2015,90012,-30.023575904878584,-51.23067273984693
Porto Alegre,Capital,Chácara das Pedras,Apartamento,—,773272,2,1.0,100,100,100,0,7.0,0,1,4,10,2023,0,90015,-30.074912850713034,-51.193029140422304
Porto Alegre,Capital,Três Figueiras,Apartamento,—,437332,1,1.0,57,57,57,0,10.0,0,4,3,9,2007,0,90017,-29.992476330450064,-51.17208287501592
Veranópolis,Serra Gaúcha,Interior,Apartamento,—,289946,1,1.0,92,92,92,0,1.0,0,4,4,10,1985,2021,95331,-28.97434848336321,-51.601476532524366
Gramado,Serra Gaúcha,Três Pinheiros,Casa,—,5213337,4,1.5,253,367,253,0,1.0,0,4,5,9,1975,2007,95678,-29.389244727717116,-50.88669159105847
Nova Prata,Serra Gaúcha,Centro,Comercial,—,479551,0,2.0,189,358,189,0,1.0,0,1,5,7,1972,0,95323,-28.788196141584606,-51.64435917023171
Vila Flores,Serra Gaúcha,Centro,Casa,—,594951,2,2.0,249,338,249,0,1.0,0,0,3,9,1986,0,95341,-28.906223871185112,-51.590963486920536
Vila Flores,Serra Gaúcha,Centro,Casa,—,567952,4,1.5,217,579,149,68,1.0,0,1,4,10,2017,2014,95338,-28.881532084536964,-51.59461852131876
Veranópolis,Serra Gaúcha,Femaçã,Terreno,Cond. Jardim Europa,350818,0,0.0,0,1445,0,0,0.0,0,0,3,6,2011,0,95334,-28.889986798994318,-51.58234160416674
Bento Gonçalves,Serra Gaúcha,São Bento,Casa,—,842626,4,2.5,133,644,133,0,1.0,0,1,3,8,2023,0,95709,-29.212122228606958,-51.5225287636664
Nova Prata,Serra Gaúcha,São Cristóvão,Terreno,Lot. Colinas do Caravaggio,142448,0,0.0,0,362,0,0,0.0,0,2,1,3,2000,0,95329,-28.8035464679563,-51.655348074524525
Porto Alegre,Capital,Centro Histórico,Casa,—,2051289,4,3.0,293,885,293,0,2.0,0,0,3,6,2003,0,90019,-29.991860165579983,-51.26635147034733
Canela,Serra Gaúcha,Jardim,Condomínio Residencial,—,2508038,4,3.5,133,614,133,0,2.0,0,1,4,11,2010,0,95685,-29.357242557003783,-50.773883744240294
Gramado,Serra Gaúcha,Centro,Condomínio Residencial,—,4801847,2,2.5,195,320,173,22,2.0,0,1,5,9,2014,0,95678,-29.348629502387315,-50.91501792303013
Veranópolis,Serra Gaúcha,Interior,Condomínio Residencial,—,936242,2,3.5,257,528,210,47,2.0,0,4,3,11,2014,0,95333,-28.89603456812372,-51.559045882164305
Veranópolis,Serra Gaúcha,Centro,Casa,—,364416,2,1.0,120,542,120,0,1.0,0,3,4,5,2007,2000,95339,-28.934099333261546,-51.53124546644706
Porto Alegre,Capital,Cidade Baixa,Apartamento,—,746635,3,1.0,96,96,96,0,3.0,0,2,4,8,2020,0,90010,-30.027980916822038,-51.20865826751227
Bento Gonçalves,Serra Gaúcha,São Roque,Casa,—,699499,2,2.0,111,321,111,0,2.0,0,3,4,9,2009,0,95708,-29.188613693847202,-51.4808160807072
Canela,Serra Gaúcha,Fontes do Ipê,Apartamento,—,1867497,1,2.0,143,143,143,0,2.0,0,1,3,10,1971,0,95683,-29.318866207064936,-50.834443693072785
Garibaldi,Serra Gaúcha,São João,Apartamento,—,883157,3,1.0,170,170,170,0,5.0,0,1,2,9,1981,2017,95722,-29.258344428038775,-51.54460352392679
Porto Alegre,Capital,Partenon,Terreno,—,2216897,0,0.0,0,1128,0,0,0.0,0,0,3,4,1994,0,90012,-30.044926832259293,-51.212628678450415
Bento Gonçalves,Serra Gaúcha,Planalto,Condomínio Residencial,—,2635343,2,2.5,338,894,338,0,3.0,0,0,3,12,1976,2022,95709,-29.152335076165464,-51.5634539049031
Gramado,Serra Gaúcha,Mato Queimado,Casa,—,4873580,3,2.0,225,695,225,0,1.0,0,3,5,5,1999,0,95679,-29.378980577457778,-50.86412806106204
Canela,Serra Gaúcha,Centro,Casa,—,2567796,2,3.5,167,416,167,0,2.0,0,2,5,6,1989,0,95686,-29.36659137588961,-50.79459477829613
Garibaldi,Serra Gaúcha,São João,Casa,—,1344992,2,3.5,259,419,259,0,2.0,0,4,4,6,1997,0,95727,-29.30410130242536,-51.562580301947534
Veranópolis,Serra Gaúcha,Femaçã,Terreno,Femaçã médio,208410,0,0.0,0,436,0,0,0.0,0,0,1,6,1996,0,95336,-28.938363470357867,-51.51875248608743
Canela,Serra Gaúcha,Industrial,Casa,—,4264874,4,1.5,272,566,272,0,2.0,0,4,5,6,2003,0,95680,-29.372024702530535,-50.79094250053041
Gramado,Serra Gaúcha,Canavial,Condomínio Residencial,—,5222356,4,3.0,194,395,194,0,2.0,0,2,5,9,2021,0,95672,-29.374171715879513,-50.8700222625438
Porto Alegre,Capital,Cidade Baixa,Apartamento,—,1299698,3,1.0,178,178,178,0,4.0,0,1,5,7,1986,0,90011,-30.042180779830026,-51.19481488114379
Caxias do Sul,Serra Gaúcha,Centro,Comercial,—,323941,0,1.0,45,191,45,0,1.0,0,0,2,7,1996,0,95017,-29.203217982657858,-51.18585710580039
Garibaldi,Serra Gaúcha,Progresso,Apartamento,—,797325,3,1.0,161,161,161,0,1.0,0,2,4,9,2002,0,95724,-29.21789575752096,-51.546411329908196
Veranópolis,Serra Gaúcha,Renovação,Casa,—,755285,4,1.0,239,372,174,65,2.0,0,4,4,10,2022,2023,95331,-28.912496823313106,-51.53776715775461
Gramado,Serra Gaúcha,Morada da Serra,Condomínio Residencial,—,9129326,2,3.5,335,849,308,27,2.0,0,0,4,11,1971,0,95674,-29.4238119265455,-50.85112942489554
Nova Petrópolis,Serra Gaúcha,Vila Nova,Condomínio Residencial,—,972014,2,3.0,174,359,121,53,2.0,0,3,4,12,1975,0,95154,-29.370801385983075,-51.15832381840382
Canela,Serra Gaúcha,Fontes do Ipê,Casa,—,1151635,4,1.5,81,225,81,0,1.0,0,2,5,7,1979,0,95681,-29.351022625136245,-50.826861813967
Vila Flores,Serra Gaúcha,Linha Aimoré,Apartamento,—,356391,2,1.0,150,150,150,0,6.0,0,0,3,8,1979,0,95341,-28.87209433271572,-51.553436436067365
Caxias do Sul,Serra Gaúcha,Sagrada Família,Casa,—,1832990,4,1.0,211,662,211,0,3.0,0,2,4,5,2008,0,95011,-29.15108752294977,-51.21906101001048
Caxias do Sul,Serra Gaúcha,Centro,Casa,—,1933904,3,2.0,228,443,228,0,1.0,0,4,3,7,1981,2000,95012,-29.21162564529912,-51.223494322415945
Porto Alegre,Capital,Mont'Serrat,Comercial,—,1539220,0,1.0,251,355,251,0,1.0,0,2,3,7,1990,2005,90013,-30.003598924712428,-51.179133532616795
Porto Alegre,Capital,Três Figueiras,Condomínio Residencial,—,2045626,3,2.5,219,740,219,0,1.0,0,1,4,10,1989,2009,90016,-30.059526843374396,-51.17551504236448
Nova Petrópolis,Serra Gaúcha,Recanto Suíço,Condomínio Residencial,—,765093,3,2.0,129,606,129,0,3.0,0,0,4,8,1998,2006,95153,-29.341704543008657,-51.15774954517481
Farroupilha,Serra Gaúcha,Desvio Rizzo,Casa,—,1120742,4,1.5,210,353,210,0,3.0,0,2,3,9,1985,0,95180,-29.191756604557195,-51.391740318546155
Vila Flores,Serra Gaúcha,Bairro Alto,Casa,—,499589,4,1.0,206,314,206,0,1.0,0,3,4,9,2018,2014,95340,-28.842808161822976,-51.63714800685493
Bento Gonçalves,Serra Gaúcha,São Roque,Condomínio Residencial,—,1254752,3,2.0,144,254,144,0,3.0,0,1,4,12,1992,0,95702,-29.209594788849337,-51.5644727338776
Gramado,Serra Gaúcha,Canavial,Casa,—,2978728,2,2.0,150,616,150,0,1.0,0,4,3,7,1995,2018,95673,-29.405889684594268,-50.82756354378318
Porto Alegre,Capital,Partenon,Apartamento,—,877284,1,1.0,111,111,111,0,12.0,0,4,3,7,2023,2021,90016,-30.059250246335356,-51.18769849608386
Garibaldi,Serra Gaúcha,Santa Marta,Apartamento,—,315840,2,2.0,62,62,62,0,2.0,0,2,3,6,2003,2012,95723,-29.220557406863175,-51.55505559519664
Nova Petrópolis,Serra Gaúcha,Linha Imperial,Apartamento,—,278513,2,1.0,68,68,68,0,7.0,0,2,4,6,1980,0,95154,-29.384911977938458,-51.144579648080544
Vila Flores,Serra Gaúcha,Bairro Alto,Terreno,Residencial Horizontes,163588,0,0.0,0,442,0,0,0.0,0,0,2,5,2022,0,95335,-28.883969938805986,-51.60415044564792
Porto Alegre,Capital,Partenon,Casa,—,1297605,3,3.0,187,573,187,0,3.0,0,3,5,9,2012,2012,90013,-30.07863558921735,-51.26438015101211
Bento Gonçalves,Serra Gaúcha,Planalto,Terreno,—,844755,0,0.0,0,524,0,0,0.0,0,2,2,6,1991,0,95706,-29.209748002626934,-51.54294024283038
Vila Flores,Serra Gaúcha,Centro,Terreno,Florescer Parque Residencial,430000,0,0.0,0,682,0,0,0.0,0,0,3,6,2022,0,95335,-28.86298884007602,-51.61030369318248
Vila Flores,Serra Gaúcha,Centro,Terreno,Clube Residencial Paraíso,226781,0,0.0,0,1067,0,0,0.0,0,3,3,3,2019,0,95341,-28.90785935981257,-51.57410342919104
Porto Alegre,Capital,Moinhos de Vento,Comercial,—,227833,0,2.0,35,105,35,0,2.0,0,2,3,7,1979,0,90011,-30.03991175538417,-51.17331701576667
Caxias do Sul,Serra Gaúcha,Sanvitto,Apartamento,—,1345664,2,2.0,164,164,164,0,12.0,0,4,4,6,1980,0,95011,-29.12381782751946,-51.19547830767343
Veranópolis,Serra Gaúcha,Renovação,Casa,—,686420,4,3.5,224,534,224,0,2.0,0,3,2,7,2006,2001,95336,-28.9729769033083,-51.535616498386986
Gramado,Serra Gaúcha,Várzea Grande,Casa,—,3111685,3,2.0,141,482,141,0,1.0,0,4,5,7,2000,0,95673,-29.34506764087041,-50.86980177579336
Vila Flores,Serra Gaúcha,Centro,Terreno,Florescer Parque Residencial,590000,0,0.0,0,1220,0,0,0.0,0,0,3,6,2019,0,95335,-28.87387442432513,-51.59442919387899
Vila Flores,Serra Gaúcha,Centro,Terreno,Florescer Parque Residencial,315000,0,0.0,0,438,0,0,0.0,0,0,3,6,2019,0,95335,-28.872353488982135,-51.59038073481875
Gramado,Serra Gaúcha,Canavial,Terreno,—,1659724,0,0.0,0,377,0,0,0.0,0,3,3,6,1996,0,95675,-29.343682080499256,-50.8428633641535
Gramado,Serra Gaúcha,Morada da Serra,Apartamento,—,1356029,2,1.0,74,74,74,0,2.0,0,3,3,10,1996,0,95678,-29.408920506934187,-50.896868845657
Canela,Serra Gaúcha,Reserva da Serra,Apartamento,—,948392,2,2.0,62,62,62,0,4.0,0,2,4,6,2002,0,95681,-29.378680251353117,-50.77746689683554
Caxias do Sul,Serra Gaúcha,São Pelegrino,Terreno,—,1061393,0,0.0,0,535,0,0,0.0,0,1,1,6,2001,0,95012,-29.204044588242542,-51.15959032916506
Porto Alegre,Capital,Petrópolis,Casa,—,1494338,4,3.5,202,768,202,0,1.0,0,4,5,7,1989,0,90016,-30.06385325079056,-51.20256920964938
Garibaldi,Serra Gaúcha,São João,Casa,—,489100,4,3.0,102,505,102,0,1.0,0,1,5,8,1978,0,95724,-29.239292439546617,-51.48989016135849
Farroupilha,Serra Gaúcha,Desvio Rizzo,Casa,—,821632,3,3.0,136,265,136,0,1.0,0,0,4,5,2016,0,95189,-29.273516510789484,-51.37470012272452
Porto Alegre,Capital,Cidade Baixa,Casa,—,786507,3,3.0,98,678,98,0,2.0,0,2,2,7,2001,0,90019,-30.059884629996773,-51.17613847075094
Porto Alegre,Capital,Mont'Serrat,Apartamento,—,606227,3,1.0,84,84,84,0,2.0,0,3,4,9,1976,2003,90010,-30.017403748354994,-51.1825629892924
Porto Alegre,Capital,Boa Vista,Casa,—,553684,4,2.0,71,662,11,60,2.0,0,4,2,7,1970,0,90012,-30.005240562713276,-51.231607036150834
Vila Flores,Serra Gaúcha,Bairro Alto,Terreno,Residencial Horizontes,139154,0,0.0,0,395,0,0,0.0,0,1,3,6,2015,0,95339,-28.888186346721984,-51.57913453565488
Nova Petrópolis,Serra Gaúcha,Vila Nova,Terreno,—,528536,0,0.0,0,597,0,0,0.0,0,1,2,5,1992,0,95157,-29.34960720427733,-51.12960312480076
Caxias do Sul,Serra Gaúcha,Marechal Floriano,Casa,—,1750747,3,2.5,220,333,220,0,2.0,0,1,2,10,2009,2012,95012,-29.190688390000997,-51.21664576703658
Nova Petrópolis,Serra Gaúcha,Recanto Suíço,Casa,—,743507,2,2.5,178,557,178,0,2.0,0,1,5,10,1976,0,95151,-29.327123161940502,-51.087553831377534
Veranópolis,Serra Gaúcha,São Pelegrino,Condomínio Residencial,—,1286371,3,2.5,342,861,342,0,1.0,0,0,5,12,1975,0,95331,-28.949494619421557,-51.544673660199116
Caxias do Sul,Serra Gaúcha,Sanvitto,Apartamento,—,1163209,3,1.0,136,136,136,0,5.0,0,2,5,7,1978,0,95019,-29.132677869193063,-51.16847998400739
Caxias do Sul,Serra Gaúcha,Desvio Rizzo,Terreno,—,1994331,0,0.0,0,1139,0,0,0.0,0,1,2,4,2001,0,95017,-29.152174399188286,-51.16805720959067
Caxias do Sul,Serra Gaúcha,Santa Catarina,Comercial,—,2129037,0,1.0,316,463,316,0,2.0,0,1,3,9,1979,0,95014,-29.156926588424138,-51.13219462013557
Canela,Serra Gaúcha,São José,Comercial,—,3371531,0,1.0,299,348,299,0,2.0,0,2,3,7,1987,0,95686,-29.400460651252995,-50.77550084107265
Nova Petrópolis,Serra Gaúcha,Linha Imperial,Apartamento,—,217046,3,1.0,49,49,49,0,7.0,0,3,4,7,1973,0,95153,-29.4125181576602,-51.1503001539994
Garibaldi,Serra Gaúcha,Santa Marta,Casa,—,485419,2,3.0,98,526,98,0,1.0,0,2,3,10,1991,0,95725,-29.235093874197336,-51.56123057522598
Garibaldi,Serra Gaúcha,Bela Vista,Comercial,—,869308,0,1.0,232,358,232,0,2.0,0,1,2,9,2001,0,95720,-29.286115212689328,-51.51994261746526
Bento Gonçalves,Serra Gaúcha,São Bento,Comercial,—,2275103,0,2.0,396,449,396,0,1.0,0,0,2,6,2000,0,95705,-29.203676911340082,-51.53263766073205
Canela,Serra Gaúcha,Centro,Casa,—,3665429,4,2.5,273,574,273,0,2.0,0,4,3,7,1975,0,95681,-29.408715235402603,-50.80271422607637
Vila Flores,Serra Gaúcha,Centro,Casa,—,594447,4,1.0,249,503,249,0,1.0,1,1,2,8,1998,0,95344,-28.90498514076863,-51.59528532490297
Porto Alegre,Capital,Três Figueiras,Condomínio Residencial,—,1389194,2,3.5,133,624,133,0,2.0,0,0,5,12,2011,2004,90016,-30.06334501835722,-51.24548744315219
Nova Petrópolis,Serra Gaúcha,Vila Nova,Terreno,—,489618,0,0.0,0,447,0,0,0.0,0,0,2,5,2018,0,95152,-29.383382356793156,-51.07143666710387
Bento Gonçalves,Serra Gaúcha,São Roque,Terreno,—,693224,0,0.0,0,490,0,0,0.0,0,1,3,6,2010,0,95708,-29.145731628775806,-51.53230064578572
Nova Petrópolis,Serra Gaúcha,Vila Nova,Casa,—,788693,3,3.0,172,369,172,0,2.0,0,4,2,8,1989,0,95159,-29.32643604226635,-51.11777487640413
Veranópolis,Serra Gaúcha,Medianeira,Casa,—,578703,2,2.0,187,511,187,0,2.0,0,4,5,7,1988,0,95337,-28.905315405881094,-51.53291485500542
Porto Alegre,Capital,Petrópolis,Condomínio Residencial,—,2469817,4,2.0,259,399,259,0,1.0,0,1,4,12,2000,0,90015,-30.01326956968499,-51.26648310558472
Porto Alegre,Capital,Três Figueiras,Condomínio Residencial,—,3399788,4,2.0,329,869,329,0,2.0,0,0,4,10,2006,2015,90011,-30.043472268385564,-51.19440298819062
Garibaldi,Serra Gaúcha,Progresso,Apartamento,—,317233,3,2.0,62,62,62,0,7.0,0,2,2,7,1987,2022,95720,-29.211116301474682,-51.517091055730845
Gramado,Serra Gaúcha,Centro,Casa,—,2891750,2,3.5,155,518,155,0,1.0,0,1,5,5,2008,2004,95676,-29.395464077328263,-50.9095007088513
Vila Flores,Serra Gaúcha,Centro,Terreno,Florescer Parque Residencial,270000,0,0.0,0,420,0,0,0.0,0,0,3,6,2020,0,95335,-28.874470447190607,-51.605612673939156
Caxias do Sul,Serra Gaúcha,Sanvitto,Apartamento,—,455134,3,2.0,59,59,59,0,4.0,0,3,5,10,1974,2002,95011,-29.170926126900756,-51.204374877927656
Bento Gonçalves,Serra Gaúcha,Charqueadas,Apartamento,—,892221,2,1.0,146,146,146,0,12.0,0,4,5,8,1989,0,95703,-29.14046597591974,-51.540929155393975
Vila Flores,Serra Gaúcha,Centro,Terreno,Florescer Parque Residencial,268000,0,0.0,0,420,0,0,0.0,0,2,3,6,2019,0,95335,-28.851235754130073,-51.59105242197785
Porto Alegre,Capital,Cidade Baixa,Casa,—,1466529,3,2.0,210,296,210,0,3.0,0,2,4,6,2010,0,90010,-29.995262615898035,-51.17432193853453
Vila Flores,Serra Gaúcha,Linha Aimoré,Casa,—,348036,2,3.0,136,222,136,0,2.0,0,4,2,9,2012,2016,95344,-28.897335912525882,-51.55754157814212
Canela,Serra Gaúcha,Fontes do Ipê,Apartamento,—,1866915,2,1.0,124,124,124,0,3.0,0,4,2,7,1975,0,95683,-29.353363944098593,-50.78002624608063
Veranópolis,Serra Gaúcha,Femaçã,Apartamento,—,395157,2,1.0,141,141,141,0,1.0,0,2,2,6,2003,0,95331,-28.907381927147,-51.52969944816533
Gramado,Serra Gaúcha,Três Pinheiros,Casa,—,5192897,3,1.0,240,581,240,0,1.0,0,3,3,9,2022,0,95672,-29.350427797914865,-50.829340697400255
Nova Prata,Serra Gaúcha,Clivatti,Casa,—,1015124,4,3.0,271,488,271,0,1.0,0,2,5,6,2000,0,95326,-28.74612044204309,-51.59396846380542
Porto Alegre,Capital,Três Figueiras,Apartamento,—,420398,1,2.0,60,60,60,0,5.0,0,2,3,10,2017,0,90017,-30.045295771543472,-51.25501528935392
Veranópolis,Serra Gaúcha,Femaçã,Terreno,Cond. Jardim Europa,337979,0,0.0,0,690,0,0,0.0,0,2,2,6,2020,0,95333,-28.945151827002107,-51.54604604030851
Caxias do Sul,Serra Gaúcha,Centro,Casa,—,2428485,2,2.0,284,515,284,0,2.0,0,2,4,7,1974,0,95017,-29.140032522013197,-51.21863551069602
Farroupilha,Serra Gaúcha,Desvio Rizzo,Comercial,—,348921,0,1.0,70,166,70,0,1.0,0,2,3,9,1984,0,95189,-29.250899287237,-51.32704994437391
Vila Flores,Serra Gaúcha,Centro,Terreno,Florescer Parque Residencial,295000,0,0.0,0,420,0,0,0.0,0,2,3,6,2022,0,95335,-28.86370178583301,-51.610408393722956
Caxias do Sul,Serra Gaúcha,Desvio Rizzo,Casa,—,1635281,3,3.0,210,775,210,0,1.0,0,1,2,7,2005,0,95013,-29.143046627585615,-51.13683027332304
Gramado,Serra Gaúcha,Centro,Casa,—,2474091,4,1.5,115,664,91,24,1.0,0,1,3,7,2003,0,95674,-29.332223603635796,-50.88217878207658
Caxias do Sul,Serra Gaúcha,Sagrada Família,Apartamento,—,655862,3,1.0,83,83,83,0,3.0,0,2,4,9,2018,0,95013,-29.14819909959229,-51.16335014962174
Bento Gonçalves,Serra Gaúcha,São Roque,Casa,—,1405536,3,3.5,230,796,230,0,1.0,0,1,4,5,1971,0,95705,-29.181357994937937,-51.560406509605656
Nova Petrópolis,Serra Gaúcha,Linha Imperial,Comercial,—,1287746,0,2.0,314,462,314,0,2.0,0,1,5,6,1981,2011,95152,-29.373162922322432,-51.12183749038803
Porto Alegre,Capital,Bela Vista,Casa,—,1950207,4,2.0,262,845,262,0,3.0,1,3,5,5,1980,0,90011,-29.988753759127828,-51.18150972505547
Vila Flores,Serra Gaúcha,Centro,Terreno,Florescer Parque Residencial,415000,0,0.0,0,761,0,0,0.0,0,0,3,6,2018,0,95335,-28.868692604330707,-51.59037453909497
Vila Flores,Serra Gaúcha,Centro,Apartamento,—,420155,3,1.0,166,166,166,0,1.0,0,4,2,6,1997,0,95335,-28.840733702259417,-51.65018652428612
Garibaldi,Serra Gaúcha,Centro,Apartamento,—,322398,2,1.0,68,68,68,0,10.0,0,3,4,6,1996,0,95725,-29.247409971726583,-51.48492738509552
Veranópolis,Serra Gaúcha,Medianeira,Condomínio Residencial,—,460177,2,2.5,123,407,123,0,1.0,0,0,5,8,2001,2017,95335,-28.94567695651189,-51.60297755549453
Caxias do Sul,Serra Gaúcha,Santa Catarina,Apartamento,—,1480406,2,1.0,178,178,178,0,12.0,0,4,5,6,2001,0,95018,-29.12009526279521,-51.16571446013331
Bento Gonçalves,Serra Gaúcha,São Bento,Casa,—,1875278,2,1.0,275,627,275,0,2.0,0,4,4,10,2017,2019,95707,-29.124135979780313,-51.56360232077186
Garibaldi,Serra Gaúcha,Bela Vista,Casa,—,856787,3,2.0,178,659,178,0,3.0,0,1,4,10,2018,0,95722,-29.30019946570964,-51.5827442148067
Nova Prata,Serra Gaúcha,Santa Cruz,Terreno,Lot. Schneider,261214,0,0.0,0,374,0,0,0.0,0,2,3,6,2001,0,95327,-28.79453893692358,-51.62185572110416
Nova Prata,Serra Gaúcha,Frizon,Casa,—,689612,3,1.5,176,412,176,0,1.0,0,0,5,6,2018,0,95328,-28.75717939731324,-51.63334637427004
Bento Gonçalves,Serra Gaúcha,Fátima,Condomínio Residencial,—,2443317,2,2.5,299,769,299,0,2.0,0,2,4,11,2015,0,95707,-29.126846556706642,-51.48669443072126
Vila Flores,Serra Gaúcha,Bairro Alto,Comercial,—,334469,0,2.0,181,300,181,0,1.0,0,0,5,5,2018,2015,95337,-28.85796896405291,-51.56207957740952
Vila Flores,Serra Gaúcha,Bairro Alto,Casa,—,491986,3,2.0,202,374,202,0,1.0,0,0,3,5,2017,0,95340,-28.89951472679102,-51.58724186882003
Farroupilha,Serra Gaúcha,Centro,Casa,—,494394,3,3.5,83,571,83,0,2.0,0,0,3,10,2005,0,95181,-29.175244394481535,-51.30729851242045
Vila Flores,Serra Gaúcha,Centro,Casa,—,266614,3,3.5,108,470,108,0,1.0,0,0,2,9,1998,2023,95341,-28.81601175765523,-51.62672210759824
Bento Gonçalves,Serra Gaúcha,Charqueadas,Terreno,—,1168892,0,0.0,0,755,0,0,0.0,0,3,3,4,1999,0,95704,-29.19075581655539,-51.485364800201985
Nova Petrópolis,Serra Gaúcha,Vila Nova,Condomínio Residencial,—,1846964,2,2.0,296,634,296,0,2.0,0,3,4,11,2017,0,95154,-29.346516951996673,-51.07734699669897
Farroupilha,Serra Gaúcha,Desvio Rizzo,Casa,—,494348,3,2.5,93,681,93,0,3.0,0,3,4,9,2013,0,95180,-29.21373666566879,-51.36626209500834
Veranópolis,Serra Gaúcha,São Pelegrino,Casa,—,289730,3,3.5,93,448,93,0,2.0,0,3,4,7,2005,0,95334,-28.964574361082832,-51.567657277127076
Gramado,Serra Gaúcha,Canavial,Comercial,—,1279550,0,1.0,70,126,70,0,1.0,0,0,4,6,1979,2016,95677,-29.381059507391335,-50.91135740465144
Caxias do Sul,Serra Gaúcha,Exposição,Apartamento,—,1331849,1,1.0,178,178,178,0,1.0,0,4,4,9,1987,0,95012,-29.165828661306556,-51.18136884996893
Garibaldi,Serra Gaúcha,Santa Marta,Condomínio Residencial,—,983796,3,3.0,164,299,164,0,2.0,0,0,3,9,1983,0,95727,-29.21837174778355,-51.49732292983026
Vila Flores,Serra Gaúcha,Linha Aimoré,Casa,—,651966,3,2.0,236,470,236,0,1.0,0,4,4,6,2010,0,95336,-28.85663485856632,-51.61251847519057
Veranópolis,Serra Gaúcha,São Pelegrino,Terreno,Solar Norte,195543,0,0.0,0,449,0,0,0.0,0,3,2,5,1999,0,95334,-28.91756434097567,-51.60586116531328
Bento Gonçalves,Serra Gaúcha,Charqueadas,Terreno,—,1732378,0,0.0,0,1064,0,0,0.0,0,2,2,6,2016,0,95700,-29.131241833717652,-51.528797157881044
Veranópolis,Serra Gaúcha,Interior,Apartamento,—,286667,2,1.0,94,94,94,0,5.0,0,3,5,9,2016,0,95333,-28.919919309281703,-51.53413204353105
Veranópolis,Serra Gaúcha,Medianeira,Terreno,Medianeira,253044,0,0.0,0,647,0,0,0.0,0,0,3,6,2015,0,95336,-28.98082535893139,-51.59596791068919
Caxias do Sul,Serra Gaúcha,Exposição,Terreno,—,1867793,0,0.0,0,1159,0,0,0.0,0,3,3,5,2020,0,95013,-29.16562581054732,-51.2279042444066
Porto Alegre,Capital,Partenon,Condomínio Residencial,—,1777805,3,3.0,187,562,187,0,2.0,0,3,3,8,2001,0,90019,-30.005791786662154,-51.26469844586917
Vila Flores,Serra Gaúcha,Bairro Alto,Terreno,Residencial Horizontes,200995,0,0.0,0,510,0,0,0.0,0,2,3,4,2018,0,95337,-28.887745900455815,-51.57917823472551
Caxias do Sul,Serra Gaúcha,Exposição,Condomínio Residencial,—,1535553,3,2.0,150,597,101,49,1.0,0,3,3,11,2021,0,95012,-29.201772558988868,-51.152106843611605
Caxias do Sul,Serra Gaúcha,São Pelegrino,Condomínio Residencial,—,3217670,4,3.0,338,752,338,0,2.0,0,1,5,8,1983,0,95011,-29.142698429184726,-51.16575401263832
Porto Alegre,Capital,Mont'Serrat,Casa,—,780116,2,1.0,94,257,94,0,3.0,0,1,2,9,2000,0,90010,-30.070718987314393,-51.25249997018421
Gramado,Serra Gaúcha,Centro,Comercial,—,1471931,0,2.0,76,189,76,0,2.0,0,2,5,7,1991,0,95672,-29.386891643469724,-50.88770481865228
Vila Flores,Serra Gaúcha,Centro,Terreno,Florescer Parque Residencial,298000,0,0.0,0,420,0,0,0.0,0,2,3,6,2019,0,95335,-28.867638352103178,-51.611680950347164
Nova Prata,Serra Gaúcha,Centro,Comercial,—,284932,0,1.0,102,288,102,0,1.0,0,0,3,6,1998,2006,95328,-28.746152335563576,-51.63156494079401
Caxias do Sul,Serra Gaúcha,Sanvitto,Apartamento,—,882972,1,1.0,112,112,112,0,10.0,0,2,2,9,1993,2019,95017,-29.146732085710212,-51.13220832391761
Caxias do Sul,Serra Gaúcha,Sanvitto,Casa,—,1893521,3,2.5,244,383,177,67,2.0,0,4,3,5,2019,0,95015,-29.13974955162496,-51.20539098865574
Porto Alegre,Capital,Moinhos de Vento,Apartamento,—,1099977,3,1.0,155,155,155,0,8.0,0,0,4,8,2017,0,90019,-30.02773164398799,-51.24562510882211
Vila Flores,Serra Gaúcha,Centro,Terreno,Florescer Parque Residencial,270000,0,0.0,0,420,0,0,0.0,0,2,3,6,2022,0,95335,-28.856051281778065,-51.608333412770776
Veranópolis,Serra Gaúcha,São Pelegrino,Terreno,Solar Norte,165240,0,0.0,0,403,0,0,0.0,0,2,1,4,2001,0,95337,-28.91683484771364,-51.54745871899036
Caxias do Sul,Serra Gaúcha,São Pelegrino,Apartamento,—,596668,3,2.0,82,82,82,0,1.0,0,2,2,9,2002,0,95015,-29.13944107290345,-51.15876121201885
Porto Alegre,Capital,Centro Histórico,Casa,—,1292264,2,2.5,183,682,183,0,1.0,0,3,3,9,1998,0,90018,-30.052127230196284,-51.19434165732287
Nova Prata,Serra Gaúcha,Clivatti,Condomínio Residencial,—,728946,2,3.5,178,450,178,0,1.0,0,0,5,11,1989,0,95323,-28.794615375225785,-51.636647796577535
Bento Gonçalves,Serra Gaúcha,Fátima,Apartamento,—,470561,2,1.0,78,78,78,0,5.0,0,4,2,10,1970,0,95707,-29.178388982211736,-51.4748611745686
Garibaldi,Serra Gaúcha,Progresso,Casa,—,940727,3,2.0,182,613,182,0,2.0,0,2,4,5,2023,0,95728,-29.213623344040542,-51.54582583056314
Canela,Serra Gaúcha,São José,Apartamento,—,1507250,2,1.0,110,110,110,0,10.0,0,4,3,10,1975,0,95680,-29.343230011292505,-50.779083296589064
Nova Prata,Serra Gaúcha,Interior,Terreno,Roteiro das Águas,335249,0,0.0,0,2418,0,0,0.0,0,0,2,3,2001,0,95325,-28.832969626627243,-51.6335997635551
Nova Petrópolis,Serra Gaúcha,Linha Imperial,Apartamento,—,698815,1,2.0,155,155,155,0,3.0,1,4,2,10,2022,0,95153,-29.362768596568262,-51.14671335655556
Nova Petrópolis,Serra Gaúcha,Linha Imperial,Casa,—,1152934,2,1.0,264,750,264,0,1.0,1,2,2,7,1988,0,95151,-29.367755737981874,-51.143736628913125
Bento Gonçalves,Serra Gaúcha,Charqueadas,Apartamento,—,902001,1,2.0,138,138,138,0,7.0,0,1,4,9,1989,0,95705,-29.13289301445046,-51.496648677330946
Caxias do Sul,Serra Gaúcha,Santa Catarina,Casa,—,2188924,4,1.0,252,673,252,0,1.0,0,0,4,6,2015,2020,95010,-29.150813291240876,-51.17940013050578
Farroupilha,Serra Gaúcha,Desvio Rizzo,Apartamento,—,855487,2,1.0,169,169,169,0,4.0,0,3,5,10,1972,2012,95187,-29.23663502798995,-51.35138924186125
Vila Flores,Serra Gaúcha,Centro,Terreno,Florescer Parque Residencial,295000,0,0.0,0,420,0,0,0.0,0,2,3,6,2023,0,95335,-28.866655195807404,-51.59720870674234
Nova Prata,Serra Gaúcha,Santa Cruz,Apartamento,—,242774,2,2.0,71,71,71,0,7.0,0,0,4,8,1997,0,95328,-28.782590436607766,-51.651193855391696
Veranópolis,Serra Gaúcha,Medianeira,Casa,—,541051,4,1.5,183,528,183,0,2.0,0,0,3,6,2009,0,95335,-28.964720538307827,-51.56234949568996
Nova Prata,Serra Gaúcha,Centro,Casa,—,685367,3,1.5,193,435,193,0,1.0,0,4,2,10,1974,0,95329,-28.782419300962005,-51.56934922914717
Canela,Serra Gaúcha,São José,Apartamento,—,2164526,3,1.0,160,160,160,0,7.0,0,2,5,8,1992,0,95688,-29.373664292866483,-50.76341768265858
Garibaldi,Serra Gaúcha,Centro,Condomínio Residencial,—,753935,3,3.5,126,256,126,0,3.0,0,0,4,11,2016,0,95726,-29.22847994143472,-51.50337171653751
Vila Flores,Serra Gaúcha,Bairro Alto,Apartamento,—,105239,1,2.0,46,46,46,0,6.0,0,1,4,6,1970,2022,95336,-28.819376701948777,-51.624807071880795
Garibaldi,Serra Gaúcha,Centro,Apartamento,—,387828,1,2.0,81,81,81,0,2.0,0,1,4,9,1987,2021,95723,-29.241642988058384,-51.55389184444995
Porto Alegre,Capital,Três Figueiras,Comercial,—,1288673,0,2.0,216,274,216,0,1.0,0,1,2,5,1997,0,90011,-30.015380006914118,-51.25661581685728
Gramado,Serra Gaúcha,Centro,Apartamento,—,1387704,2,1.0,75,75,75,0,5.0,0,0,4,10,1971,2022,95679,-29.425771648709837,-50.91503705324378
Bento Gonçalves,Serra Gaúcha,Centro,Terreno,—,1636255,0,0.0,0,996,0,0,0.0,0,2,1,5,2006,0,95703,-29.20214032509244,-51.51148993025415
Gramado,Serra Gaúcha,Três Pinheiros,Casa,—,3501917,4,2.0,190,485,146,44,3.0,0,3,2,6,1993,2005,95678,-29.40144297565391,-50.88596936646178
Porto Alegre,Capital,Cristal,Comercial,—,1278317,0,2.0,179,310,179,0,1.0,0,0,2,8,1973,0,90013,-30.047261479848938,-51.17521651935222
Nova Petrópolis,Serra Gaúcha,Centro,Casa,—,1215508,3,2.5,255,419,255,0,1.0,0,3,2,8,1984,0,95153,-29.342620776405514,-51.082682001906555
Caxias do Sul,Serra Gaúcha,Exposição,Apartamento,—,1187171,1,1.0,159,159,159,0,7.0,0,2,3,9,1985,0,95018,-29.147528675800675,-51.15539086750015
Gramado,Serra Gaúcha,Morada da Serra,Casa,—,1706947,2,3.5,93,630,93,0,1.0,0,0,5,10,1971,0,95670,-29.350671607649645,-50.83234347412271
Canela,Serra Gaúcha,Industrial,Casa,—,3087495,4,1.5,231,592,204,27,2.0,0,2,5,9,2004,0,95688,-29.32299141401403,-50.84773143828835
Porto Alegre,Capital,Cidade Baixa,Apartamento,—,1069105,1,1.0,149,149,149,0,1.0,0,0,3,9,1978,2015,90013,-30.0008384116341,-51.2524478746438
Porto Alegre,Capital,Mont'Serrat,Apartamento,—,782893,1,2.0,113,113,113,0,7.0,0,3,4,7,1990,0,90015,-30.03309870885726,-51.26085237162777
Porto Alegre,Capital,Boa Vista,Casa,—,1820382,4,2.0,223,328,223,0,2.0,0,0,2,8,2004,2007,90017,-30.02154219502966,-51.21312436442402
Gramado,Serra Gaúcha,Três Pinheiros,Casa,—,3123027,2,3.5,145,731,66,79,2.0,0,0,3,6,2020,0,95674,-29.366630865564396,-50.874668066688535
Gramado,Serra Gaúcha,Três Pinheiros,Casa,—,6158749,2,2.0,297,870,297,0,1.0,0,3,3,5,2004,0,95678,-29.421025671011712,-50.887631652733866
Gramado,Serra Gaúcha,Várzea Grande,Casa,—,2092850,3,2.5,100,451,100,0,1.0,0,0,2,7,2012,0,95671,-29.381904405971266,-50.87849082433213
Vila Flores,Serra Gaúcha,Bairro Alto,Terreno,Residencial Horizontes,211700,0,0.0,0,527,0,0,0.0,0,2,3,4,2011,0,95343,-28.817611185766186,-51.63906736085029
Garibaldi,Serra Gaúcha,Santa Marta,Casa,—,713891,2,3.5,136,514,136,0,3.0,1,1,2,8,2005,2016,95720,-29.210820277738527,-51.56034021950753
Nova Prata,Serra Gaúcha,Frizon,Casa,—,400359,3,1.0,121,388,121,0,2.0,0,1,5,8,2003,2013,95323,-28.744947780178652,-51.61809339703201
Vila Flores,Serra Gaúcha,Centro,Terreno,Florescer Parque Residencial,440000,0,0.0,0,758,0,0,0.0,0,0,3,6,2024,0,95335,-28.866087148917572,-51.59396666593453
Bento Gonçalves,Serra Gaúcha,Planalto,Condomínio Residencial,—,1186936,4,2.0,150,618,150,0,1.0,0,0,3,9,1970,0,95701,-29.170604783261474,-51.4900322176866
Caxias do Sul,Serra Gaúcha,Exposição,Apartamento,—,1032988,1,2.0,131,131,131,0,1.0,0,4,2,8,2013,0,95018,-29.170549923888967,-51.22231682033627
Nova Prata,Serra Gaúcha,Frizon,Terreno,Lot. Frizon / Chiomento,123251,0,0.0,0,371,0,0,0.0,0,3,1,3,2021,0,95323,-28.814854632871178,-51.61398727238834
Farroupilha,Serra Gaúcha,Centro,Comercial,—,1283422,0,1.0,260,412,260,0,2.0,0,1,4,7,1993,2018,95186,-29.194957034398694,-51.38533471022214
Gramado,Serra Gaúcha,Centro,Casa,—,4041367,2,1.0,216,641,194,22,2.0,0,3,2,5,1993,0,95676,-29.370997339180096,-50.876943423266304
Nova Prata,Serra Gaúcha,Interior,Condomínio Residencial,—,1376407,3,2.0,309,682,309,0,2.0,0,0,5,10,1971,0,95321,-28.765400818485304,-51.646898256382045
Gramado,Serra Gaúcha,Várzea Grande,Condomínio Residencial,—,3788500,4,3.0,161,737,161,0,2.0,1,0,3,12,1978,0,95679,-29.368087078808543,-50.87959858680107
Porto Alegre,Capital,Bela Vista,Terreno,—,2073029,0,0.0,0,1150,0,0,0.0,0,3,3,6,1998,0,90017,-30.035930263442573,-51.1737957093174
Gramado,Serra Gaúcha,Mato Queimado,Comercial,—,3134989,0,1.0,198,225,198,0,1.0,0,1,4,7,1971,0,95673,-29.363766500125998,-50.915233302919574
Farroupilha,Serra Gaúcha,Centro,Terreno,—,1011219,0,0.0,0,729,0,0,0.0,0,1,1,3,1996,0,95183,-29.210293286500672,-51.34820327586446
Vila Flores,Serra Gaúcha,Centro,Terreno,Florescer Parque Residencial,300000,0,0.0,0,437,0,0,0.0,0,1,3,6,2025,0,95335,-28.871099134860337,-51.61447616053587
Vila Flores,Serra Gaúcha,Centro,Terreno,Florescer Parque Residencial,238000,0,0.0,0,415,0,0,0.0,0,1,3,6,2025,0,95335,-28.851438250066604,-51.59487875214193
Nova Prata,Serra Gaúcha,Santa Cruz,Casa,—,792948,3,2.0,224,604,224,0,1.0,0,2,5,5,1975,2014,95325,-28.792012174437644,-51.57705262460725
Nova Prata,Serra Gaúcha,Frizon,Terreno,Lot. Frizon / Chiomento,142597,0,0.0,0,377,0,0,0.0,0,1,1,4,2007,0,95327,-28.74458303406561,-51.59561410889434
Gramado,Serra Gaúcha,Centro,Casa,—,5602345,4,2.0,289,614,289,0,1.0,0,2,3,6,1972,0,95670,-29.363648079924737,-50.87654934433714
Caxias do Sul,Serra Gaúcha,Centro,Apartamento,—,1118008,2,1.0,135,135,135,0,1.0,0,0,2,10,1995,0,95012,-29.183785913035624,-51.19426521106113
Gramado,Serra Gaúcha,Morada da Serra,Condomínio Residencial,—,8745511,3,3.0,326,808,326,0,1.0,0,0,3,9,1994,0,95678,-29.42538240178156,-50.91034766586825
Veranópolis,Serra Gaúcha,Renovação,Casa,—,418064,2,1.0,125,487,125,0,2.0,0,2,4,5,2013,0,95334,-28.88847706377754,-51.57758362295985
Nova Prata,Serra Gaúcha,Santa Cruz,Comercial,—,142151,0,1.0,42,108,42,0,1.0,0,1,4,6,1982,0,95321,-28.826195547401916,-51.602069626609826
Porto Alegre,Capital,Mont'Serrat,Apartamento,—,1115155,1,2.0,160,160,160,0,8.0,0,4,2,6,2014,0,90016,-30.022402004866667,-51.225007162632465
Porto Alegre,Capital,Três Figueiras,Apartamento,—,1219339,2,1.0,151,151,151,0,3.0,0,4,5,6,2015,0,90019,-30.058763234522935,-51.18460201343072
Veranópolis,Serra Gaúcha,São Pelegrino,Terreno,Solar Norte,180995,0,0.0,0,421,0,0,0.0,0,1,2,3,1990,0,95338,-28.918046696403007,-51.560227322399996
Canela,Serra Gaúcha,Industrial,Comercial,—,2794206,0,2.0,267,270,267,0,3.0,0,0,2,5,1994,2003,95689,-29.319001416050217,-50.82242567513287
Bento Gonçalves,Serra Gaúcha,São Roque,Apartamento,—,1159240,3,1.0,172,172,172,0,5.0,0,1,3,8,2013,2020,95703,-29.13132825689877,-51.526054470168035
Gramado,Serra Gaúcha,Canavial,Apartamento,—,2129389,3,2.0,115,115,115,0,6.0,0,1,2,6,1984,0,95671,-29.424162749327053,-50.897440623508615
Bento Gonçalves,Serra Gaúcha,Charqueadas,Apartamento,—,312869,2,2.0,52,52,52,0,6.0,0,1,2,7,2014,0,95706,-29.175811996743203,-51.47023163267885
Bento Gonçalves,Serra Gaúcha,São Bento,Apartamento,—,915181,1,2.0,149,149,149,0,1.0,0,3,3,7,2023,0,95704,-29.182052689923882,-51.53948088867556
Garibaldi,Serra Gaúcha,Bela Vista,Apartamento,—,418424,3,2.0,80,80,80,0,7.0,0,0,3,6,2011,0,95724,-29.22790886692357,-51.517481261778656
Nova Prata,Serra Gaúcha,Centro,Casa,—,422842,2,3.0,112,196,112,0,1.0,0,2,2,9,1990,0,95329,-28.74874046065914,-51.56432076911871
Vila Flores,Serra Gaúcha,Bairro Alto,Casa,—,587983,4,2.0,226,623,226,0,3.0,0,1,2,10,1975,2012,95342,-28.880884847026458,-51.57168786961436
Porto Alegre,Capital,Bela Vista,Apartamento,—,632530,2,2.0,77,77,77,0,5.0,0,2,2,7,2017,2002,90019,-30.005805439136225,-51.227904644505095
Porto Alegre,Capital,Boa Vista,Apartamento,—,1243949,3,2.0,154,154,154,0,3.0,0,1,2,10,1972,0,90016,-30.06685474068024,-51.20612745595282
Porto Alegre,Capital,Cidade Baixa,Comercial,—,1889271,0,2.0,332,361,332,0,1.0,0,1,2,8,2014,0,90012,-29.995384140212664,-51.22112747862079
Gramado,Serra Gaúcha,Canavial,Condomínio Residencial,—,8102137,3,3.5,321,674,321,0,1.0,1,3,5,8,1998,2010,95671,-29.41005256969877,-50.891685892193664
Nova Prata,Serra Gaúcha,Interior,Terreno,Roteiro das Águas,343177,0,0.0,0,2466,0,0,0.0,0,3,1,6,2000,0,95326,-28.830831607519883,-51.607296649339595
Farroupilha,Serra Gaúcha,Centro,Casa,—,1208561,4,3.5,220,491,220,0,1.0,0,2,2,6,2002,0,95180,-29.181200509820425,-51.30401715200292
Vila Flores,Serra Gaúcha,Centro,Condomínio Residencial,—,909755,2,3.0,310,548,310,0,2.0,1,2,3,12,2023,2009,95338,-28.84263137604599,-51.6092169055938
Garibaldi,Serra Gaúcha,Santa Marta,Casa,—,460982,2,1.5,94,460,94,0,1.0,0,4,2,9,2012,2020,95728,-29.241403730555824,-51.50286338711547
Nova Prata,Serra Gaúcha,Frizon,Apartamento,—,362618,2,1.0,113,113,113,0,1.0,0,0,3,6,2016,0,95321,-28.77657548037465,-51.662374808745284
Farroupilha,Serra Gaúcha,Desvio Rizzo,Casa,—,1406930,2,1.0,261,764,261,0,3.0,0,2,2,7,1993,0,95183,-29.23045850210746,-51.38932492223357
Farroupilha,Serra Gaúcha,Cinquentenário,Apartamento,—,618351,2,2.0,113,113,113,0,6.0,0,4,5,9,2007,0,95184,-29.212247878467522,-51.395656506124105
Garibaldi,Serra Gaúcha,São João,Casa,—,1403235,4,3.0,269,754,269,0,2.0,0,2,5,5,2009,0,95721,-29.29716372663009,-51.57504370224926
Porto Alegre,Capital,Mont'Serrat,Apartamento,—,353638,1,1.0,46,46,46,0,5.0,0,2,2,8,1996,2016,90013,-30.07694946082571,-51.22978305869952
Farroupilha,Serra Gaúcha,Cinquentenário,Terreno,—,662062,0,0.0,0,492,0,0,0.0,0,2,3,4,2023,0,95181,-29.26626547417805,-51.38768355941972
Caxias do Sul,Serra Gaúcha,Sagrada Família,Apartamento,—,991586,2,1.0,137,137,137,0,3.0,0,0,2,8,2013,0,95012,-29.158203948272515,-51.16369814706714
Canela,Serra Gaúcha,Reserva da Serra,Apartamento,—,2630846,2,2.0,176,176,176,0,4.0,0,1,2,6,1995,0,95681,-29.328732162931853,-50.84679129885758
Vila Flores,Serra Gaúcha,Bairro Alto,Terreno,Residencial Horizontes,209044,0,0.0,0,473,0,0,0.0,0,0,1,6,1997,0,95336,-28.861371032013956,-51.642712239443235
Porto Alegre,Capital,Boa Vista,Casa,—,1484854,3,1.0,195,746,195,0,3.0,0,2,2,10,2014,0,90017,-30.012336776937754,-51.16783819920606
Gramado,Serra Gaúcha,Mato Queimado,Casa,—,2617544,4,2.0,136,496,136,0,1.0,0,4,2,6,2015,0,95672,-29.41270584297504,-50.862174965964385
Gramado,Serra Gaúcha,Várzea Grande,Casa,—,2729578,3,3.0,145,616,145,0,1.0,0,3,2,7,2011,2002,95671,-29.34658923771931,-50.88624933765258
Garibaldi,Serra Gaúcha,Centro,Casa,—,608544,4,3.0,120,555,120,0,2.0,0,2,2,7,2003,2019,95727,-29.283970884255194,-51.58219443938837
Gramado,Serra Gaúcha,Várzea Grande,Casa,—,4942712,4,3.5,264,407,264,0,1.0,0,4,5,6,2005,2016,95677,-29.348977707834095,-50.86585897469086
Nova Prata,Serra Gaúcha,Interior,Terreno,Condomínio fechado interior,225103,0,0.0,0,1557,0,0,0.0,0,2,2,3,2018,0,95322,-28.739799067041325,-51.63528193695242
Nova Prata,Serra Gaúcha,Interior,Apartamento,—,205020,2,2.0,58,58,58,0,6.0,0,1,2,8,2003,0,95322,-28.746431277823202,-51.564078185904556
Canela,Serra Gaúcha,Centro,Apartamento,—,2047373,3,2.0,154,154,154,0,1.0,0,3,4,7,2019,2016,95689,-29.36500503511166,-50.80559038586585
Bento Gonçalves,Serra Gaúcha,Charqueadas,Apartamento,—,353549,2,2.0,59,59,59,0,8.0,0,4,4,8,1988,0,95700,-29.162675985859664,-51.55717318246068
Nova Prata,Serra Gaúcha,Frizon,Terreno,Lot. Frizon / Chiomento,136267,0,0.0,0,375,0,0,0.0,0,2,1,3,2003,0,95328,-28.766620494541904,-51.5674780552722
Nova Prata,Serra Gaúcha,São Cristóvão,Terreno,Lot. Colinas do Caravaggio,166438,0,0.0,0,401,0,0,0.0,0,1,1,3,2016,0,95323,-28.825641432856013,-51.657072358136475
Garibaldi,Serra Gaúcha,Santa Marta,Comercial,—,611913,0,2.0,164,189,164,0,2.0,0,2,2,5,1994,2004,95724,-29.24214708699653,-51.58094451115906
Bento Gonçalves,Serra Gaúcha,São Roque,Terreno,—,1329067,0,0.0,0,964,0,0,0.0,0,0,2,4,1994,0,95707,-29.151280020784455,-51.46979447209732
Caxias do Sul,Serra Gaúcha,Santa Catarina,Apartamento,—,838732,2,1.0,110,110,110,0,3.0,0,4,5,7,2006,0,95013,-29.174737832208514,-51.20638660117072
Caxias do Sul,Serra Gaúcha,Centro,Condomínio Residencial,—,2073112,2,3.0,207,482,207,0,3.0,0,0,4,11,1972,0,95013,-29.149935439780343,-51.17156915480813
Nova Prata,Serra Gaúcha,Sagrada Família,Condomínio Residencial,—,1173983,3,3.5,256,586,256,0,2.0,0,4,3,8,1980,0,95324,-28.83131973895428,-51.63688874928356
Porto Alegre,Capital,Moinhos de Vento,Condomínio Residencial,—,2164437,3,2.0,229,361,229,0,3.0,0,2,3,10,2000,0,90010,-30.060689397776937,-51.24163818680785
Vila Flores,Serra Gaúcha,Linha Aimoré,Condomínio Residencial,—,420561,4,3.0,126,301,126,0,2.0,0,4,5,8,2021,0,95338,-28.854420440819215,-51.59682272212954
Veranópolis,Serra Gaúcha,Centro,Casa,—,605323,3,2.0,192,757,117,75,1.0,0,2,2,7,2022,0,95332,-28.919002306396802,-51.57448268997683
Gramado,Serra Gaúcha,Centro,Terreno,—,2298943,0,0.0,0,581,0,0,0.0,0,0,1,3,2015,0,95677,-29.349697675717024,-50.88593012244975
Canela,Serra Gaúcha,Fontes do Ipê,Terreno,—,1486946,0,0.0,0,497,0,0,0.0,0,2,1,5,2010,0,95684,-29.32383358742469,-50.796083352314085
Canela,Serra Gaúcha,Jardim,Condomínio Residencial,—,4178156,3,2.0,257,731,257,0,2.0,0,0,4,8,2008,2019,95689,-29.37194583493721,-50.86017165737361
Caxias do Sul,Serra Gaúcha,Centro,Casa,—,2316508,3,2.0,276,390,276,0,2.0,0,1,5,6,2013,0,95012,-29.204935680831653,-51.22245934917025
Farroupilha,Serra Gaúcha,Pio X,Casa,—,665307,3,3.0,114,417,93,21,3.0,0,2,2,6,1978,0,95183,-29.22992533962114,-51.30807143183903
Caxias do Sul,Serra Gaúcha,Marechal Floriano,Casa,—,1285363,3,1.0,167,439,167,0,1.0,0,4,4,7,2003,2015,95015,-29.20520792985136,-51.147533847635735
Nova Petrópolis,Serra Gaúcha,Vila Nova,Terreno,—,470475,0,0.0,0,401,0,0,0.0,0,3,1,3,2021,0,95150,-29.407212194090754,-51.0737533717656
Porto Alegre,Capital,Cristal,Casa,—,772869,2,3.5,94,554,94,0,2.0,0,4,3,10,1989,2002,90010,-30.065816564929815,-51.189751113866734
Porto Alegre,Capital,Três Figueiras,Apartamento,—,922523,2,1.0,134,134,134,0,1.0,0,3,2,6,2011,0,90010,-30.063390602532284,-51.16923101125666
Caxias do Sul,Serra Gaúcha,Santa Catarina,Casa,—,996723,3,2.5,113,607,61,52,2.0,0,0,3,7,2023,0,95014,-29.189879738731715,-51.18429147038415
Nova Prata,Serra Gaúcha,Interior,Condomínio Residencial,—,817406,2,3.0,195,462,195,0,2.0,0,4,3,9,1975,2006,95320,-28.80331063874686,-51.64911491128265
Veranópolis,Serra Gaúcha,Renovação,Casa,—,445730,4,1.5,147,308,147,0,1.0,0,3,3,9,2019,0,95332,-28.93542343254732,-51.51277397851017
Porto Alegre,Capital,Partenon,Apartamento,—,434255,3,2.0,56,56,56,0,4.0,0,2,4,6,2023,0,90015,-30.070805092686303,-51.21667513659065
Porto Alegre,Capital,Boa Vista,Apartamento,—,1314306,2,2.0,162,162,162,0,4.0,0,1,3,7,1988,2003,90013,-29.994987512719955,-51.22602298211054
Bento Gonçalves,Serra Gaúcha,Planalto,Condomínio Residencial,—,2478494,2,3.5,304,683,304,0,1.0,0,3,4,9,1976,0,95706,-29.184990083586644,-51.497995437685155
Bento Gonçalves,Serra Gaúcha,Charqueadas,Terreno,—,438324,0,0.0,0,317,0,0,0.0,0,1,2,6,2008,0,95702,-29.14475486577398,-51.559507570988565
Nova Petrópolis,Serra Gaúcha,Vila Nova,Comercial,—,1640328,0,1.0,383,409,383,0,1.0,0,1,4,8,1992,0,95154,-29.33721260716282,-51.162609274617665
Caxias do Sul,Serra Gaúcha,Sagrada Família,Terreno,—,1540642,0,0.0,0,886,0,0,0.0,0,3,1,3,1991,0,95019,-29.136171022975102,-51.17709239875114
Canela,Serra Gaúcha,São José,Casa,—,1680708,4,2.0,108,352,108,0,1.0,0,3,2,8,2011,0,95682,-29.394037722519045,-50.832179886636766
Farroupilha,Serra Gaúcha,Desvio Rizzo,Casa,—,1009004,4,1.0,167,700,167,0,1.0,0,1,3,8,1984,0,95186,-29.251893503343236,-51.35766558668343
Vila Flores,Serra Gaúcha,Centro,Terreno,Florescer Parque Residencial,310000,0,0.0,0,445,0,0,0.0,0,0,3,6,2018,0,95335,-28.865291003685535,-51.61468868857803
Gramado,Serra Gaúcha,Centro,Casa,—,5189129,4,2.0,239,341,239,0,1.0,0,0,5,5,1997,0,95673,-29.331095425421204,-50.87861231635243
Porto Alegre,Capital,Chácara das Pedras,Comercial,—,769250,0,2.0,141,257,141,0,2.0,0,1,5,5,2022,2000,90014,-30.018836145751578,-51.20909766392931
Porto Alegre,Capital,Cristal,Condomínio Residencial,—,1170654,2,2.0,130,724,130,0,2.0,0,4,4,11,2005,0,90014,-30.029264671677023,-51.19670812749287
Porto Alegre,Capital,Menino Deus,Terreno,—,922708,0,0.0,0,513,0,0,0.0,0,0,1,4,2013,0,90013,-30.007290528522212,-51.23118609795262
Gramado,Serra Gaúcha,Centro,Casa,—,1749116,2,3.0,82,459,82,0,1.0,0,2,3,8,1988,0,95671,-29.335209271186905,-50.86544678995921
Porto Alegre,Capital,Cristal,Comercial,—,416036,0,2.0,62,161,62,0,3.0,0,2,3,7,1999,2001,90016,-30.001202657996046,-51.16954133530683
Canela,Serra Gaúcha,Jardim,Comercial,—,2820444,0,2.0,211,331,211,0,3.0,0,2,3,7,2003,0,95683,-29.366611584557855,-50.830689399893274
Porto Alegre,Capital,Chácara das Pedras,Casa,—,549609,2,3.0,71,668,71,0,2.0,0,2,4,7,1990,0,90018,-30.027975720751563,-51.23494653452257
Caxias do Sul,Serra Gaúcha,Sagrada Família,Apartamento,—,886364,1,2.0,102,102,102,0,2.0,0,2,3,6,2011,0,95012,-29.120000147643825,-51.17443863627797
Porto Alegre,Capital,Três Figueiras,Apartamento,—,955267,1,2.0,141,141,141,0,3.0,0,1,3,8,1997,0,90012,-30.057170160836968,-51.24240046133075
Porto Alegre,Capital,Chácara das Pedras,Terreno,—,1747071,0,0.0,0,1127,0,0,0.0,0,1,2,6,2006,0,90012,-30.039917587837465,-51.21960703839429
Gramado,Serra Gaúcha,Canavial,Condomínio Residencial,—,6507025,2,3.0,240,695,240,0,3.0,0,3,5,9,1982,0,95673,-29.4148549841611,-50.89539480840375
Caxias do Sul,Serra Gaúcha,Marechal Floriano,Casa,—,1161311,2,3.0,151,253,151,0,2.0,0,3,3,7,1975,0,95012,-29.206339513145018,-51.216276250719055
Canela,Serra Gaúcha,Centro,Casa,—,2450398,4,3.5,165,721,165,0,2.0,0,2,2,8,2000,2013,95687,-29.345691314266336,-50.823166611579346
Caxias do Sul,Serra Gaúcha,Exposição,Apartamento,—,497554,3,1.0,68,68,68,0,12.0,0,0,3,7,1991,2012,95013,-29.203960957135035,-51.156347220442704
Canela,Serra Gaúcha,Centro,Apartamento,—,1489494,3,1.0,115,115,115,0,4.0,0,1,3,10,1997,2010,95680,-29.33074222506084,-50.838307234941084
Vila Flores,Serra Gaúcha,Linha Aimoré,Terreno,Linha Aimoré,190271,0,0.0,0,864,0,0,0.0,0,3,3,3,1992,0,95339,-28.903680183480493,-51.5657702355786
Veranópolis,Serra Gaúcha,São Pelegrino,Apartamento,—,537565,1,2.0,164,164,164,0,1.0,0,1,5,7,2009,2022,95338,-28.903932087111944,-51.589197755604275
Caxias do Sul,Serra Gaúcha,Exposição,Apartamento,—,1273676,3,2.0,156,156,156,0,2.0,0,0,2,8,1977,0,95011,-29.148258658439172,-51.22657372988236
Nova Petrópolis,Serra Gaúcha,Vila Nova,Casa,—,636008,3,3.0,148,303,148,0,1.0,0,1,5,6,1993,0,95153,-29.410632545391888,-51.08003393377886
Bento Gonçalves,Serra Gaúcha,Fátima,Apartamento,—,1205635,3,1.0,179,179,179,0,3.0,0,3,5,6,1982,0,95703,-29.128421472020083,-51.548484273376296
Caxias do Sul,Serra Gaúcha,Centro,Condomínio Residencial,—,1437121,4,3.5,141,683,141,0,2.0,0,2,4,8,2015,0,95014,-29.13838454818858,-51.20695289140174
Caxias do Sul,Serra Gaúcha,Santa Catarina,Condomínio Residencial,—,1680469,2,2.0,173,489,173,0,3.0,0,3,5,8,2016,0,95011,-29.13732928999958,-51.22343498681372
Caxias do Sul,Serra Gaúcha,Sanvitto,Casa,—,1813575,2,2.0,215,406,215,0,2.0,0,1,2,6,2012,0,95016,-29.19755845660782,-51.190114084814304
Gramado,Serra Gaúcha,Centro,Terreno,—,4947663,0,0.0,0,951,0,0,0.0,0,0,3,5,2023,0,95676,-29.39813715145759,-50.89618748558335
Gramado,Serra Gaúcha,Morada da Serra,Casa,—,2761722,2,1.5,138,457,138,0,1.0,0,3,5,6,1991,0,95673,-29.34876105661573,-50.876974255360864
Caxias do Sul,Serra Gaúcha,Centro,Condomínio Residencial,—,1222410,4,2.0,128,579,128,0,1.0,0,1,4,9,1980,0,95011,-29.183352229650858,-51.134635646051905
Bento Gonçalves,Serra Gaúcha,São Bento,Condomínio Residencial,—,1031618,2,3.5,136,650,136,0,3.0,0,0,3,11,2004,2002,95703,-29.140232185799,-51.54261143373408
Nova Petrópolis,Serra Gaúcha,Recanto Suíço,Apartamento,—,586291,1,1.0,120,120,120,0,4.0,0,3,3,7,2019,0,95152,-29.33970485148108,-51.07725684250472
Vila Flores,Serra Gaúcha,Centro,Terreno,Clube Residencial Paraíso,257756,0,0.0,0,1106,0,0,0.0,0,3,2,5,2017,0,95336,-28.907985056612233,-51.60799169671221
Farroupilha,Serra Gaúcha,São Caetano,Apartamento,—,350302,2,1.0,63,63,63,0,1.0,0,4,5,8,2019,0,95188,-29.249116079916025,-51.340212449680465
Veranópolis,Serra Gaúcha,Femaçã,Terreno,Morada do Bosque,320552,0,0.0,0,385,0,0,0.0,0,1,1,4,2017,0,95335,-28.983158676803814,-51.588739891570356
Vila Flores,Serra Gaúcha,Linha Aimoré,Casa,—,666310,3,2.0,251,454,251,0,2.0,1,3,4,9,1997,0,95344,-28.894635148597995,-51.64952413323716
Porto Alegre,Capital,Bela Vista,Terreno,—,1414446,0,0.0,0,852,0,0,0.0,0,1,2,5,1999,0,90018,-29.989917643298817,-51.25314773183588
Veranópolis,Serra Gaúcha,Centro,Casa,—,706047,2,1.0,232,408,232,0,1.0,1,1,4,9,1980,2008,95334,-28.923656858536773,-51.595910713751934
Porto Alegre,Capital,Cristal,Apartamento,—,1139121,3,1.0,156,156,156,0,1.0,0,4,3,8,2015,0,90017,-30.036719340227847,-51.217665067188605
Canela,Serra Gaúcha,Industrial,Casa,—,3889828,4,2.5,246,618,246,0,2.0,0,2,2,9,2001,0,95681,-29.324519159796615,-50.76744751386159
Porto Alegre,Capital,Bela Vista,Condomínio Residencial,—,1659368,3,3.0,164,314,164,0,3.0,0,4,4,12,2010,0,90011,-30.003609766945704,-51.25635121349487
Bento Gonçalves,Serra Gaúcha,Fátima,Apartamento,—,890673,2,2.0,132,132,132,0,4.0,0,3,3,9,1993,0,95706,-29.19468553078002,-51.51788209481838
Farroupilha,Serra Gaúcha,São Caetano,Condomínio Residencial,—,2149414,2,3.0,312,644,312,0,2.0,0,3,5,8,1988,0,95183,-29.239136438485463,-51.363990575932405
Porto Alegre,Capital,Mont'Serrat,Apartamento,—,714225,1,2.0,89,89,89,0,5.0,0,4,5,6,1976,0,90013,-30.07406895325354,-51.175694108766464
Canela,Serra Gaúcha,Industrial,Terreno,—,2905299,0,0.0,0,991,0,0,0.0,0,2,3,4,1998,0,95686,-29.326302030176592,-50.781619810857414
Farroupilha,Serra Gaúcha,Cinquentenário,Casa,—,1511412,3,1.0,279,684,223,56,3.0,0,2,2,7,2018,2012,95186,-29.226065593953034,-51.31646956137947
Canela,Serra Gaúcha,Fontes do Ipê,Condomínio Residencial,—,3012239,3,2.0,164,751,164,0,1.0,0,4,3,10,2017,0,95681,-29.3845219346575,-50.76527991356419
Gramado,Serra Gaúcha,Mato Queimado,Condomínio Residencial,—,5505855,3,3.5,203,507,203,0,1.0,0,0,3,9,1982,0,95671,-29.41732958326906,-50.88709374098435
Caxias do Sul,Serra Gaúcha,Centro,Casa,—,2058273,3,2.0,237,412,237,0,2.0,0,2,5,7,1977,0,95010,-29.19185243786668,-51.18812314507579
Vila Flores,Serra Gaúcha,Linha Aimoré,Terreno,Linha Aimoré,149458,0,0.0,0,802,0,0,0.0,0,1,2,6,2013,0,95343,-28.840734286170083,-51.580026653945005
Gramado,Serra Gaúcha,Três Pinheiros,Terreno,—,3066607,0,0.0,0,768,0,0,0.0,0,1,1,4,1996,0,95678,-29.339586969392997,-50.860843274823296
Porto Alegre,Capital,Três Figueiras,Apartamento,—,398520,3,1.0,51,51,51,0,12.0,0,4,4,10,1991,0,90014,-30.047840730895366,-51.17624648308455
Bento Gonçalves,Serra Gaúcha,São Roque,Apartamento,—,701010,2,2.0,114,114,114,0,3.0,0,1,5,6,1971,2020,95707,-29.18648537670133,-51.50263299104044
Bento Gonçalves,Serra Gaúcha,Centro,Casa,—,742893,3,1.0,118,451,118,0,1.0,0,4,2,7,1993,2018,95701,-29.158645747119877,-51.480300979453325
Garibaldi,Serra Gaúcha,Progresso,Comercial,—,785570,0,1.0,204,233,204,0,1.0,0,0,5,6,2017,2014,95725,-29.250099611608576,-51.5297159439208
Caxias do Sul,Serra Gaúcha,Marechal Floriano,Terreno,—,1381517,0,0.0,0,837,0,0,0.0,0,3,3,5,2011,0,95012,-29.172672967009504,-51.20980057278596
Nova Prata,Serra Gaúcha,Clivatti,Casa,—,393025,3,2.0,114,500,114,0,2.0,0,2,4,8,1971,2003,95328,-28.81123833844555,-51.59556439999047
Vila Flores,Serra Gaúcha,Bairro Alto,Terreno,Residencial Horizontes,213391,0,0.0,0,515,0,0,0.0,0,3,3,4,2007,0,95343,-28.867676354695252,-51.56079560493596
Porto Alegre,Capital,Mont'Serrat,Terreno,—,1169072,0,0.0,0,629,0,0,0.0,0,2,2,3,2006,0,90010,-30.05928439468653,-51.2097014684439
Gramado,Serra Gaúcha,Mato Queimado,Casa,—,1574372,2,2.0,84,263,84,0,2.0,0,0,5,9,2007,0,95670,-29.35279784270185,-50.84179417590343
Canela,Serra Gaúcha,Centro,Casa,—,1087023,4,2.5,80,663,80,0,1.0,0,1,2,7,2017,0,95682,-29.371195280117284,-50.772726858203605
Nova Prata,Serra Gaúcha,Frizon,Terreno,Lot. Frizon / Chiomento,125404,0,0.0,0,379,0,0,0.0,0,1,2,5,2013,0,95329,-28.79849171689627,-51.61642841341803
Bento Gonçalves,Serra Gaúcha,Charqueadas,Apartamento,—,846847,3,2.0,124,124,124,0,3.0,0,3,4,7,2004,0,95703,-29.13405383784521,-51.53205170394476
Caxias do Sul,Serra Gaúcha,Santa Catarina,Casa,—,1789415,3,3.5,207,578,207,0,1.0,0,0,5,5,2000,0,95010,-29.12094335820215,-51.15518437973749
Nova Prata,Serra Gaúcha,São Cristóvão,Apartamento,—,464450,1,1.0,141,141,141,0,3.0,0,1,5,7,1985,2012,95323,-28.739531070935243,-51.612903078291374
Caxias do Sul,Serra Gaúcha,Santa Catarina,Comercial,—,989386,0,2.0,133,217,133,0,3.0,0,1,5,8,1997,0,95014,-29.13794811503618,-51.22922753557437
Porto Alegre,Capital,Chácara das Pedras,Terreno,—,866116,0,0.0,0,530,0,0,0.0,0,2,1,5,1991,0,90013,-30.071688717370296,-51.24696823307668
Caxias do Sul,Serra Gaúcha,Exposição,Apartamento,—,397834,1,1.0,47,47,47,0,5.0,0,1,3,9,1988,2000,95017,-29.13921279833182,-51.13397105621311
Garibaldi,Serra Gaúcha,São João,Casa,—,862463,4,2.0,167,594,167,0,1.0,0,0,4,10,2007,0,95720,-29.210418606593596,-51.550455558693436
Bento Gonçalves,Serra Gaúcha,São Bento,Terreno,—,1550790,0,0.0,0,1148,0,0,0.0,0,1,1,6,2020,0,95708,-29.157380023538504,-51.51495239472671
Caxias do Sul,Serra Gaúcha,Exposição,Terreno,—,1030387,0,0.0,0,623,0,0,0.0,0,1,1,3,2006,0,95014,-29.150330056206652,-51.192688741074384
Canela,Serra Gaúcha,Jardim,Condomínio Residencial,—,4427660,4,3.5,257,707,257,0,1.0,0,4,4,8,1993,2016,95686,-29.36200918878185,-50.840812116515046
Bento Gonçalves,Serra Gaúcha,São Bento,Apartamento,—,995634,1,1.0,165,165,165,0,8.0,0,3,2,8,1971,2014,95700,-29.13810891885604,-51.55667008719059
Caxias do Sul,Serra Gaúcha,Marechal Floriano,Apartamento,—,734931,1,2.0,92,92,92,0,1.0,1,4,2,7,1992,0,95016,-29.130430459953054,-51.15596542584186
Vila Flores,Serra Gaúcha,Centro,Terreno,Florescer Parque Residencial,255000,0,0.0,0,420,0,0,0.0,0,2,3,6,2020,0,95335,-28.870490218588596,-51.59193377358011
Garibaldi,Serra Gaúcha,São João,Condomínio Residencial,—,1396543,2,3.5,236,467,236,0,1.0,0,4,3,10,2021,0,95723,-29.266871530889883,-51.498573972468094
Caxias do Sul,Serra Gaúcha,Exposição,Casa,—,1756853,2,2.5,224,507,224,0,2.0,0,4,5,7,2007,2014,95015,-29.183842751597766,-51.154785822009096
Vila Flores,Serra Gaúcha,Linha Aimoré,Apartamento,—,379902,2,2.0,143,143,143,0,1.0,0,3,2,8,1970,0,95336,-28.846114171193406,-51.63378279765998
Canela,Serra Gaúcha,São José,Casa,—,3817534,2,2.0,271,735,271,0,2.0,0,4,5,7,1991,2007,95682,-29.359886721136537,-50.81971519988653
Nova Prata,Serra Gaúcha,Sagrada Família,Apartamento,—,502365,3,2.0,153,153,153,0,5.0,0,1,3,10,1982,0,95321,-28.753861567508736,-51.63373240398649
Porto Alegre,Capital,Boa Vista,Terreno,—,1288177,0,0.0,0,794,0,0,0.0,0,3,2,6,1996,0,90015,-30.077042209636556,-51.21410254498874
Vila Flores,Serra Gaúcha,Centro,Casa,—,525300,3,3.0,204,375,204,0,1.0,0,4,3,7,1977,0,95338,-28.87250524642219,-51.60527942964498
Gramado,Serra Gaúcha,Mato Queimado,Casa,—,5969121,2,1.0,279,749,279,0,1.0,0,4,3,9,1973,0,95679,-29.36460015766592,-50.839382772339334
Porto Alegre,Capital,Menino Deus,Casa,—,1003911,3,1.0,145,388,145,0,1.0,0,4,3,7,1977,0,90010,-30.011119367424985,-51.19786047195783
Caxias do Sul,Serra Gaúcha,Marechal Floriano,Casa,—,746094,2,3.5,88,561,88,0,2.0,0,3,3,9,1985,0,95010,-29.130738460568157,-51.20608064927042
Vila Flores,Serra Gaúcha,Centro,Apartamento,—,210309,1,1.0,87,87,87,0,3.0,0,2,3,6,1970,0,95342,-28.868780569184793,-51.631699597770876
Caxias do Sul,Serra Gaúcha,Desvio Rizzo,Terreno,—,1303077,0,0.0,0,758,0,0,0.0,0,0,2,4,1995,0,95019,-29.200640200875284,-51.22324730961874
Canela,Serra Gaúcha,Fontes do Ipê,Apartamento,—,1421637,1,2.0,103,103,103,0,5.0,0,3,4,7,2017,2008,95689,-29.34983355894535,-50.82886993563334
Caxias do Sul,Serra Gaúcha,São Pelegrino,Comercial,—,2553189,0,1.0,367,514,367,0,1.0,0,2,3,5,1972,0,95019,-29.132347827250197,-51.16115661274588
Veranópolis,Serra Gaúcha,Renovação,Casa,—,508065,3,2.0,171,488,171,0,1.0,0,0,3,5,2004,0,95335,-28.916017330665863,-51.5752658153924
Porto Alegre,Capital,Petrópolis,Apartamento,—,420752,3,1.0,56,56,56,0,5.0,0,4,3,9,1995,2006,90014,-30.02181613477036,-51.214908399712705
Veranópolis,Serra Gaúcha,Centro,Casa,—,692322,3,3.0,216,348,216,0,1.0,1,2,2,7,2001,2014,95332,-28.926696535364396,-51.55629831468371
Caxias do Sul,Serra Gaúcha,Centro,Casa,—,902301,2,1.0,102,426,80,22,1.0,0,4,5,8,1978,2002,95015,-29.19081243573832,-51.21090621443887
Porto Alegre,Capital,Centro Histórico,Casa,—,2074037,3,1.0,267,428,267,0,2.0,0,0,3,10,2011,0,90014,-30.012589318200245,-51.252334256314086
Farroupilha,Serra Gaúcha,Pio X,Condomínio Residencial,—,2008996,3,2.0,284,674,284,0,3.0,0,0,3,9,1982,2003,95181,-29.267004471764604,-51.34598734523197
Canela,Serra Gaúcha,Jardim,Apartamento,—,1934078,3,2.0,128,128,128,0,1.0,0,2,4,7,2009,0,95680,-29.341961046469613,-50.83946333675049
Garibaldi,Serra Gaúcha,Progresso,Apartamento,—,681247,1,2.0,132,132,132,0,2.0,0,2,3,9,1996,0,95721,-29.228590880746193,-51.53799700391073
Caxias do Sul,Serra Gaúcha,Sanvitto,Terreno,—,1448487,0,0.0,0,860,0,0,0.0,0,2,3,4,1996,0,95010,-29.143814219673114,-51.21568216645102
Porto Alegre,Capital,Bela Vista,Casa,—,1360880,3,1.5,167,669,167,0,2.0,0,3,3,6,2005,2017,90013,-29.990763577346208,-51.22255474038569
Vila Flores,Serra Gaúcha,Linha Aimoré,Terreno,Linha Aimoré,166544,0,0.0,0,844,0,0,0.0,0,0,2,5,2004,0,95335,-28.836528082538372,-51.636621059833075
Caxias do Sul,Serra Gaúcha,Centro,Terreno,—,807025,0,0.0,0,493,0,0,0.0,0,2,2,4,2021,0,95017,-29.12169307070751,-51.15743522149856
Canela,Serra Gaúcha,Jardim,Casa,—,2367373,4,2.0,160,465,160,0,3.0,0,4,4,5,2019,2012,95689,-29.37419871678562,-50.81964215700418
Nova Prata,Serra Gaúcha,Centro,Casa,—,643894,2,2.0,185,760,185,0,2.0,0,3,3,8,2019,0,95329,-28.792655774658694,-51.60393598196322
Gramado,Serra Gaúcha,Centro,Casa,—,2220639,4,3.0,121,665,67,54,2.0,0,0,3,5,1993,0,95670,-29.363674239353415,-50.84378726825838
Canela,Serra Gaúcha,São José,Casa,—,2869407,4,3.5,214,346,139,75,1.0,0,0,4,6,1971,0,95683,-29.377500895458436,-50.85008377293543
Garibaldi,Serra Gaúcha,São João,Comercial,—,1516802,0,2.0,347,539,347,0,3.0,0,1,4,5,1982,2018,95726,-29.283627761397092,-51.55565055091236
Veranópolis,Serra Gaúcha,Femaçã,Terreno,Morada do Bosque,421817,0,0.0,0,491,0,0,0.0,0,1,3,6,1994,0,95336,-28.916105014961914,-51.54247167450328
Caxias do Sul,Serra Gaúcha,Santa Catarina,Apartamento,—,619970,2,2.0,82,82,82,0,2.0,0,3,5,7,2016,0,95015,-29.21388041088167,-51.137886955076894
Vila Flores,Serra Gaúcha,Centro,Terreno,Florescer Parque Residencial,540000,0,0.0,0,797,0,0,0.0,0,2,3,6,2023,0,95335,-28.8715837286708,-51.60233509330904
Veranópolis,Serra Gaúcha,Interior,Comercial,—,116803,0,2.0,50,152,50,0,2.0,0,0,2,5,1978,0,95335,-28.979829837685212,-51.572359374558715
Nova Petrópolis,Serra Gaúcha,Linha Imperial,Casa,—,1245641,2,2.0,254,499,254,0,1.0,0,3,5,7,2013,0,95157,-29.389263945388176,-51.101756379227794
Caxias do Sul,Serra Gaúcha,Sanvitto,Condomínio Residencial,—,3380339,2,3.0,330,602,330,0,2.0,0,3,4,10,2017,0,95017,-29.194516735782194,-51.19989217909062
Bento Gonçalves,Serra Gaúcha,Planalto,Condomínio Residencial,—,1005060,4,3.5,123,692,123,0,1.0,0,4,3,8,1993,0,95707,-29.169307025760876,-51.52870558825797
Caxias do Sul,Serra Gaúcha,Desvio Rizzo,Apartamento,—,1079903,3,2.0,129,129,129,0,4.0,0,3,4,10,2010,2023,95013,-29.17857460041741,-51.154600018602004
Porto Alegre,Capital,Centro Histórico,Apartamento,—,674403,2,1.0,83,83,83,0,4.0,0,0,5,6,1986,2010,90018,-30.000147769851182,-51.18801512633092
Garibaldi,Serra Gaúcha,São João,Terreno,—,970465,0,0.0,0,776,0,0,0.0,0,0,1,6,2001,0,95728,-29.29460773630993,-51.547382763471845
Porto Alegre,Capital,Chácara das Pedras,Apartamento,—,942591,2,1.0,129,129,129,0,1.0,0,1,4,7,2019,2003,90015,-30.033377218751138,-51.17762265970853
Veranópolis,Serra Gaúcha,São Pelegrino,Apartamento,—,296387,2,2.0,99,99,99,0,4.0,0,1,4,7,1994,2001,95332,-28.974889070411496,-51.54789037854132
Gramado,Serra Gaúcha,Mato Queimado,Terreno,—,4671112,0,0.0,0,963,0,0,0.0,0,3,2,3,2007,0,95677,-29.3824397412807,-50.89171840310756
Vila Flores,Serra Gaúcha,Linha Aimoré,Apartamento,—,445167,3,1.0,176,176,176,0,10.0,0,0,3,7,1970,0,95342,-28.84736828846597,-51.574894311565004
Veranópolis,Serra Gaúcha,São Pelegrino,Casa,—,771924,3,2.0,232,566,232,0,1.0,0,3,2,7,1981,0,95334,-28.933473557853407,-51.51340593301851
Porto Alegre,Capital,Bela Vista,Casa,—,2282587,3,2.0,284,405,238,46,3.0,0,1,5,10,1991,0,90016,-30.05209445225376,-51.22776971765035
Canela,Serra Gaúcha,Jardim,Comercial,—,1089010,0,2.0,103,169,103,0,1.0,0,2,2,8,1970,0,95682,-29.3745640129644,-50.80335002940899
Gramado,Serra Gaúcha,Morada da Serra,Terreno,—,4228382,0,0.0,0,837,0,0,0.0,0,3,1,4,2002,0,95672,-29.382507771388997,-50.83184315996857
Canela,Serra Gaúcha,Jardim,Condomínio Residencial,—,6719683,2,2.5,348,823,348,0,1.0,0,0,5,12,2017,2023,95685,-29.394532480287488,-50.79428706899972
Veranópolis,Serra Gaúcha,Medianeira,Condomínio Residencial,—,641713,2,2.0,162,289,162,0,2.0,0,1,4,10,1978,2013,95337,-28.986214237967946,-51.520058339890554
Caxias do Sul,Serra Gaúcha,Exposição,Apartamento,—,937916,2,1.0,127,127,127,0,4.0,0,1,3,7,1977,0,95018,-29.2031897815398,-51.18701255971221
Nova Petrópolis,Serra Gaúcha,Vila Nova,Casa,—,348790,4,1.5,83,274,83,0,1.0,0,0,3,5,1979,0,95157,-29.34789623240683,-51.09642069468028
Nova Petrópolis,Serra Gaúcha,Vila Nova,Casa,—,704130,4,2.5,145,296,107,38,1.0,0,2,3,9,1992,0,95158,-29.34650690029082,-51.14055137152495
Farroupilha,Serra Gaúcha,Pio X,Condomínio Residencial,—,2007100,3,3.0,267,651,249,18,2.0,0,3,5,12,1991,0,95187,-29.231891221734102,-51.36021991254014
Canela,Serra Gaúcha,Reserva da Serra,Apartamento,—,2149659,2,1.0,145,145,145,0,7.0,0,2,4,7,2013,0,95688,-29.344751864388808,-50.83487095684031
Farroupilha,Serra Gaúcha,Desvio Rizzo,Apartamento,—,361768,2,1.0,68,68,68,0,3.0,0,0,5,7,1999,2010,95185,-29.24766798787882,-51.371403887505764
Gramado,Serra Gaúcha,Canavial,Casa,—,2688543,2,3.0,124,496,124,0,2.0,0,3,4,7,1981,2013,95675,-29.329492222754762,-50.92223556901731
Nova Prata,Serra Gaúcha,Clivatti,Casa,—,376092,2,2.0,99,429,73,26,3.0,0,2,3,5,1984,0,95323,-28.771481411267267,-51.633079237774254
Nova Petrópolis,Serra Gaúcha,Linha Imperial,Apartamento,—,805382,3,1.0,168,168,168,0,4.0,1,4,3,9,1973,0,95158,-29.342383050086074,-51.16154062294371
Gramado,Serra Gaúcha,Morada da Serra,Casa,—,1807424,4,3.0,94,654,94,0,3.0,0,4,5,10,2014,0,95678,-29.406704596043905,-50.880978470584274
Farroupilha,Serra Gaúcha,Pio X,Casa,—,1113583,2,3.0,205,751,205,0,1.0,0,0,2,10,1971,0,95187,-29.209971037962717,-51.327397936115865
Gramado,Serra Gaúcha,Mato Queimado,Casa,—,2257362,4,3.0,118,306,118,0,1.0,0,0,4,7,2000,0,95674,-29.3427185582184,-50.8618747581432
Porto Alegre,Capital,Chácara das Pedras,Apartamento,—,501734,2,1.0,70,70,70,0,6.0,0,0,3,6,1992,0,90018,-30.01250565176209,-51.167922707990094
Veranópolis,Serra Gaúcha,Femaçã,Terreno,Morada do Bosque,383022,0,0.0,0,448,0,0,0.0,0,2,1,6,2017,0,95332,-28.93886640154992,-51.59601622052377
Vila Flores,Serra Gaúcha,Centro,Casa,—,698952,2,1.0,280,379,280,0,1.0,1,4,2,9,1982,2017,95337,-28.893275250552115,-51.601252575528754
Gramado,Serra Gaúcha,Várzea Grande,Terreno,—,3620130,0,0.0,0,843,0,0,0.0,0,3,3,6,2002,0,95678,-29.389437011184995,-50.89418675114003
Vila Flores,Serra Gaúcha,Linha Aimoré,Comercial,—,387077,0,1.0,169,313,169,0,2.0,0,1,2,5,2008,2003,95344,-28.90499668169762,-51.554323838095726
Porto Alegre,Capital,Bela Vista,Apartamento,—,1244820,2,2.0,169,169,169,0,7.0,0,3,5,7,2004,0,90013,-30.056646301294595,-51.2641133425314
Porto Alegre,Capital,Menino Deus,Apartamento,—,739702,3,2.0,105,105,105,0,6.0,0,1,3,8,1971,2020,90012,-29.998656097554054,-51.21475820029669
Nova Petrópolis,Serra Gaúcha,Recanto Suíço,Terreno,—,568026,0,0.0,0,604,0,0,0.0,0,3,3,4,1996,0,95153,-29.35174357917891,-51.13663921393151
Nova Prata,Serra Gaúcha,Santa Cruz,Condomínio Residencial,—,1361713,3,2.5,314,796,314,0,2.0,0,1,3,9,2001,2022,95322,-28.818949178422717,-51.58246901021466
Gramado,Serra Gaúcha,Várzea Grande,Condomínio Residencial,—,5422504,2,2.5,196,335,196,0,2.0,0,2,5,10,1983,0,95670,-29.405432773453843,-50.886774986559935
Gramado,Serra Gaúcha,Várzea Grande,Apartamento,—,1012580,1,2.0,54,54,54,0,7.0,0,0,5,9,1980,0,95672,-29.349293955237414,-50.835339510860955
Caxias do Sul,Serra Gaúcha,Desvio Rizzo,Comercial,—,681682,0,1.0,113,188,113,0,1.0,0,0,2,6,1985,0,95013,-29.207143202980923,-51.18103957482459
Garibaldi,Serra Gaúcha,Progresso,Comercial,—,1438083,0,2.0,357,511,357,0,1.0,0,1,2,7,1997,0,95722,-29.277918918295896,-51.48656520423087
Nova Petrópolis,Serra Gaúcha,Centro,Casa,—,1217951,3,3.0,271,619,271,0,1.0,0,3,3,9,2022,0,95154,-29.381384159409123,-51.150555748106385
Gramado,Serra Gaúcha,Várzea Grande,Comercial,—,4569808,0,1.0,310,505,310,0,1.0,0,2,4,6,1970,0,95670,-29.426727654429595,-50.84122078868639
Gramado,Serra Gaúcha,Canavial,Casa,—,2080639,4,2.0,106,540,106,0,2.0,0,1,2,10,1985,0,95679,-29.38198665630279,-50.8610187734956
Canela,Serra Gaúcha,Reserva da Serra,Condomínio Residencial,—,3719352,4,2.5,229,749,229,0,2.0,0,1,3,10,1974,0,95689,-29.35025673983342,-50.80291085743227
Gramado,Serra Gaúcha,Centro,Terreno,—,4224392,0,0.0,0,872,0,0,0.0,0,3,2,6,2007,0,95671,-29.367589058100588,-50.92468752665231
Nova Prata,Serra Gaúcha,Santa Cruz,Apartamento,—,415513,1,2.0,112,112,112,0,5.0,0,4,5,6,1995,0,95321,-28.76528075001741,-51.60185894040562
Gramado,Serra Gaúcha,Centro,Casa,—,1644320,2,1.0,86,648,86,0,1.0,0,4,3,7,2019,0,95673,-29.394999225939713,-50.89330761164693
Nova Petrópolis,Serra Gaúcha,Recanto Suíço,Condomínio Residencial,—,1165763,4,3.0,204,680,204,0,2.0,0,0,5,9,2012,0,95155,-29.327513245279352,-51.06960886777429
Canela,Serra Gaúcha,Jardim,Comercial,—,1820242,0,1.0,137,243,137,0,1.0,0,0,2,5,2018,0,95681,-29.369436286194,-50.84584632738825
Porto Alegre,Capital,Chácara das Pedras,Casa,—,580032,4,3.0,78,333,78,0,1.0,0,3,5,5,1992,2021,90017,-30.049684717305162,-51.19715196473552
Nova Prata,Serra Gaúcha,Santa Cruz,Casa,—,502994,2,2.5,129,597,129,0,1.0,0,1,3,10,2005,0,95324,-28.7558716489183,-51.65213440963164
Porto Alegre,Capital,Moinhos de Vento,Apartamento,—,1260758,2,1.0,159,159,159,0,10.0,0,3,5,7,2014,0,90016,-30.071351973156084,-51.17282430603133
Vila Flores,Serra Gaúcha,Linha Aimoré,Terreno,Linha Aimoré,159909,0,0.0,0,756,0,0,0.0,0,0,1,6,2014,0,95341,-28.89792806201571,-51.56716189166035
Nova Prata,Serra Gaúcha,Clivatti,Condomínio Residencial,—,1323711,2,3.5,298,775,298,0,2.0,0,4,5,8,2007,0,95320,-28.782087481813925,-51.65263522594319
Veranópolis,Serra Gaúcha,Femaçã,Terreno,Cond. Jardim Europa,521717,0,0.0,0,1491,0,0,0.0,0,3,1,5,2015,0,95334,-28.98102487328186,-51.528660758274285
Gramado,Serra Gaúcha,Morada da Serra,Condomínio Residencial,—,6500371,4,3.5,233,536,233,0,1.0,0,0,3,11,2006,0,95678,-29.39746520573701,-50.885933836599065
Caxias do Sul,Serra Gaúcha,Sagrada Família,Terreno,—,584530,0,0.0,0,304,0,0,0.0,0,1,3,5,1994,0,95016,-29.1839173682478,-51.14099694488073
Garibaldi,Serra Gaúcha,Progresso,Apartamento,—,474990,2,1.0,94,94,94,0,4.0,0,3,2,6,1971,2014,95725,-29.267868624615236,-51.51478242563298
Veranópolis,Serra Gaúcha,Interior,Casa,—,391192,4,2.0,121,683,79,42,3.0,0,4,4,9,1987,0,95339,-28.931673910726737,-51.57763949263744
Gramado,Serra Gaúcha,Centro,Casa,—,4281523,4,1.0,232,416,232,0,1.0,0,4,2,10,1983,0,95671,-29.376433249055644,-50.83778731179641
Nova Prata,Serra Gaúcha,São Cristóvão,Terreno,Lot. Colinas do Caravaggio,161524,0,0.0,0,420,0,0,0.0,0,1,3,6,1996,0,95328,-28.76263802303028,-51.56625452929391
Farroupilha,Serra Gaúcha,São Caetano,Casa,—,1663499,2,2.0,276,834,276,0,2.0,0,1,2,6,2006,0,95189,-29.209654456569698,-51.34047979358446
Nova Prata,Serra Gaúcha,Interior,Terreno,Roteiro das Águas,367147,0,0.0,0,2192,0,0,0.0,0,3,2,3,1991,0,95327,-28.772086341777776,-51.660526015541855
Bento Gonçalves,Serra Gaúcha,São Roque,Apartamento,—,854141,3,2.0,145,145,145,0,5.0,0,3,4,8,2004,0,95703,-29.145228245613843,-51.51414324311815
Canela,Serra Gaúcha,Reserva da Serra,Casa,—,3481313,3,2.0,253,623,253,0,3.0,0,0,4,6,1984,0,95686,-29.33238205171687,-50.776019831080646
Caxias do Sul,Serra Gaúcha,Marechal Floriano,Terreno,—,2330906,0,0.0,0,1110,0,0,0.0,0,0,3,4,2011,0,95017,-29.154357636753634,-51.16578878590329
Gramado,Serra Gaúcha,Mato Queimado,Apartamento,—,1931839,1,2.0,105,105,105,0,4.0,1,2,2,7,2016,2002,95675,-29.37994979934928,-50.892790583898936
Veranópolis,Serra Gaúcha,Renovação,Terreno,Renovação,433260,0,0.0,0,508,0,0,0.0,0,2,3,6,1990,0,95338,-28.900750802358452,-51.58606772861172
Vila Flores,Serra Gaúcha,Linha Aimoré,Casa,—,626840,4,1.5,230,555,230,0,1.0,0,1,2,9,2008,0,95341,-28.888544526176144,-51.62929009474453
Garibaldi,Serra Gaúcha,Progresso,Casa,—,527264,4,1.5,110,607,110,0,1.0,0,0,4,9,1976,0,95723,-29.30253533020848,-51.56408350131236
Porto Alegre,Capital,Chácara das Pedras,Apartamento,—,1314154,3,2.0,166,166,166,0,5.0,0,1,4,7,1992,0,90015,-30.076377011177353,-51.22464777962619
Canela,Serra Gaúcha,São José,Condomínio Residencial,—,3319151,3,2.0,185,547,185,0,1.0,0,2,3,12,2019,0,95684,-29.311156009330023,-50.85637843301004
Gramado,Serra Gaúcha,Centro,Condomínio Residencial,—,3680520,4,3.0,151,356,151,0,1.0,0,0,5,10,2009,2023,95678,-29.345346980188893,-50.91720712569497
Nova Prata,Serra Gaúcha,Interior,Apartamento,—,420270,3,2.0,114,114,114,0,12.0,0,1,2,9,1997,2004,95320,-28.82275993386608,-51.613909541765224
Nova Prata,Serra Gaúcha,Santa Cruz,Casa,—,929391,4,1.0,240,673,240,0,3.0,0,4,3,9,1980,0,95320,-28.736256748157665,-51.59633097619984
Vila Flores,Serra Gaúcha,Linha Aimoré,Casa,—,708087,4,3.5,271,785,206,65,1.0,0,0,5,5,2023,0,95336,-28.829241954429264,-51.56430354704342
Veranópolis,Serra Gaúcha,Centro,Terreno,Centro (avulso),149095,0,0.0,0,367,0,0,0.0,0,0,2,5,2003,0,95334,-28.956950008560252,-51.52815483950528
Bento Gonçalves,Serra Gaúcha,Planalto,Apartamento,—,910228,1,1.0,139,139,139,0,5.0,0,4,5,10,2008,0,95706,-29.16287016796613,-51.499545040862365
Caxias do Sul,Serra Gaúcha,Marechal Floriano,Terreno,—,817826,0,0.0,0,394,0,0,0.0,0,3,2,3,2018,0,95014,-29.13192885767363,-51.183108219353386
Nova Petrópolis,Serra Gaúcha,Centro,Terreno,—,621832,0,0.0,0,729,0,0,0.0,0,1,2,3,2010,0,95155,-29.40168291391776,-51.11158110983111
Veranópolis,Serra Gaúcha,Medianeira,Casa,—,554849,3,2.5,178,637,178,0,1.0,0,0,5,7,1988,0,95330,-28.97895125553795,-51.54537589161288
Porto Alegre,Capital,Centro Histórico,Apartamento,—,438323,2,2.0,54,54,54,0,7.0,0,3,2,8,1975,2023,90014,-30.025652631571948,-51.20791097475552
Caxias do Sul,Serra Gaúcha,Sanvitto,Apartamento,—,702934,1,1.0,81,81,81,0,12.0,0,0,4,8,1986,0,95016,-29.206777479515416,-51.136860780442085
Farroupilha,Serra Gaúcha,São Caetano,Terreno,—,1328839,0,0.0,0,1155,0,0,0.0,0,0,1,3,2004,0,95185,-29.234949724757616,-51.37665324995658
Farroupilha,Serra Gaúcha,Centro,Casa,—,623808,4,1.0,109,484,109,0,1.0,0,4,2,10,1992,2014,95184,-29.25941814059663,-51.35907742651928
Porto Alegre,Capital,Boa Vista,Casa,—,1759253,3,2.5,251,526,178,73,3.0,0,1,4,10,2016,0,90019,-30.03492396502572,-51.22196593381543
Gramado,Serra Gaúcha,Mato Queimado,Condomínio Residencial,—,5948605,3,3.5,253,772,198,55,2.0,0,1,3,8,2000,0,95672,-29.369114396679382,-50.84450987845369
Veranópolis,Serra Gaúcha,Centro,Terreno,Centro (avulso),141840,0,0.0,0,369,0,0,0.0,0,2,1,6,2006,0,95338,-28.984931789814954,-51.57100839818618
Gramado,Serra Gaúcha,Mato Queimado,Casa,—,2739322,4,3.0,128,275,128,0,2.0,0,1,5,5,1994,0,95672,-29.382801917529854,-50.86184741121115
Porto Alegre,Capital,Partenon,Apartamento,—,739885,3,1.0,92,92,92,0,6.0,0,0,2,8,2021,0,90017,-30.062431855007905,-51.21659523953826
Bento Gonçalves,Serra Gaúcha,Fátima,Casa,—,769065,2,2.0,108,704,108,0,2.0,0,4,5,10,1997,0,95701,-29.16524028698069,-51.514848614294635
Veranópolis,Serra Gaúcha,Renovação,Terreno,Renovação,393611,0,0.0,0,509,0,0,0.0,0,0,1,4,1990,0,95332,-28.961975034336586,-51.56276106616255
Gramado,Serra Gaúcha,Centro,Condomínio Residencial,—,6790587,3,3.5,249,363,249,0,2.0,0,3,4,12,1971,0,95677,-29.342865410921824,-50.86126023147967
Bento Gonçalves,Serra Gaúcha,São Bento,Casa,—,1744020,4,3.0,267,535,267,0,3.0,0,2,4,5,2004,0,95708,-29.21577585066676,-51.52314750130276
Nova Prata,Serra Gaúcha,São Cristóvão,Terreno,Lot. Colinas do Caravaggio,155445,0,0.0,0,396,0,0,0.0,0,0,1,5,2009,0,95328,-28.822384404365916,-51.60517526468757
Nova Petrópolis,Serra Gaúcha,Linha Imperial,Casa,—,700380,4,3.5,165,509,165,0,2.0,0,1,3,9,1977,2010,95157,-29.36514591156363,-51.11848396206312
Garibaldi,Serra Gaúcha,Bela Vista,Apartamento,—,727294,3,1.0,142,142,142,0,4.0,0,1,3,9,1991,0,95721,-29.22954485370253,-51.56644515834389
Caxias do Sul,Serra Gaúcha,Centro,Terreno,—,746845,0,0.0,0,414,0,0,0.0,0,0,2,6,2005,0,95010,-29.217405650911438,-51.226725212701815
Vila Flores,Serra Gaúcha,Centro,Terreno,Florescer Parque Residencial,295000,0,0.0,0,480,0,0,0.0,0,0,3,6,2024,0,95335,-28.86847227287479,-51.60466101340638
Porto Alegre,Capital,Mont'Serrat,Casa,—,2300951,3,1.0,280,878,280,0,3.0,0,1,4,5,1994,0,90010,-30.023587128605637,-51.190520504254806
Caxias do Sul,Serra Gaúcha,Santa Catarina,Comercial,—,2192346,0,2.0,322,386,322,0,1.0,0,1,3,7,1975,2003,95014,-29.126306098822944,-51.19446419542554
Porto Alegre,Capital,Centro Histórico,Apartamento,—,1212861,3,1.0,179,179,179,0,3.0,0,3,2,8,2001,2003,90010,-30.02348942514228,-51.21115722799581
Veranópolis,Serra Gaúcha,Interior,Casa,—,346545,3,1.0,115,242,115,0,1.0,0,4,3,5,1994,0,95332,-28.938233139626412,-51.561496136055155
Caxias do Sul,Serra Gaúcha,Santa Catarina,Casa,—,878967,3,2.0,117,575,117,0,2.0,0,3,2,5,1988,0,95018,-29.186838713029207,-51.15751079147586
Canela,Serra Gaúcha,São José,Comercial,—,480231,0,2.0,43,174,43,0,2.0,0,1,2,7,2010,2009,95689,-29.354027121367423,-50.81243347221528
Caxias do Sul,Serra Gaúcha,Santa Catarina,Apartamento,—,683971,2,2.0,90,90,90,0,5.0,0,3,3,10,2020,0,95019,-29.144024510355035,-51.21568554609445
Caxias do Sul,Serra Gaúcha,Desvio Rizzo,Condomínio Residencial,—,3585303,2,3.0,344,922,334,10,2.0,0,3,4,10,1993,0,95014,-29.186510866334412,-51.16095699586051
Vila Flores,Serra Gaúcha,Centro,Casa,—,334602,3,1.5,131,682,66,65,1.0,0,4,4,7,1977,0,95342,-28.853387012798922,-51.60896062423877
Canela,Serra Gaúcha,Centro,Terreno,—,3182418,0,0.0,0,958,0,0,0.0,0,1,2,5,2010,0,95682,-29.363918726553706,-50.84012584638244
Caxias do Sul,Serra Gaúcha,Exposição,Apartamento,—,686272,3,2.0,89,89,89,0,5.0,0,1,4,8,1970,0,95017,-29.1685911514946,-51.2210499084574
Porto Alegre,Capital,Menino Deus,Terreno,—,1740675,0,0.0,0,930,0,0,0.0,0,0,1,5,2000,0,90015,-29.986354587419463,-51.22293035994247
Caxias do Sul,Serra Gaúcha,Sanvitto,Condomínio Residencial,—,2448846,2,3.5,233,441,233,0,2.0,0,2,4,10,1981,0,95010,-29.15409696941971,-51.17461654197321
Farroupilha,Serra Gaúcha,São Caetano,Casa,—,1556516,4,1.5,266,553,266,0,1.0,0,4,4,8,1976,0,95182,-29.22899370248215,-51.32858379676576
Veranópolis,Serra Gaúcha,Femaçã,Casa,—,550055,4,1.0,178,297,178,0,3.0,0,4,4,9,2004,0,95334,-28.93661993131343,-51.543945478760705
Canela,Serra Gaúcha,Reserva da Serra,Casa,—,1646951,4,3.0,122,280,122,0,1.0,0,3,2,6,1997,2014,95683,-29.37217340494137,-50.84422537823302
Canela,Serra Gaúcha,Industrial,Condomínio Residencial,—,5334205,3,2.0,276,775,276,0,2.0,0,2,4,12,2010,0,95681,-29.404871798917867,-50.78865107089444
Porto Alegre,Capital,Centro Histórico,Apartamento,—,1292809,1,1.0,169,169,169,0,8.0,0,1,5,6,1983,0,90016,-30.030658872034063,-51.25475808942894
Vila Flores,Serra Gaúcha,Centro,Terreno,Clube Residencial Paraíso,196206,0,0.0,0,944,0,0,0.0,0,0,2,6,2011,0,95341,-28.90848937229473,-51.62040470124514
Vila Flores,Serra Gaúcha,Centro,Terreno,Florescer Parque Residencial,346000,0,0.0,0,475,0,0,0.0,0,0,3,6,2024,0,95335,-28.85780210765838,-51.612778858339915
Gramado,Serra Gaúcha,Três Pinheiros,Condomínio Residencial,—,6175977,2,2.0,241,408,194,47,1.0,0,3,5,11,2020,0,95675,-29.42138605920678,-50.85211689059615
Porto Alegre,Capital,Moinhos de Vento,Comercial,—,2237708,0,1.0,359,518,359,0,1.0,0,2,4,6,1975,0,90012,-30.009676828825114,-51.231361365019225
Caxias do Sul,Serra Gaúcha,Sanvitto,Apartamento,—,808886,1,1.0,109,109,109,0,3.0,0,3,3,8,1993,0,95013,-29.168165590996363,-51.2087846413094
Caxias do Sul,Serra Gaúcha,Centro,Condomínio Residencial,—,3229796,3,3.0,333,917,311,22,3.0,0,4,4,8,2002,2009,95015,-29.1593508564206,-51.20030328186695
Caxias do Sul,Serra Gaúcha,Exposição,Condomínio Residencial,—,2325725,2,2.5,236,807,236,0,2.0,0,3,4,9,1975,2023,95014,-29.16265456918182,-51.13553625968094
Bento Gonçalves,Serra Gaúcha,São Roque,Condomínio Residencial,—,1035612,4,3.5,124,594,124,0,2.0,0,1,3,12,1997,0,95709,-29.183151562507398,-51.52244969842304
Garibaldi,Serra Gaúcha,São João,Casa,—,413270,3,2.0,80,350,80,0,2.0,0,4,3,10,1999,0,95724,-29.30632962316823,-51.49270601107481
Porto Alegre,Capital,Centro Histórico,Apartamento,—,384483,3,2.0,56,56,56,0,4.0,0,2,4,8,1992,2016,90019,-30.03983638781252,-51.17946318313522
Veranópolis,Serra Gaúcha,Centro,Terreno,Centro (avulso),131456,0,0.0,0,364,0,0,0.0,0,1,2,5,1994,0,95331,-28.9504492102616,-51.551217863103204
Caxias do Sul,Serra Gaúcha,Centro,Apartamento,—,402826,1,2.0,48,48,48,0,6.0,0,2,5,10,2021,0,95017,-29.206880525272727,-51.22876380276661
Canela,Serra Gaúcha,Fontes do Ipê,Casa,—,3410826,4,2.0,255,792,211,44,2.0,0,3,3,6,1988,2022,95684,-29.391801106647314,-50.78181259820894
Nova Petrópolis,Serra Gaúcha,Vila Nova,Condomínio Residencial,—,954902,4,3.5,182,396,131,51,2.0,0,4,4,9,1988,0,95159,-29.35289724621114,-51.10855960493317
Vila Flores,Serra Gaúcha,Linha Aimoré,Terreno,Linha Aimoré,193321,0,0.0,0,888,0,0,0.0,0,1,3,5,2020,0,95337,-28.893337478437314,-51.60038031740421
Farroupilha,Serra Gaúcha,Desvio Rizzo,Casa,—,569624,3,2.5,102,483,102,0,1.0,0,3,2,5,2014,2006,95182,-29.188763464200875,-51.337461449860285
Porto Alegre,Capital,Três Figueiras,Apartamento,—,385880,1,1.0,51,51,51,0,2.0,0,3,4,8,2021,0,90017,-30.00073896057559,-51.263906817496064
Canela,Serra Gaúcha,Centro,Comercial,—,4528245,0,1.0,343,402,343,0,2.0,0,2,4,7,1999,2000,95687,-29.36361288761421,-50.77476112956452
Farroupilha,Serra Gaúcha,Cinquentenário,Casa,—,581530,4,2.0,105,255,105,0,1.0,0,4,3,8,2012,2012,95188,-29.192929782725553,-51.37394705866777
Porto Alegre,Capital,Cristal,Apartamento,—,1306810,2,1.0,165,165,165,0,12.0,0,3,4,8,2018,0,90019,-30.052547708472996,-51.263405231584166
Caxias do Sul,Serra Gaúcha,Desvio Rizzo,Apartamento,—,624841,1,2.0,85,85,85,0,2.0,0,2,5,9,2006,0,95019,-29.200526512867594,-51.149421249536424
Gramado,Serra Gaúcha,Três Pinheiros,Casa,—,5404192,3,1.0,260,484,197,63,1.0,0,2,5,5,2012,0,95671,-29.374004546730553,-50.86979892399137
Porto Alegre,Capital,Partenon,Apartamento,—,837861,2,2.0,108,108,108,0,2.0,0,0,4,7,1989,0,90017,-30.06917047417668,-51.22043485942615
Caxias do Sul,Serra Gaúcha,Centro,Condomínio Residencial,—,1538272,4,3.0,151,455,151,0,2.0,0,0,4,11,2020,0,95014,-29.118294366124395,-51.17633221284879
Caxias do Sul,Serra Gaúcha,Sanvitto,Apartamento,—,681954,2,2.0,89,89,89,0,3.0,0,2,5,10,1978,0,95016,-29.131814599029774,-51.21795550123776
Bento Gonçalves,Serra Gaúcha,São Roque,Condomínio Residencial,—,1527003,3,3.0,187,547,187,0,2.0,0,3,5,8,2009,2020,95708,-29.162280127588037,-51.51585096914434
Caxias do Sul,Serra Gaúcha,Marechal Floriano,Apartamento,—,1030428,2,2.0,127,127,127,0,6.0,0,1,5,10,1997,0,95012,-29.149178711996385,-51.18632008019942
Veranópolis,Serra Gaúcha,Centro,Terreno,Centro (avulso),117050,0,0.0,0,345,0,0,0.0,0,2,3,3,1992,0,95334,-28.9766215546916,-51.517963672524
Veranópolis,Serra Gaúcha,São Pelegrino,Comercial,—,889412,0,2.0,385,515,385,0,1.0,0,0,4,9,2020,0,95335,-28.90921352274013,-51.54939925994874
Nova Prata,Serra Gaúcha,Centro,Casa,—,744356,4,3.5,224,464,224,0,1.0,0,2,5,6,2000,0,95320,-28.808143526539418,-51.65376509972785
Bento Gonçalves,Serra Gaúcha,São Roque,Apartamento,—,576988,3,2.0,86,86,86,0,6.0,0,0,4,6,1971,0,95705,-29.198152020419997,-51.496212544560436
Porto Alegre,Capital,Centro Histórico,Apartamento,—,1186252,2,2.0,159,159,159,0,3.0,0,3,3,9,1982,0,90012,-30.047590794076935,-51.241700326276934
Gramado,Serra Gaúcha,Canavial,Casa,—,2834758,4,3.0,139,348,118,21,3.0,0,0,3,6,2013,0,95676,-29.412106201940116,-50.85201847683642
Nova Prata,Serra Gaúcha,Centro,Casa,—,723360,2,1.5,206,646,206,0,1.0,1,2,2,7,1979,2019,95326,-28.81806203417182,-51.57711606256159
Garibaldi,Serra Gaúcha,Centro,Condomínio Residencial,—,1259012,2,2.0,203,322,203,0,1.0,0,4,3,8,1972,0,95723,-29.29511798991409,-51.51261544199892
Farroupilha,Serra Gaúcha,Pio X,Apartamento,—,717896,1,2.0,126,126,126,0,5.0,0,1,5,10,1970,0,95185,-29.20914394740807,-51.388206102363306
Caxias do Sul,Serra Gaúcha,Sagrada Família,Condomínio Residencial,—,1904918,3,2.5,190,338,190,0,3.0,0,0,4,10,1976,0,95010,-29.16443894809321,-51.20669122187072
Caxias do Sul,Serra Gaúcha,Desvio Rizzo,Casa,—,2116064,2,2.5,238,784,238,0,2.0,0,2,5,10,1997,0,95011,-29.211380851796637,-51.17383781188081
Veranópolis,Serra Gaúcha,Medianeira,Terreno,Medianeira,262752,0,0.0,0,630,0,0,0.0,0,3,1,4,1996,0,95334,-28.92853600982408,-51.5116835019843
Nova Prata,Serra Gaúcha,Santa Cruz,Apartamento,—,328264,2,1.0,95,95,95,0,8.0,0,4,5,8,1988,0,95329,-28.757661268466975,-51.579879930484616
Veranópolis,Serra Gaúcha,Renovação,Comercial,—,887645,0,1.0,399,445,399,0,2.0,0,2,4,7,1976,2005,95331,-28.975021710421135,-51.511380727568266
Caxias do Sul,Serra Gaúcha,Centro,Casa,—,1094902,4,1.0,132,350,84,48,1.0,0,2,5,8,1997,0,95015,-29.18421028682708,-51.15836604462317
Porto Alegre,Capital,Petrópolis,Casa,—,2191544,3,1.5,269,451,269,0,1.0,0,2,3,7,2013,0,90011,-29.993884398923726,-51.20416109014057
Nova Prata,Serra Gaúcha,Santa Cruz,Terreno,Lot. Schneider,220063,0,0.0,0,353,0,0,0.0,0,2,2,4,2017,0,95323,-28.744797939472143,-51.65469498149874
Veranópolis,Serra Gaúcha,Femaçã,Terreno,Cond. Jardim Europa,280367,0,0.0,0,1247,0,0,0.0,0,0,1,6,2016,0,95335,-28.95910677686552,-51.50891687231453
Caxias do Sul,Serra Gaúcha,Centro,Casa,—,2036194,3,1.0,274,842,220,54,1.0,0,1,2,5,2016,2020,95015,-29.172588020757264,-51.13624453399794
Vila Flores,Serra Gaúcha,Centro,Terreno,Florescer Parque Residencial,326000,0,0.0,0,420,0,0,0.0,0,2,3,6,2020,0,95335,-28.861836260331955,-51.5962370481752
Veranópolis,Serra Gaúcha,São Pelegrino,Casa,—,662914,4,2.0,240,572,240,0,1.0,0,2,5,6,2019,0,95337,-28.953038585078193,-51.60736851507031
Nova Prata,Serra Gaúcha,Centro,Casa,—,812351,2,1.5,235,778,235,0,2.0,0,0,3,10,1970,0,95329,-28.76980401449428,-51.59465475595081
Canela,Serra Gaúcha,Jardim,Casa,—,2128084,2,1.0,142,428,142,0,1.0,0,3,4,7,1986,0,95689,-29.331194672039285,-50.80734415324534
Caxias do Sul,Serra Gaúcha,Centro,Casa,—,642924,3,1.0,80,490,80,0,2.0,0,1,5,5,2016,2014,95010,-29.129240297943202,-51.181745248658636
Caxias do Sul,Serra Gaúcha,Santa Catarina,Casa,—,2069757,4,2.0,235,807,235,0,2.0,0,2,2,9,1991,0,95011,-29.158761614963087,-51.221188209121046
Nova Petrópolis,Serra Gaúcha,Linha Imperial,Comercial,—,1324753,0,2.0,358,548,358,0,1.0,0,1,5,8,1990,0,95153,-29.402768637414862,-51.14853196953335
Porto Alegre,Capital,Cristal,Apartamento,—,1304223,1,1.0,162,162,162,0,1.0,1,3,5,6,2005,0,90018,-30.082875375629612,-51.180097955813224
Vila Flores,Serra Gaúcha,Centro,Terreno,Florescer Parque Residencial,265000,0,0.0,0,428,0,0,0.0,0,2,3,6,2019,0,95335,-28.851882310464575,-51.61299781696141
Porto Alegre,Capital,Boa Vista,Apartamento,—,368185,3,2.0,48,48,48,0,7.0,0,2,4,6,2013,2013,90018,-30.027656011636427,-51.20569459717802
Canela,Serra Gaúcha,Centro,Terreno,—,2599364,0,0.0,0,785,0,0,0.0,0,3,2,5,2019,0,95683,-29.33972633803562,-50.76388543859443
Vila Flores,Serra Gaúcha,Bairro Alto,Comercial,—,655327,0,2.0,293,491,293,0,1.0,0,0,3,5,1980,2016,95341,-28.829150270023256,-51.63251822496865
Nova Prata,Serra Gaúcha,São Cristóvão,Casa,—,937107,3,2.0,283,485,283,0,1.0,0,0,5,6,1982,0,95321,-28.81142284129882,-51.58423355166264
Caxias do Sul,Serra Gaúcha,Centro,Apartamento,—,1436488,2,2.0,176,176,176,0,5.0,0,0,5,8,2003,2023,95013,-29.156514872043957,-51.163731934424696
Garibaldi,Serra Gaúcha,Santa Marta,Apartamento,—,795408,3,1.0,159,159,159,0,7.0,0,3,2,6,1976,2000,95723,-29.293785248738526,-51.55016210940404
Veranópolis,Serra Gaúcha,Femaçã,Casa,—,463928,4,1.0,143,354,143,0,1.0,0,3,4,5,1982,0,95337,-28.975390198835782,-51.52521287561725
Nova Prata,Serra Gaúcha,Centro,Terreno,Lot. Gênova,235312,0,0.0,0,362,0,0,0.0,0,1,1,3,1994,0,95324,-28.760473109200028,-51.587021918523384
Canela,Serra Gaúcha,Centro,Casa,—,2890894,2,1.0,184,558,184,0,2.0,0,2,2,5,1989,0,95686,-29.326776045903593,-50.842428004066456
Nova Petrópolis,Serra Gaúcha,Recanto Suíço,Casa,—,987978,3,3.0,207,528,207,0,2.0,0,0,2,6,1971,0,95156,-29.368679155734377,-51.07066520939903
Veranópolis,Serra Gaúcha,Interior,Apartamento,—,134464,1,1.0,48,48,48,0,10.0,0,2,2,10,1973,2006,95335,-28.915289964372818,-51.577659065367236
Veranópolis,Serra Gaúcha,Interior,Casa,—,778010,4,1.0,241,450,241,0,1.0,0,2,2,10,2019,0,95330,-28.986031936180186,-51.607761785454365
Veranópolis,Serra Gaúcha,Femaçã,Terreno,Cond. Jardim Europa,632051,0,0.0,0,1163,0,0,0.0,0,1,1,3,2012,0,95332,-28.985501711120712,-51.511162143946365
Garibaldi,Serra Gaúcha,Centro,Casa,—,796816,3,1.0,161,520,161,0,2.0,1,4,2,8,2019,0,95726,-29.26497309706897,-51.529897087658156
Vila Flores,Serra Gaúcha,Centro,Terreno,Florescer Parque Residencial,270000,0,0.0,0,406,0,0,0.0,0,1,3,6,2024,0,95335,-28.870811843392243,-51.5950771166874
Vila Flores,Serra Gaúcha,Bairro Alto,Terreno,Residencial Horizontes,148040,0,0.0,0,437,0,0,0.0,0,0,3,6,1996,0,95336,-28.821582294443406,-51.64384173553959
Porto Alegre,Capital,Cristal,Apartamento,—,1193933,2,1.0,155,155,155,0,7.0,0,1,4,8,2003,0,90014,-30.065835770821142,-51.18327504802709
Caxias do Sul,Serra Gaúcha,Desvio Rizzo,Apartamento,—,692526,2,2.0,81,81,81,0,3.0,0,2,5,8,1990,2013,95012,-29.164341853253273,-51.13777124841703
Nova Prata,Serra Gaúcha,Clivatti,Casa,—,710712,3,1.0,190,270,162,28,2.0,0,0,2,7,1983,0,95326,-28.80633727375784,-51.663386127199736
Vila Flores,Serra Gaúcha,Bairro Alto,Terreno,Residencial Horizontes,232202,0,0.0,0,555,0,0,0.0,0,3,3,6,2015,0,95336,-28.86851027211241,-51.589015458076474
Porto Alegre,Capital,Chácara das Pedras,Condomínio Residencial,—,2145397,4,2.5,248,671,248,0,2.0,0,3,5,9,2017,2017,90019,-30.041573799242173,-51.18245525215084
Caxias do Sul,Serra Gaúcha,Sagrada Família,Apartamento,—,869701,3,1.0,114,114,114,0,8.0,0,0,4,8,2007,0,95017,-29.169997062360107,-51.21619681172108
Canela,Serra Gaúcha,Jardim,Apartamento,—,1355877,2,2.0,88,88,88,0,3.0,0,0,4,9,2003,0,95681,-29.339620306171508,-50.79364464547021
Caxias do Sul,Serra Gaúcha,São Pelegrino,Comercial,—,1647700,0,2.0,232,250,232,0,1.0,0,0,3,7,2009,2013,95016,-29.199895245085226,-51.21566035506847
Farroupilha,Serra Gaúcha,Cinquentenário,Casa,—,883309,2,3.0,161,374,161,0,2.0,0,4,4,10,1994,0,95184,-29.225375404399262,-51.37456825102297
Gramado,Serra Gaúcha,Morada da Serra,Terreno,—,2192174,0,0.0,0,482,0,0,0.0,0,1,1,4,2003,0,95673,-29.373876030809175,-50.85559718034758
Caxias do Sul,Serra Gaúcha,Santa Catarina,Casa,—,1915859,4,2.0,235,472,193,42,3.0,0,4,5,5,2011,2010,95014,-29.207817211818504,-51.18930736173435
Bento Gonçalves,Serra Gaúcha,Centro,Apartamento,—,1107757,1,2.0,173,173,173,0,6.0,0,0,5,9,1997,2000,95704,-29.191298499551355,-51.56314887704837
Nova Prata,Serra Gaúcha,Centro,Casa,—,488749,4,3.5,133,426,133,0,1.0,0,3,5,9,1977,0,95329,-28.80088123396571,-51.56546761866879
Porto Alegre,Capital,Partenon,Apartamento,—,952854,2,2.0,116,116,116,0,3.0,0,1,3,7,1978,2008,90013,-30.060901163667253,-51.1982879517904
Porto Alegre,Capital,Cidade Baixa,Comercial,—,2378565,0,1.0,344,441,344,0,1.0,0,0,5,9,2001,0,90015,-30.026347173632427,-51.175673244932774
Porto Alegre,Capital,Cristal,Casa,—,558215,2,2.5,72,300,72,0,1.0,0,2,3,8,1999,0,90019,-30.08439356444691,-51.17513285863487
Vila Flores,Serra Gaúcha,Centro,Terreno,Florescer Parque Residencial,420000,0,0.0,0,800,0,0,0.0,0,1,3,6,2025,0,95335,-28.874378133148987,-51.59601503535522
Caxias do Sul,Serra Gaúcha,São Pelegrino,Terreno,—,1712285,0,0.0,0,1060,0,0,0.0,0,1,1,6,2015,0,95011,-29.201613490999673,-51.19815816631275
Veranópolis,Serra Gaúcha,Interior,Casa,—,736866,4,1.0,220,639,220,0,2.0,0,0,5,9,1974,0,95339,-28.92643871903044,-51.52490647415262
Gramado,Serra Gaúcha,Várzea Grande,Casa,—,3693228,2,2.5,169,651,169,0,3.0,0,4,5,9,2001,2008,95673,-29.380723644863785,-50.86966073196408
Garibaldi,Serra Gaúcha,Centro,Casa,—,540898,3,3.0,101,615,101,0,1.0,0,0,5,9,2001,0,95727,-29.29037922388543,-51.53390611684736
Porto Alegre,Capital,Moinhos de Vento,Apartamento,—,524005,1,2.0,75,75,75,0,4.0,0,4,5,9,1978,0,90018,-30.02259830549292,-51.207905039765194
Bento Gonçalves,Serra Gaúcha,São Bento,Casa,—,1260741,3,3.5,183,757,122,61,2.0,0,4,5,10,1971,0,95708,-29.138281466600283,-51.500742198741875
Nova Prata,Serra Gaúcha,Interior,Terreno,Condomínio fechado interior,343283,0,0.0,0,2149,0,0,0.0,0,3,1,4,2009,0,95329,-28.7364657614623,-51.61665265600622
Caxias do Sul,Serra Gaúcha,São Pelegrino,Condomínio Residencial,—,1536404,2,3.5,167,645,167,0,2.0,0,2,3,8,1973,0,95014,-29.14602984291106,-51.16309877574464
Garibaldi,Serra Gaúcha,Bela Vista,Apartamento,—,751711,2,2.0,167,167,167,0,7.0,0,0,5,7,2004,0,95723,-29.221154140002753,-51.50084864042475
Porto Alegre,Capital,Moinhos de Vento,Condomínio Residencial,—,2809570,3,2.0,301,808,292,9,2.0,0,4,3,9,1986,2014,90019,-30.03415568976756,-51.25874304105384
Porto Alegre,Capital,Mont'Serrat,Condomínio Residencial,—,2594127,3,2.5,295,770,295,0,1.0,1,3,5,8,2010,0,90014,-30.024208596502724,-51.26620333994875
Veranópolis,Serra Gaúcha,Medianeira,Apartamento,—,360519,1,1.0,111,111,111,0,1.0,0,3,5,9,1974,2012,95331,-28.971572772862675,-51.54148054767483
Porto Alegre,Capital,Petrópolis,Apartamento,—,1363348,2,1.0,179,179,179,0,2.0,0,1,2,6,1998,2008,90010,-30.020121033686383,-51.19041145019208
Vila Flores,Serra Gaúcha,Linha Aimoré,Casa,—,386401,3,1.5,144,517,144,0,1.0,0,1,3,8,2017,2017,95344,-28.82559219815142,-51.606472287616306
Vila Flores,Serra Gaúcha,Linha Aimoré,Terreno,Linha Aimoré,183159,0,0.0,0,876,0,0,0.0,0,2,1,4,2016,0,95338,-28.858107271840776,-51.62406027395808
Porto Alegre,Capital,Mont'Serrat,Casa,—,706166,4,3.0,86,604,86,0,1.0,0,1,5,8,1998,0,90016,-29.991094691874153,-51.17406233510652
Nova Prata,Serra Gaúcha,São Cristóvão,Casa,—,432538,4,3.5,126,544,126,0,1.0,0,0,3,7,2000,2002,95324,-28.81453597979378,-51.63351845899661
Gramado,Serra Gaúcha,Morada da Serra,Condomínio Residencial,—,7841368,4,2.0,322,790,303,19,3.0,0,0,3,12,2010,0,95674,-29.349064918724014,-50.83033065919846
Farroupilha,Serra Gaúcha,Pio X,Condomínio Residencial,—,1781007,3,3.5,236,359,236,0,3.0,0,1,4,12,1979,0,95185,-29.273050850809042,-51.3381550235023
Bento Gonçalves,Serra Gaúcha,São Bento,Condomínio Residencial,—,2591946,2,3.5,305,766,305,0,1.0,0,0,5,8,1980,2019,95701,-29.190120487753152,-51.474378856587165
Veranópolis,Serra Gaúcha,Renovação,Comercial,—,122806,0,1.0,48,81,48,0,3.0,0,2,3,6,2016,2009,95330,-28.972283908116594,-51.58164289668303
Farroupilha,Serra Gaúcha,Centro,Casa,—,1054599,3,2.0,203,659,183,20,2.0,0,2,5,5,1986,0,95184,-29.184202009766093,-51.301441989799244
Bento Gonçalves,Serra Gaúcha,Fátima,Casa,—,1682685,3,3.0,273,725,226,47,1.0,0,4,3,8,1985,0,95701,-29.165610698083643,-51.53192279810081
Bento Gonçalves,Serra Gaúcha,Charqueadas,Terreno,—,1252768,0,0.0,0,908,0,0,0.0,0,2,1,5,1994,0,95703,-29.211812871406657,-51.50655834282358
Farroupilha,Serra Gaúcha,Desvio Rizzo,Apartamento,—,422204,2,1.0,71,71,71,0,10.0,0,3,3,6,2020,0,95184,-29.191106738114463,-51.3447817088518
Nova Petrópolis,Serra Gaúcha,Vila Nova,Apartamento,—,427100,3,2.0,98,98,98,0,6.0,0,3,4,8,1995,0,95150,-29.419802705237608,-51.16335812206631
Vila Flores,Serra Gaúcha,Centro,Terreno,Florescer Parque Residencial,278000,0,0.0,0,434,0,0,0.0,0,2,3,6,2024,0,95335,-28.86060459111805,-51.604807592097565
Caxias do Sul,Serra Gaúcha,Sagrada Família,Comercial,—,903372,0,1.0,137,312,137,0,1.0,0,0,5,5,2006,2008,95010,-29.212408154444578,-51.2269584513652
Caxias do Sul,Serra Gaúcha,Centro,Comercial,—,1072067,0,2.0,139,205,139,0,1.0,0,0,4,8,1992,2018,95014,-29.179098412021265,-51.15644709626509
Vila Flores,Serra Gaúcha,Centro,Casa,—,425250,2,2.0,182,669,182,0,1.0,0,3,2,9,1990,0,95341,-28.81605098673163,-51.55295487601855
Bento Gonçalves,Serra Gaúcha,Charqueadas,Casa,—,1321666,3,1.0,222,696,222,0,2.0,0,1,4,5,1980,0,95707,-29.16682108694529,-51.52160418597321
Canela,Serra Gaúcha,Centro,Casa,—,1216777,2,3.0,79,534,79,0,2.0,0,4,2,10,2007,0,95681,-29.38712684733872,-50.81764916014055
Porto Alegre,Capital,Bela Vista,Condomínio Residencial,—,1227118,2,3.0,136,351,136,0,3.0,0,2,5,10,1993,0,90019,-30.0145840583924,-51.169911453139534
Garibaldi,Serra Gaúcha,Centro,Apartamento,—,309364,1,2.0,59,59,59,0,6.0,0,3,3,7,1998,0,95727,-29.250434828557463,-51.52886150741355
Porto Alegre,Capital,Bela Vista,Apartamento,—,1103269,3,1.0,163,163,163,0,6.0,0,0,3,7,1990,0,90019,-30.052476288079422,-51.209792140287995
Caxias do Sul,Serra Gaúcha,Exposição,Apartamento,—,1194082,1,1.0,162,162,162,0,4.0,0,0,3,6,2010,0,95014,-29.167980764656168,-51.21281705311504
Porto Alegre,Capital,Três Figueiras,Apartamento,—,1208446,2,2.0,172,172,172,0,6.0,0,4,3,6,1976,0,90017,-30.067937879413968,-51.18567286946418
Caxias do Sul,Serra Gaúcha,Marechal Floriano,Casa,—,1802653,3,1.0,232,443,209,23,1.0,0,3,5,10,2020,2001,95014,-29.16012488076052,-51.20637392843854
Nova Prata,Serra Gaúcha,Centro,Terreno,Lot. Gênova,226854,0,0.0,0,354,0,0,0.0,0,2,3,3,2010,0,95322,-28.771262486641042,-51.61713113939098
Nova Petrópolis,Serra Gaúcha,Pinhal Alto,Apartamento,—,615850,2,1.0,132,132,132,0,5.0,0,1,4,7,2011,2010,95156,-29.35821187696233,-51.09308103152918
Nova Petrópolis,Serra Gaúcha,Pinhal Alto,Apartamento,—,341115,1,1.0,72,72,72,0,7.0,0,0,3,7,2015,0,95154,-29.383774541852198,-51.08418562417463
Caxias do Sul,Serra Gaúcha,São Pelegrino,Casa,—,1180146,3,3.5,151,351,151,0,2.0,0,0,4,5,2021,0,95019,-29.194943305956166,-51.14591472874698
Nova Prata,Serra Gaúcha,Clivatti,Comercial,—,193137,0,2.0,66,254,66,0,1.0,0,2,3,5,2015,0,95327,-28.80177489354911,-51.59254603910692
Nova Prata,Serra Gaúcha,Interior,Terreno,Condomínio fechado interior,259070,0,0.0,0,1931,0,0,0.0,0,3,1,6,2022,0,95322,-28.81678243275871,-51.5934725982684
Porto Alegre,Capital,Cristal,Apartamento,—,1232515,2,2.0,171,171,171,0,3.0,0,1,5,9,2006,0,90018,-30.034076410922648,-51.19597430898048
Porto Alegre,Capital,Boa Vista,Apartamento,—,656475,1,2.0,80,80,80,0,4.0,0,2,2,8,1993,0,90010,-30.045485061848762,-51.23079746257236
Nova Prata,Serra Gaúcha,Frizon,Terreno,Lot. Frizon / Chiomento,125480,0,0.0,0,367,0,0,0.0,0,3,1,6,2020,0,95322,-28.739808715158073,-51.62516731791111
Vila Flores,Serra Gaúcha,Centro,Terreno,Florescer Parque Residencial,298000,0,0.0,0,480,0,0,0.0,0,0,3,6,2021,0,95335,-28.863367654232412,-51.59080851124002
Canela,Serra Gaúcha,Reserva da Serra,Terreno,—,1354070,0,0.0,0,390,0,0,0.0,0,2,1,4,2023,0,95683,-29.359782282976777,-50.833467702516515
Vila Flores,Serra Gaúcha,Linha Aimoré,Terreno,Linha Aimoré,157415,0,0.0,0,784,0,0,0.0,0,3,2,4,2012,0,95341,-28.851212778859033,-51.58525064501037
Porto Alegre,Capital,Três Figueiras,Apartamento,—,722728,2,1.0,98,98,98,0,4.0,0,4,5,8,2016,2007,90012,-30.05671080794642,-51.17432993146891
Vila Flores,Serra Gaúcha,Centro,Terreno,Florescer Parque Residencial,237000,0,0.0,0,459,0,0,0.0,0,2,3,6,2023,0,95335,-28.861492059031423,-51.590810781103734
Bento Gonçalves,Serra Gaúcha,Charqueadas,Terreno,—,1598738,0,0.0,0,1099,0,0,0.0,0,2,2,6,2000,0,95708,-29.20290126219768,-51.54704179625871
Porto Alegre,Capital,Cristal,Casa,—,1814128,4,1.0,232,695,204,28,1.0,0,4,5,6,1988,0,90015,-29.984823347737848,-51.23660440099246
Nova Prata,Serra Gaúcha,São Cristóvão,Condomínio Residencial,—,1081734,4,2.0,260,468,260,0,1.0,0,2,5,10,1971,0,95323,-28.79008200159911,-51.58998638439118
Vila Flores,Serra Gaúcha,Centro,Terreno,Florescer Parque Residencial,278000,0,0.0,0,420,0,0,0.0,0,1,3,6,2025,0,95335,-28.852591450723367,-51.593846028912075
Caxias do Sul,Serra Gaúcha,Sagrada Família,Apartamento,—,1256649,2,1.0,174,174,174,0,6.0,0,4,3,10,2018,0,95013,-29.120627226662243,-51.1410346120649
Gramado,Serra Gaúcha,Morada da Serra,Apartamento,—,1039748,2,1.0,49,49,49,0,2.0,0,1,5,6,1972,0,95670,-29.355120244389365,-50.900354804067604
Nova Prata,Serra Gaúcha,Sagrada Família,Casa,—,1072066,4,3.0,288,859,288,0,2.0,0,2,2,10,1971,2017,95322,-28.822152959331074,-51.66000388955635
Vila Flores,Serra Gaúcha,Bairro Alto,Terreno,Residencial Horizontes,129620,0,0.0,0,377,0,0,0.0,0,1,2,4,2006,0,95342,-28.834082089099656,-51.60010243619883
Porto Alegre,Capital,Moinhos de Vento,Casa,—,1705718,2,3.0,212,581,212,0,1.0,0,4,2,7,2008,0,90011,-30.0266418839468,-51.20828142652358
Veranópolis,Serra Gaúcha,Centro,Comercial,—,265887,0,1.0,119,223,119,0,2.0,0,2,2,5,1996,0,95335,-28.96552418952181,-51.53209516142389
Vila Flores,Serra Gaúcha,Bairro Alto,Casa,—,615005,2,2.0,245,597,245,0,3.0,0,0,5,7,1991,2022,95339,-28.851584952258026,-51.554856475966965
Caxias do Sul,Serra Gaúcha,Desvio Rizzo,Casa,—,2174359,4,1.5,251,396,251,0,2.0,0,3,4,10,2004,0,95013,-29.188626204018735,-51.19473042382237
Bento Gonçalves,Serra Gaúcha,Fátima,Condomínio Residencial,—,1754832,2,2.0,230,733,211,19,2.0,0,2,3,12,1977,0,95707,-29.128803884259394,-51.520058280619836
Nova Petrópolis,Serra Gaúcha,Vila Nova,Apartamento,—,591382,1,1.0,146,146,146,0,4.0,0,4,5,8,1990,2000,95157,-29.375810873135396,-51.0713118368714
Caxias do Sul,Serra Gaúcha,Desvio Rizzo,Condomínio Residencial,—,3830896,2,3.5,347,586,347,0,2.0,0,1,4,8,1980,0,95012,-29.13616100845286,-51.14991921939587
Nova Prata,Serra Gaúcha,Centro,Apartamento,—,619805,1,2.0,166,166,166,0,10.0,0,3,3,8,2000,0,95329,-28.734149065189623,-51.61291782371387
Porto Alegre,Capital,Cristal,Condomínio Residencial,—,2363257,3,2.0,233,535,233,0,3.0,0,4,3,11,1998,0,90011,-30.04260172411182,-51.186072128176285
Porto Alegre,Capital,Cristal,Casa,—,2124681,4,3.5,260,708,260,0,2.0,0,2,3,7,2002,0,90018,-30.066261030481403,-51.17174794198425
Gramado,Serra Gaúcha,Várzea Grande,Casa,—,2286647,3,2.5,103,617,103,0,2.0,0,0,4,10,1997,0,95675,-29.36999791790898,-50.91991880389283
Nova Petrópolis,Serra Gaúcha,Linha Imperial,Comercial,—,231751,0,2.0,56,90,56,0,3.0,0,1,3,8,1971,0,95153,-29.334638434814455,-51.09975457164617
Porto Alegre,Capital,Chácara das Pedras,Apartamento,—,734867,3,2.0,92,92,92,0,1.0,0,1,3,9,1986,0,90010,-30.062679559419163,-51.17810013012703
Caxias do Sul,Serra Gaúcha,Marechal Floriano,Apartamento,—,1274094,3,1.0,174,174,174,0,6.0,0,4,3,9,2009,0,95012,-29.214031030428494,-51.15573303306017
Porto Alegre,Capital,Petrópolis,Condomínio Residencial,—,2572971,4,3.5,273,802,273,0,1.0,0,0,3,11,1986,2005,90010,-30.08317006399586,-51.22380518244476
Veranópolis,Serra Gaúcha,Interior,Comercial,—,500359,0,2.0,184,277,184,0,1.0,0,1,3,5,2010,2019,95332,-28.96489501107148,-51.57487069906154
Nova Prata,Serra Gaúcha,Sagrada Família,Condomínio Residencial,—,1023735,3,3.5,229,437,229,0,3.0,0,1,5,12,1981,0,95326,-28.773954249727378,-51.618505858586296
Porto Alegre,Capital,Partenon,Apartamento,—,1273677,3,2.0,179,179,179,0,2.0,0,3,2,10,1995,2000,90011,-30.072043572470058,-51.19694372473004
Nova Petrópolis,Serra Gaúcha,Linha Imperial,Casa,—,1482095,2,3.0,295,475,295,0,3.0,0,2,2,6,1983,2003,95150,-29.37797692381761,-51.071666763180076
Nova Petrópolis,Serra Gaúcha,Linha Imperial,Comercial,—,1056561,0,2.0,279,475,279,0,2.0,0,1,4,8,1977,0,95154,-29.382753187749785,-51.125001324822065
Caxias do Sul,Serra Gaúcha,Marechal Floriano,Apartamento,—,1057152,3,1.0,146,146,146,0,5.0,0,4,3,8,2017,0,95010,-29.181633720080576,-51.13453958826135
Nova Prata,Serra Gaúcha,Santa Cruz,Apartamento,—,571810,2,2.0,171,171,171,0,6.0,0,3,2,7,1976,2015,95320,-28.743600438184135,-51.61123187353816
Caxias do Sul,Serra Gaúcha,Sagrada Família,Apartamento,—,583926,3,2.0,75,75,75,0,12.0,0,0,5,10,2009,0,95015,-29.139364415382627,-51.212216886090815
Porto Alegre,Capital,Bela Vista,Terreno,—,1870911,0,0.0,0,1103,0,0,0.0,0,1,3,6,1998,0,90019,-30.06741767592703,-51.25552535799741
Bento Gonçalves,Serra Gaúcha,Planalto,Casa,—,1656537,2,2.0,281,615,281,0,3.0,0,3,5,8,1999,0,95705,-29.144444077487716,-51.503355180683236
Porto Alegre,Capital,Partenon,Apartamento,—,1004281,2,1.0,123,123,123,0,1.0,0,0,5,9,2023,0,90015,-30.05092901267046,-51.19104211061233
Porto Alegre,Capital,Cristal,Comercial,—,858231,0,2.0,124,252,124,0,2.0,0,1,3,9,1986,0,90017,-29.999079140959914,-51.243460394629096
Vila Flores,Serra Gaúcha,Bairro Alto,Terreno,Residencial Horizontes,188495,0,0.0,0,508,0,0,0.0,0,2,1,5,1998,0,95342,-28.812755004367347,-51.63066881654943
Caxias do Sul,Serra Gaúcha,São Pelegrino,Comercial,—,692100,0,1.0,105,274,105,0,1.0,0,2,3,9,2006,0,95013,-29.121706372951138,-51.18653653499938
Porto Alegre,Capital,Centro Histórico,Casa,—,1470390,4,2.0,199,385,199,0,2.0,0,0,4,7,2000,0,90019,-30.00650672607352,-51.18793301063809
Nova Prata,Serra Gaúcha,Santa Cruz,Casa,—,844441,2,1.5,258,455,258,0,1.0,0,4,4,10,1988,0,95325,-28.752172381608066,-51.63612360537853
Farroupilha,Serra Gaúcha,Cinquentenário,Apartamento,—,861919,2,1.0,164,164,164,0,4.0,0,4,4,8,1973,2007,95189,-29.23911491730261,-51.29930008545689
Porto Alegre,Capital,Três Figueiras,Casa,—,2045803,3,3.0,253,470,182,71,1.0,0,3,5,7,2018,0,90016,-30.020444747061994,-51.260304928005354
Gramado,Serra Gaúcha,Várzea Grande,Casa,—,5518640,3,3.0,266,635,266,0,2.0,0,1,2,10,1981,0,95676,-29.421089160691967,-50.92311652299003
Bento Gonçalves,Serra Gaúcha,Planalto,Casa,—,1129453,2,3.5,187,489,187,0,3.0,0,0,4,7,1994,0,95701,-29.121738651512135,-51.51041641718817
Porto Alegre,Capital,Partenon,Casa,—,1443696,3,3.5,179,586,179,0,2.0,0,3,5,9,2020,0,90010,-30.057143539063304,-51.26061954758626
Veranópolis,Serra Gaúcha,Femaçã,Terreno,Femaçã médio,222636,0,0.0,0,496,0,0,0.0,0,3,3,5,2004,0,95336,-28.90444545564667,-51.59776637948623
Caxias do Sul,Serra Gaúcha,Exposição,Apartamento,—,732936,3,2.0,87,87,87,0,6.0,0,1,4,10,2006,2002,95015,-29.135542375870298,-51.14337397752677
Farroupilha,Serra Gaúcha,Pio X,Comercial,—,1471158,0,1.0,295,425,295,0,1.0,0,0,3,8,1995,0,95189,-29.195427233919023,-51.32268000292597
Canela,Serra Gaúcha,Centro,Apartamento,—,1775328,1,2.0,119,119,119,0,5.0,0,3,4,6,2016,0,95689,-29.40908624308593,-50.80028976881908
Veranópolis,Serra Gaúcha,Renovação,Condomínio Residencial,—,1230823,3,2.5,323,644,287,36,1.0,0,1,5,9,2017,0,95334,-28.946418382055686,-51.58895877284908
Gramado,Serra Gaúcha,Mato Queimado,Comercial,—,4793487,0,1.0,260,459,260,0,2.0,0,2,5,8,1994,2017,95670,-29.38117993667171,-50.87666854664654
Canela,Serra Gaúcha,Reserva da Serra,Casa,—,3309079,4,2.5,220,528,220,0,1.0,0,3,2,6,2010,0,95681,-29.3594455221677,-50.81422900658565
Vila Flores,Serra Gaúcha,Centro,Terreno,Clube Residencial Paraíso,256424,0,0.0,0,1059,0,0,0.0,0,3,1,4,2015,0,95336,-28.874480373322697,-51.64458269953208
Caxias do Sul,Serra Gaúcha,São Pelegrino,Comercial,—,2394675,0,1.0,378,421,378,0,1.0,0,1,2,7,1978,2008,95017,-29.19563619964273,-51.21760229788934
Gramado,Serra Gaúcha,Centro,Condomínio Residencial,—,4142113,4,2.5,173,494,173,0,2.0,0,2,3,11,2017,0,95670,-29.371039070318748,-50.911997270004996
Nova Prata,Serra Gaúcha,Sagrada Família,Apartamento,—,493633,1,2.0,148,148,148,0,5.0,0,0,5,9,2008,0,95321,-28.784489728387044,-51.565088490575604
Canela,Serra Gaúcha,Fontes do Ipê,Apartamento,—,940088,3,1.0,67,67,67,0,7.0,0,2,3,9,1988,0,95680,-29.39532465549279,-50.827559302354686
Porto Alegre,Capital,Bela Vista,Apartamento,—,557655,1,2.0,73,73,73,0,10.0,0,2,2,6,1986,0,90016,-30.001003866891597,-51.25750575476624
Bento Gonçalves,Serra Gaúcha,São Roque,Apartamento,—,531854,1,1.0,77,77,77,0,5.0,0,2,5,8,1984,0,95701,-29.171650951707733,-51.538558657437456
Porto Alegre,Capital,Moinhos de Vento,Apartamento,—,881782,3,2.0,125,125,125,0,3.0,0,0,3,7,2020,0,90012,-30.006521279806734,-51.19320426879859
Caxias do Sul,Serra Gaúcha,Centro,Casa,—,1724466,2,2.0,219,434,219,0,1.0,0,1,5,8,2022,0,95013,-29.193025620131703,-51.183373065586395
Porto Alegre,Capital,Centro Histórico,Condomínio Residencial,—,1122775,2,2.0,124,542,124,0,1.0,0,0,3,11,1976,0,90017,-30.05408179672555,-51.19534316853055
Veranópolis,Serra Gaúcha,Medianeira,Terreno,Medianeira,259416,0,0.0,0,670,0,0,0.0,0,0,1,6,2013,0,95331,-28.88785914139787,-51.53610232258476
Veranópolis,Serra Gaúcha,Femaçã,Terreno,Morada do Bosque,463700,0,0.0,0,504,0,0,0.0,0,2,3,6,1994,0,95336,-28.95171520414245,-51.524062214473794
Caxias do Sul,Serra Gaúcha,Desvio Rizzo,Condomínio Residencial,—,2296072,3,3.0,219,457,198,21,3.0,0,3,5,12,1982,0,95015,-29.121883517599983,-51.144514701846425
Vila Flores,Serra Gaúcha,Centro,Terreno,Florescer Parque Residencial,298000,0,0.0,0,480,0,0,0.0,0,1,3,6,2025,0,95335,-28.86887038871002,-51.59600875518192
Nova Prata,Serra Gaúcha,São Cristóvão,Comercial,—,813339,0,1.0,257,430,257,0,2.0,0,1,2,6,1989,2016,95322,-28.764191091872124,-51.57160430047375
Veranópolis,Serra Gaúcha,Renovação,Condomínio Residencial,—,613362,3,2.0,157,365,106,51,2.0,0,4,5,11,1982,0,95335,-28.97709626464477,-51.60581988488143
Porto Alegre,Capital,Mont'Serrat,Apartamento,—,1037879,1,1.0,134,134,134,0,6.0,0,1,5,10,1970,0,90017,-30.037758904664038,-51.21759098517717
Vila Flores,Serra Gaúcha,Linha Aimoré,Casa,—,254978,4,1.5,95,482,95,0,2.0,0,3,5,7,2011,0,95340,-28.814166712996688,-51.58796807512095
Caxias do Sul,Serra Gaúcha,Sanvitto,Condomínio Residencial,—,2568673,3,2.0,268,652,268,0,2.0,0,3,5,11,2023,2010,95016,-29.20745326074154,-51.16287379063827
Farroupilha,Serra Gaúcha,São Caetano,Apartamento,—,887749,3,1.0,169,169,169,0,8.0,0,2,3,6,2003,0,95188,-29.24959822643581,-51.32575951939347
Vila Flores,Serra Gaúcha,Bairro Alto,Terreno,Residencial Horizontes,214592,0,0.0,0,582,0,0,0.0,0,1,1,4,2018,0,95336,-28.904842576122725,-51.6135652828619
Nova Prata,Serra Gaúcha,Santa Cruz,Apartamento,—,428888,3,1.0,121,121,121,0,2.0,0,4,4,10,1984,0,95322,-28.76213055973619,-51.593041020070096
Canela,Serra Gaúcha,Centro,Casa,—,3757191,4,3.0,271,515,271,0,1.0,0,4,4,7,1994,2016,95684,-29.33896237962475,-50.84727756302759
Garibaldi,Serra Gaúcha,Progresso,Casa,—,760088,3,2.5,168,425,168,0,2.0,0,0,4,8,2022,0,95728,-29.214935024026207,-51.54217327345098
Gramado,Serra Gaúcha,Morada da Serra,Comercial,—,2006291,0,2.0,138,159,138,0,3.0,0,1,3,6,1982,0,95672,-29.42580052115189,-50.86433305394464
Farroupilha,Serra Gaúcha,Desvio Rizzo,Casa,—,1144319,3,3.0,215,356,141,74,1.0,0,4,3,6,2019,0,95187,-29.199713863649304,-51.34273433323363
Vila Flores,Serra Gaúcha,Bairro Alto,Terreno,Residencial Horizontes,195216,0,0.0,0,501,0,0,0.0,0,1,3,6,2007,0,95339,-28.84939157305237,-51.593918097223
Caxias do Sul,Serra Gaúcha,Exposição,Casa,—,1655034,2,1.0,224,696,174,50,1.0,0,4,5,8,1988,2017,95016,-29.175419277735934,-51.20299394108466
Caxias do Sul,Serra Gaúcha,Sagrada Família,Apartamento,—,1492066,3,1.0,170,170,170,0,1.0,0,2,5,8,2007,0,95013,-29.14685857455579,-51.157142902327784
Vila Flores,Serra Gaúcha,Linha Aimoré,Casa,—,605538,2,2.0,217,738,181,36,2.0,1,3,5,8,1975,2023,95340,-28.835145737672647,-51.60384896198889
Caxias do Sul,Serra Gaúcha,Santa Catarina,Condomínio Residencial,—,3156602,2,2.0,336,825,336,0,2.0,0,4,5,11,2005,2016,95017,-29.165234688296128,-51.18042677959914
Canela,Serra Gaúcha,Centro,Casa,—,1711742,4,1.5,122,562,122,0,1.0,0,0,3,7,2011,0,95686,-29.36452592692005,-50.81710389898338
Porto Alegre,Capital,Centro Histórico,Apartamento,—,1093187,2,1.0,152,152,152,0,5.0,0,4,4,7,2007,0,90014,-30.0471594718816,-51.200060799973905
Farroupilha,Serra Gaúcha,Centro,Casa,—,855747,3,1.0,155,486,155,0,1.0,0,2,2,7,1990,0,95185,-29.23592496755829,-51.375986376380304
Porto Alegre,Capital,Moinhos de Vento,Apartamento,—,422968,2,2.0,61,61,61,0,8.0,0,0,4,10,2010,0,90013,-30.0546241033361,-51.18899018354508
Caxias do Sul,Serra Gaúcha,Santa Catarina,Apartamento,—,814140,3,1.0,101,101,101,0,2.0,0,2,5,8,2018,2015,95014,-29.17926974511967,-51.13625646578597
Nova Petrópolis,Serra Gaúcha,Centro,Casa,—,791863,4,3.5,169,279,169,0,1.0,0,0,3,9,1992,2001,95155,-29.34574774857254,-51.077918231930305
Farroupilha,Serra Gaúcha,Cinquentenário,Condomínio Residencial,—,1799352,2,3.5,262,857,262,0,2.0,0,0,4,10,1991,0,95189,-29.198345497624118,-51.30522861007326
Porto Alegre,Capital,Chácara das Pedras,Apartamento,—,1034707,3,1.0,141,141,141,0,10.0,0,3,4,10,2007,2011,90012,-29.990238498576904,-51.212818292148135
Vila Flores,Serra Gaúcha,Centro,Casa,—,646348,2,3.0,256,417,256,0,1.0,0,2,4,9,2007,0,95344,-28.83782744341448,-51.57632880855213
Porto Alegre,Capital,Cidade Baixa,Terreno,—,1962001,0,0.0,0,1023,0,0,0.0,0,1,1,3,2020,0,90012,-30.047401195547643,-51.19940343447872
Porto Alegre,Capital,Menino Deus,Comercial,—,2117031,0,2.0,298,334,298,0,1.0,0,2,5,5,1971,0,90016,-30.07706894561307,-51.26009797978626
Porto Alegre,Capital,Cristal,Casa,—,672534,2,3.5,89,573,89,0,2.0,0,3,4,7,1991,0,90013,-30.047135704494842,-51.168913804082564
Canela,Serra Gaúcha,Fontes do Ipê,Apartamento,—,1050153,1,1.0,78,78,78,0,3.0,0,1,5,10,1999,2013,95683,-29.344539341755677,-50.77929737964223
Caxias do Sul,Serra Gaúcha,Exposição,Apartamento,—,1324355,2,2.0,154,154,154,0,8.0,0,3,5,9,2001,2012,95017,-29.14016014206237,-51.21828457430013
Nova Prata,Serra Gaúcha,Frizon,Apartamento,—,296523,3,1.0,83,83,83,0,4.0,1,0,5,7,2003,2000,95321,-28.781099119950106,-51.619859314494136
Vila Flores,Serra Gaúcha,Linha Aimoré,Apartamento,—,397708,2,2.0,156,156,156,0,4.0,0,1,5,7,1988,0,95341,-28.91085268027532,-51.58137632307599
Nova Petrópolis,Serra Gaúcha,Centro,Terreno,—,1100898,0,0.0,0,1072,0,0,0.0,0,2,2,3,2018,0,95156,-29.394945018055918,-51.114466451012966
Vila Flores,Serra Gaúcha,Centro,Terreno,Florescer Parque Residencial,285000,0,0.0,0,420,0,0,0.0,0,0,3,6,2018,0,95335,-28.859587020304808,-51.59158313219819
Vila Flores,Serra Gaúcha,Linha Aimoré,Casa,—,320997,2,1.5,135,360,135,0,1.0,0,1,3,8,2017,0,95339,-28.823027696706635,-51.55942930814435
Veranópolis,Serra Gaúcha,Medianeira,Comercial,—,583211,0,1.0,217,248,217,0,1.0,0,0,3,7,2011,0,95339,-28.95034109355612,-51.51078251401399
Veranópolis,Serra Gaúcha,Femaçã,Terreno,Femaçã médio,223652,0,0.0,0,392,0,0,0.0,0,2,3,6,2016,0,95335,-28.951124932963154,-51.56473996485231
Veranópolis,Serra Gaúcha,Femaçã,Terreno,Femaçã médio,239076,0,0.0,0,492,0,0,0.0,0,1,3,6,2020,0,95336,-28.922005195497654,-51.52845492943098
Porto Alegre,Capital,Três Figueiras,Casa,—,666013,4,1.0,84,512,84,0,1.0,0,4,3,10,1989,2018,90019,-30.048434781718814,-51.21161328754878
Porto Alegre,Capital,Mont'Serrat,Casa,—,1951325,3,3.5,265,601,203,62,1.0,0,2,3,5,1988,0,90016,-30.039330812298417,-51.21861040756645
Farroupilha,Serra Gaúcha,São Caetano,Apartamento,—,816806,3,1.0,150,150,150,0,6.0,0,0,4,9,2013,0,95188,-29.17753108200181,-51.34713400753366
Veranópolis,Serra Gaúcha,Renovação,Apartamento,—,123157,3,2.0,45,45,45,0,1.0,0,0,2,6,1994,0,95332,-28.90743736826505,-51.51556926619692
Bento Gonçalves,Serra Gaúcha,Planalto,Apartamento,—,606554,1,2.0,103,103,103,0,5.0,0,4,4,10,2022,0,95700,-29.167212145484584,-51.527764197098065
Caxias do Sul,Serra Gaúcha,Centro,Condomínio Residencial,—,2146336,4,3.0,207,633,207,0,3.0,0,4,4,12,2018,2015,95016,-29.12974175256257,-51.20785688069137
Gramado,Serra Gaúcha,Canavial,Condomínio Residencial,—,4179314,3,3.0,171,317,171,0,2.0,0,3,4,11,1983,0,95677,-29.368263715978447,-50.860251923160675
Farroupilha,Serra Gaúcha,São Caetano,Apartamento,—,813301,2,2.0,145,145,145,0,8.0,0,3,2,9,1976,2002,95185,-29.20244589520482,-51.385913441155864
Nova Prata,Serra Gaúcha,Sagrada Família,Apartamento,—,329477,3,1.0,86,86,86,0,1.0,0,1,4,8,2005,0,95322,-28.74230980005395,-51.601650272399844
Gramado,Serra Gaúcha,Canavial,Casa,—,5052075,3,3.0,244,532,244,0,2.0,0,3,3,8,1994,2009,95675,-29.41014063180605,-50.91761884087642
Bento Gonçalves,Serra Gaúcha,São Roque,Terreno,—,1547433,0,0.0,0,1112,0,0,0.0,0,3,2,6,2017,0,95704,-29.1875398632612,-51.47843156369912
Vila Flores,Serra Gaúcha,Linha Aimoré,Terreno,Linha Aimoré,158012,0,0.0,0,839,0,0,0.0,0,0,1,4,1991,0,95338,-28.87296552759184,-51.593615562878426
Vila Flores,Serra Gaúcha,Centro,Terreno,Florescer Parque Residencial,278000,0,0.0,0,420,0,0,0.0,0,1,3,6,2021,0,95335,-28.85053461352409,-51.59363499311413
Caxias do Sul,Serra Gaúcha,Sanvitto,Comercial,—,572977,0,2.0,89,177,89,0,2.0,0,2,2,7,2018,0,95018,-29.18438410691461,-51.20749570401656
Bento Gonçalves,Serra Gaúcha,Charqueadas,Condomínio Residencial,—,2113013,4,3.0,287,655,287,0,2.0,0,2,5,11,2008,0,95708,-29.176954517687953,-51.504570267423006
Porto Alegre,Capital,Centro Histórico,Casa,—,1469954,3,1.5,196,523,138,58,1.0,0,4,2,7,1982,2008,90017,-29.99630134429188,-51.23529149299724
Gramado,Serra Gaúcha,Várzea Grande,Casa,—,2279711,4,1.0,110,703,70,40,2.0,1,1,5,5,2023,2009,95671,-29.416507410724652,-50.870574438009996
Farroupilha,Serra Gaúcha,Cinquentenário,Condomínio Residencial,—,1574942,3,2.5,209,422,202,7,2.0,0,0,4,8,1999,0,95189,-29.26511132794082,-51.35308814193811
Veranópolis,Serra Gaúcha,Medianeira,Casa,—,847985,3,1.5,277,415,277,0,1.0,0,4,2,7,1979,2001,95338,-28.894272779505588,-51.566185000877375
Veranópolis,Serra Gaúcha,Femaçã,Terreno,Femaçã médio,244464,0,0.0,0,475,0,0,0.0,0,2,3,5,1996,0,95335,-28.92946367044937,-51.56715498990934
Caxias do Sul,Serra Gaúcha,Marechal Floriano,Comercial,—,422984,0,1.0,73,148,73,0,1.0,0,0,5,8,2016,0,95011,-29.17741655089992,-51.226778646753274
Bento Gonçalves,Serra Gaúcha,Centro,Comercial,—,2118388,0,1.0,364,371,364,0,2.0,0,1,2,9,1985,0,95708,-29.211670555529594,-51.472618311070974
Porto Alegre,Capital,Mont'Serrat,Apartamento,—,633549,3,2.0,83,83,83,0,4.0,0,3,4,7,1980,2019,90019,-30.01744451018856,-51.21944511688155
Canela,Serra Gaúcha,Jardim,Condomínio Residencial,—,6668582,2,2.0,348,909,348,0,2.0,0,2,4,8,2022,0,95688,-29.33105867316544,-50.838751093937816
Nova Prata,Serra Gaúcha,Clivatti,Casa,—,892067,3,2.0,245,753,245,0,1.0,0,1,4,10,1979,0,95323,-28.76812268135699,-51.65444550660626
Bento Gonçalves,Serra Gaúcha,São Bento,Condomínio Residencial,—,1614413,4,2.0,191,329,191,0,1.0,0,4,4,9,1992,0,95700,-29.197516532318026,-51.56696328799722
Porto Alegre,Capital,Centro Histórico,Apartamento,—,1025219,1,2.0,149,149,149,0,4.0,0,3,3,6,1987,0,90016,-29.98527194622802,-51.2044311348727
Garibaldi,Serra Gaúcha,São João,Casa,—,1154330,2,1.5,225,674,179,46,2.0,0,0,3,8,1976,0,95729,-29.272464545287438,-51.503166378587316
Vila Flores,Serra Gaúcha,Linha Aimoré,Terreno,Linha Aimoré,183084,0,0.0,0,812,0,0,0.0,0,3,3,3,2016,0,95337,-28.892443591546815,-51.6026605252813
Canela,Serra Gaúcha,Industrial,Condomínio Residencial,—,5384252,2,2.0,319,594,319,0,1.0,0,4,5,10,1980,0,95686,-29.334299823486663,-50.81921479924622
Vila Flores,Serra Gaúcha,Centro,Terreno,Florescer Parque Residencial,263000,0,0.0,0,423,0,0,0.0,0,2,3,6,2024,0,95335,-28.85864212932696,-51.609175365794
Garibaldi,Serra Gaúcha,Santa Marta,Casa,—,835984,4,2.0,185,285,185,0,2.0,0,2,4,6,1995,2021,95727,-29.2943882091201,-51.48440647429901
Vila Flores,Serra Gaúcha,Linha Aimoré,Terreno,Linha Aimoré,206016,0,0.0,0,921,0,0,0.0,0,2,1,5,2019,0,95339,-28.846834588748735,-51.59789768406093
Nova Prata,Serra Gaúcha,Frizon,Casa,—,510501,4,3.0,149,632,149,0,2.0,0,2,2,9,2010,2010,95324,-28.795446580302766,-51.64548812455899
Porto Alegre,Capital,Boa Vista,Apartamento,—,1145829,3,2.0,166,166,166,0,12.0,0,4,3,9,2018,2006,90013,-30.019241302869784,-51.26717738654897
Porto Alegre,Capital,Três Figueiras,Apartamento,—,562560,3,1.0,74,74,74,0,1.0,0,2,5,6,1977,2011,90010,-30.0669728522947,-51.185097177618324
Caxias do Sul,Serra Gaúcha,Desvio Rizzo,Condomínio Residencial,—,2152041,4,2.5,232,539,229,3,2.0,0,1,5,12,1980,0,95010,-29.194732745901074,-51.21826169104807
Veranópolis,Serra Gaúcha,Medianeira,Apartamento,—,216612,3,2.0,74,74,74,0,1.0,0,3,5,6,1982,2007,95331,-28.971644678461356,-51.585487082506056
Veranópolis,Serra Gaúcha,Medianeira,Casa,—,897871,4,2.0,286,516,286,0,2.0,0,0,5,8,2015,0,95335,-28.91431433988137,-51.56902134997318
Bento Gonçalves,Serra Gaúcha,Centro,Apartamento,—,448704,2,1.0,64,64,64,0,4.0,0,0,4,7,2016,2002,95707,-29.16338998274133,-51.55908250889922
Caxias do Sul,Serra Gaúcha,Sanvitto,Casa,—,939846,3,3.5,109,569,109,0,2.0,0,3,4,10,2014,2021,95012,-29.190801126265086,-51.21279182810179
Vila Flores,Serra Gaúcha,Linha Aimoré,Apartamento,—,335088,2,1.0,142,142,142,0,4.0,0,3,5,8,2023,0,95341,-28.88999745887869,-51.579286789836
Canela,Serra Gaúcha,Jardim,Apartamento,—,669782,1,1.0,45,45,45,0,5.0,0,2,2,7,1971,0,95687,-29.364060441290697,-50.84983547439742
Caxias do Sul,Serra Gaúcha,Desvio Rizzo,Apartamento,—,823484,2,2.0,105,105,105,0,7.0,0,4,4,9,1986,2019,95010,-29.182540477926917,-51.21684963009696
Veranópolis,Serra Gaúcha,São Pelegrino,Terreno,Solar Norte,181801,0,0.0,0,432,0,0,0.0,0,3,1,3,2008,0,95334,-28.92728670331902,-51.583497888617025
Caxias do Sul,Serra Gaúcha,Marechal Floriano,Casa,—,937185,3,2.0,106,675,106,0,1.0,0,2,4,8,1973,0,95015,-29.139184956121674,-51.21278298114644
Bento Gonçalves,Serra Gaúcha,Charqueadas,Casa,—,864375,4,1.0,121,446,121,0,1.0,0,4,3,7,2015,0,95708,-29.204215246164576,-51.52113004732036
Gramado,Serra Gaúcha,Canavial,Comercial,—,3796427,0,1.0,206,271,206,0,1.0,0,0,5,5,1997,0,95672,-29.365835347404968,-50.83211279107724
Vila Flores,Serra Gaúcha,Centro,Terreno,Florescer Parque Residencial,310000,0,0.0,0,446,0,0,0.0,0,0,3,6,2021,0,95335,-28.869783592211697,-51.60113832338188
Caxias do Sul,Serra Gaúcha,Exposição,Casa,—,980958,2,1.0,114,623,114,0,1.0,0,4,4,8,2011,0,95013,-29.159417849661732,-51.17739544148959
Veranópolis,Serra Gaúcha,Femaçã,Terreno,Femaçã médio,337207,0,0.0,0,471,0,0,0.0,0,2,1,4,2014,0,95330,-28.903600601002065,-51.53801489977055
Vila Flores,Serra Gaúcha,Bairro Alto,Apartamento,—,413349,1,2.0,176,176,176,0,2.0,0,1,3,6,1974,2006,95342,-28.85969244531126,-51.577111890338216
Canela,Serra Gaúcha,Jardim,Apartamento,—,1593036,2,1.0,114,114,114,0,6.0,0,2,4,10,2019,0,95683,-29.321700771784894,-50.780233277862294
Porto Alegre,Capital,Bela Vista,Apartamento,—,1018276,1,2.0,131,131,131,0,6.0,0,3,3,9,1985,0,90011,-30.023274756385735,-51.1866499235379
Porto Alegre,Capital,Moinhos de Vento,Apartamento,—,528839,1,2.0,68,68,68,0,8.0,0,0,2,8,2016,0,90018,-30.06384846852139,-51.19095847188166
Caxias do Sul,Serra Gaúcha,Sagrada Família,Apartamento,—,670818,2,1.0,82,82,82,0,5.0,0,2,4,7,2017,0,95013,-29.217435600380323,-51.14341857186818
Caxias do Sul,Serra Gaúcha,Desvio Rizzo,Apartamento,—,1278827,3,2.0,160,160,160,0,3.0,0,3,2,9,1970,2006,95016,-29.130363849479686,-51.2244971701414
Nova Prata,Serra Gaúcha,São Cristóvão,Condomínio Residencial,—,1221761,4,3.5,282,412,282,0,1.0,0,4,5,12,2012,2023,95320,-28.81310628688833,-51.61500121608562
Nova Petrópolis,Serra Gaúcha,Vila Nova,Casa,—,505442,3,2.5,119,584,119,0,2.0,0,3,4,6,2005,0,95150,-29.421961603650043,-51.119997820927324
Porto Alegre,Capital,Três Figueiras,Condomínio Residencial,—,3262232,4,3.0,327,590,284,43,2.0,0,2,3,8,1976,0,90017,-30.081555313773055,-51.26411923818636
Farroupilha,Serra Gaúcha,Centro,Apartamento,—,318912,1,2.0,54,54,54,0,2.0,0,2,2,7,1986,0,95182,-29.24323534525645,-51.32295803789303
Veranópolis,Serra Gaúcha,Medianeira,Apartamento,—,231273,2,2.0,79,79,79,0,3.0,0,1,3,10,1997,0,95336,-28.904212397392985,-51.599451375774876
Garibaldi,Serra Gaúcha,Santa Marta,Casa,—,866878,2,1.0,182,476,156,26,2.0,0,2,4,10,1978,0,95728,-29.230092443588664,-51.504956239135396
Porto Alegre,Capital,Bela Vista,Apartamento,—,537135,3,2.0,70,70,70,0,5.0,0,1,3,6,1984,0,90012,-30.02729071302449,-51.19455655111013
Veranópolis,Serra Gaúcha,Medianeira,Terreno,Medianeira,245566,0,0.0,0,678,0,0,0.0,0,1,1,4,2016,0,95335,-28.934046862679978,-51.589226402738014
Garibaldi,Serra Gaúcha,Progresso,Apartamento,—,820765,1,2.0,167,167,167,0,7.0,0,2,2,10,2009,2009,95728,-29.257459721634223,-51.48926560101905
Porto Alegre,Capital,Mont'Serrat,Terreno,—,1316054,0,0.0,0,728,0,0,0.0,0,0,1,6,2000,0,90019,-29.987494775740725,-51.19201789079431
Bento Gonçalves,Serra Gaúcha,Centro,Casa,—,1074184,4,3.0,150,262,122,28,2.0,0,2,2,8,2020,0,95700,-29.18217102592266,-51.56682104547069
Garibaldi,Serra Gaúcha,Bela Vista,Casa,—,857714,3,1.0,170,266,170,0,3.0,0,2,3,8,1975,0,95724,-29.289414013551244,-51.511291125631665
Caxias do Sul,Serra Gaúcha,Sagrada Família,Condomínio Residencial,—,1409154,3,3.0,152,613,150,2,1.0,0,3,3,9,2015,0,95019,-29.199318099910354,-51.202865741022656
Nova Prata,Serra Gaúcha,Frizon,Casa,—,808669,3,2.0,212,707,212,0,2.0,0,4,4,8,2016,2011,95327,-28.74005827982887,-51.589414405866556
Nova Prata,Serra Gaúcha,Clivatti,Condomínio Residencial,—,1454550,4,3.0,306,836,306,0,2.0,0,4,4,11,1978,0,95329,-28.79627787968219,-51.58771874301866
Vila Flores,Serra Gaúcha,Centro,Terreno,Urbano avulso,159305,0,0.0,0,392,0,0,0.0,0,0,2,3,1991,0,95341,-28.884159748553703,-51.62099046372383
Nova Prata,Serra Gaúcha,Centro,Comercial,—,1001217,0,1.0,322,489,322,0,3.0,0,1,4,6,1995,0,95324,-28.79680167080883,-51.56561669893443
Garibaldi,Serra Gaúcha,Bela Vista,Casa,—,1095136,2,3.0,232,826,232,0,1.0,0,4,4,6,1974,0,95725,-29.22643349132169,-51.490443722101716
Bento Gonçalves,Serra Gaúcha,São Bento,Casa,—,1511605,3,3.0,219,549,219,0,2.0,0,0,4,7,1991,0,95705,-29.1841131385913,-51.47712317010126
Gramado,Serra Gaúcha,Várzea Grande,Condomínio Residencial,—,6782238,3,3.0,292,526,292,0,2.0,0,1,3,11,2003,0,95679,-29.34548791079979,-50.857967052731034
Porto Alegre,Capital,Petrópolis,Apartamento,—,670008,3,2.0,91,91,91,0,1.0,0,2,2,10,2000,0,90014,-29.992427788490694,-51.236721340297485
Porto Alegre,Capital,Boa Vista,Casa,—,517168,4,1.0,71,350,71,0,2.0,0,2,4,5,2012,2011,90014,-30.047508153405097,-51.19699201000095
Vila Flores,Serra Gaúcha,Centro,Terreno,Florescer Parque Residencial,295000,0,0.0,0,420,0,0,0.0,0,1,3,6,2021,0,95335,-28.85998584623381,-51.5933724848798
Caxias do Sul,Serra Gaúcha,Centro,Apartamento,—,1438045,2,1.0,166,166,166,0,6.0,0,2,4,10,2000,2022,95010,-29.140036739498196,-51.21320636466216
Caxias do Sul,Serra Gaúcha,Sanvitto,Casa,—,776488,4,3.5,102,242,67,35,1.0,0,3,5,9,1985,0,95014,-29.12082507732584,-51.18192582582928
Canela,Serra Gaúcha,Centro,Casa,—,3318314,3,1.0,211,307,211,0,2.0,0,2,2,8,2021,0,95689,-29.335166801192926,-50.845095170474245
Bento Gonçalves,Serra Gaúcha,Centro,Casa,—,1182462,2,3.5,196,469,196,0,1.0,1,4,3,5,1976,0,95701,-29.138908412307124,-51.49480543337688
Bento Gonçalves,Serra Gaúcha,Centro,Apartamento,—,389089,3,2.0,62,62,62,0,4.0,0,2,2,10,1973,0,95707,-29.136800586520685,-51.56374706786393
Nova Prata,Serra Gaúcha,Interior,Casa,—,406951,4,3.0,104,651,36,68,3.0,0,2,3,6,2021,0,95326,-28.75355913149374,-51.61470398723409
Farroupilha,Serra Gaúcha,Pio X,Casa,—,838588,2,2.0,161,678,128,33,1.0,0,0,5,8,1982,0,95183,-29.27183747627566,-51.353402350902385
Nova Prata,Serra Gaúcha,São Cristóvão,Terreno,Lot. Colinas do Caravaggio,156451,0,0.0,0,397,0,0,0.0,0,1,2,6,1991,0,95325,-28.831610380968954,-51.63042576689975
Nova Petrópolis,Serra Gaúcha,Recanto Suíço,Terreno,—,578550,0,0.0,0,511,0,0,0.0,0,0,2,5,2015,0,95159,-29.366747085487194,-51.13639075540068
Veranópolis,Serra Gaúcha,São Pelegrino,Casa,—,739833,2,2.0,234,594,194,40,1.0,0,0,3,9,2017,0,95338,-28.940768523615098,-51.54025188761102
Farroupilha,Serra Gaúcha,Pio X,Apartamento,—,934593,3,2.0,158,158,158,0,5.0,0,0,3,10,2004,0,95187,-29.22139232947267,-51.377165217940934
Porto Alegre,Capital,Moinhos de Vento,Comercial,—,2696043,0,1.0,384,496,384,0,2.0,0,1,2,6,2009,0,90010,-30.040906912448932,-51.26337430759807
Bento Gonçalves,Serra Gaúcha,Charqueadas,Casa,—,1059198,3,3.0,158,633,158,0,2.0,0,0,2,5,2013,0,95702,-29.163341613363357,-51.47277268459074
Nova Petrópolis,Serra Gaúcha,Recanto Suíço,Casa,—,514113,4,1.0,117,648,92,25,1.0,0,2,3,9,1991,2023,95157,-29.37479386690404,-51.09951835591675
Porto Alegre,Capital,Moinhos de Vento,Casa,—,2094846,2,3.0,265,371,265,0,1.0,0,0,2,7,1972,0,90019,-30.004953958489875,-51.17271979277142
Bento Gonçalves,Serra Gaúcha,Charqueadas,Terreno,—,1408652,0,0.0,0,1003,0,0,0.0,0,3,3,6,1996,0,95705,-29.123300463041318,-51.505589899872426
Porto Alegre,Capital,Centro Histórico,Apartamento,—,1019574,2,2.0,145,145,145,0,1.0,0,1,5,10,1981,0,90012,-30.01818154913631,-51.19389303494645
Porto Alegre,Capital,Partenon,Apartamento,—,409361,3,1.0,54,54,54,0,5.0,0,0,4,9,1985,0,90013,-30.079570179784263,-51.17090469145555
Canela,Serra Gaúcha,Industrial,Casa,—,1580578,2,1.0,118,540,39,79,1.0,0,1,5,5,2003,0,95684,-29.378838893221577,-50.796576197148944
Porto Alegre,Capital,Três Figueiras,Condomínio Residencial,—,1576012,4,2.5,170,692,170,0,2.0,0,3,4,9,2009,2008,90015,-30.078519476762693,-51.20536624015877
Caxias do Sul,Serra Gaúcha,Exposição,Terreno,—,2014983,0,0.0,0,1053,0,0,0.0,0,3,1,6,1992,0,95017,-29.215333593537572,-51.224169497420235
Canela,Serra Gaúcha,Fontes do Ipê,Comercial,—,4157865,0,2.0,376,531,376,0,1.0,0,0,4,8,1993,0,95683,-29.38564634242482,-50.793312123177174
Gramado,Serra Gaúcha,Canavial,Terreno,—,4035059,0,0.0,0,903,0,0,0.0,0,3,1,4,2012,0,95677,-29.372257934919038,-50.87100912315096
Caxias do Sul,Serra Gaúcha,Marechal Floriano,Apartamento,—,417970,2,1.0,50,50,50,0,1.0,0,0,3,10,1983,0,95017,-29.193376595144187,-51.1488704642805
Caxias do Sul,Serra Gaúcha,Sagrada Família,Apartamento,—,1183763,3,1.0,139,139,139,0,12.0,0,1,2,8,1976,0,95018,-29.1464656893279,-51.17146534339887
Porto Alegre,Capital,Partenon,Apartamento,—,1009363,2,2.0,141,141,141,0,6.0,0,0,2,6,2009,2009,90010,-30.019978531793754,-51.178058863938524
Farroupilha,Serra Gaúcha,São Caetano,Casa,—,930922,4,1.0,154,745,154,0,2.0,0,0,2,10,1970,0,95185,-29.20442045801229,-51.38762817055658
Caxias do Sul,Serra Gaúcha,Exposição,Apartamento,—,696186,1,1.0,91,91,91,0,8.0,0,0,2,6,1983,2004,95015,-29.177676047916655,-51.1742409787363
Gramado,Serra Gaúcha,Várzea Grande,Condomínio Residencial,—,6534727,3,2.0,235,775,235,0,3.0,0,1,5,10,1980,0,95671,-29.389716229008997,-50.90608165694152
Nova Petrópolis,Serra Gaúcha,Centro,Terreno,—,451897,0,0.0,0,481,0,0,0.0,0,1,3,4,2019,0,95159,-29.350109317123287,-51.12633372290141
Caxias do Sul,Serra Gaúcha,Santa Catarina,Casa,—,911406,3,1.0,121,664,121,0,2.0,0,1,4,9,2004,0,95012,-29.18511653250761,-51.198855822150726
Veranópolis,Serra Gaúcha,Femaçã,Terreno,Femaçã médio,228817,0,0.0,0,362,0,0,0.0,0,3,2,3,2005,0,95337,-28.921275419134517,-51.550604830349805
Veranópolis,Serra Gaúcha,Renovação,Casa,—,196672,2,1.0,71,249,71,0,1.0,0,2,5,10,2020,2022,95337,-28.986247374208286,-51.59837954355354
Nova Prata,Serra Gaúcha,Centro,Condomínio Residencial,—,1378807,2,3.0,297,579,297,0,1.0,0,2,4,11,1978,2017,95323,-28.80981939594898,-51.63283086051831
Garibaldi,Serra Gaúcha,Bela Vista,Casa,—,1432518,2,1.5,278,620,208,70,1.0,0,3,3,5,1974,0,95728,-29.228438883795047,-51.54838136715106
Veranópolis,Serra Gaúcha,Femaçã,Terreno,Femaçã médio,260040,0,0.0,0,419,0,0,0.0,0,3,1,3,2018,0,95332,-28.987344965813012,-51.52385943139048
Caxias do Sul,Serra Gaúcha,Exposição,Comercial,—,195117,0,1.0,30,157,30,0,1.0,0,2,2,9,2016,2005,95017,-29.2089388006245,-51.130794964331635
Caxias do Sul,Serra Gaúcha,Santa Catarina,Terreno,—,1999077,0,0.0,0,1136,0,0,0.0,0,1,1,5,2019,0,95016,-29.123691587454125,-51.150434154623646
Caxias do Sul,Serra Gaúcha,Sagrada Família,Condomínio Residencial,—,3121865,2,3.0,296,644,296,0,2.0,0,4,5,8,1971,0,95018,-29.17523675567028,-51.224590715965384
Bento Gonçalves,Serra Gaúcha,Charqueadas,Terreno,—,1775065,0,0.0,0,1190,0,0,0.0,0,1,2,5,2001,0,95706,-29.20276548281037,-51.50833455791903
Porto Alegre,Capital,Cidade Baixa,Comercial,—,865647,0,2.0,142,195,142,0,2.0,0,2,2,5,1987,0,90019,-29.998179389067985,-51.26684851223551
Bento Gonçalves,Serra Gaúcha,São Bento,Casa,—,1046082,3,2.0,175,736,175,0,2.0,0,1,4,7,1987,0,95709,-29.16138070602313,-51.49334578306719
Vila Flores,Serra Gaúcha,Linha Aimoré,Casa,—,379914,4,2.5,139,723,139,0,3.0,0,2,4,5,1997,0,95343,-28.908633393090025,-51.635234773320356
Garibaldi,Serra Gaúcha,Santa Marta,Apartamento,—,475021,3,1.0,93,93,93,0,2.0,0,0,4,10,2008,0,95720,-29.302641464364555,-51.49291738147112
Vila Flores,Serra Gaúcha,Bairro Alto,Casa,—,668525,4,2.0,286,750,286,0,1.0,0,0,3,9,1987,2005,95337,-28.883485132115226,-51.598322412809054
Vila Flores,Serra Gaúcha,Bairro Alto,Condomínio Residencial,—,493912,4,3.5,149,585,149,0,2.0,0,2,3,12,2010,0,95339,-28.89999541304835,-51.63587118145766
Caxias do Sul,Serra Gaúcha,São Pelegrino,Condomínio Residencial,—,3387164,2,3.0,311,557,311,0,1.0,0,2,3,12,2011,0,95012,-29.198573387841336,-51.201656600770406
Nova Prata,Serra Gaúcha,Centro,Comercial,—,347012,0,1.0,107,273,107,0,1.0,0,1,2,8,1978,0,95325,-28.762248663504508,-51.58563629512394
Caxias do Sul,Serra Gaúcha,Exposição,Apartamento,—,606069,3,2.0,82,82,82,0,4.0,0,2,2,10,1994,0,95016,-29.180726212031495,-51.13236638086205
Porto Alegre,Capital,Cidade Baixa,Apartamento,—,674467,2,1.0,93,93,93,0,1.0,0,0,5,8,1983,2003,90016,-30.046015357508423,-51.25777731215626
Vila Flores,Serra Gaúcha,Centro,Terreno,Florescer Parque Residencial,320000,0,0.0,0,459,0,0,0.0,0,1,3,6,2022,0,95335,-28.851504101510933,-51.61021049035895
Bento Gonçalves,Serra Gaúcha,Planalto,Casa,—,1070916,4,3.0,178,708,108,70,1.0,0,3,5,10,1973,0,95705,-29.131613140276276,-51.55913785936608
Nova Prata,Serra Gaúcha,Centro,Terreno,Lot. Gênova,238945,0,0.0,0,374,0,0,0.0,0,2,3,4,2013,0,95322,-28.800926197028797,-51.626764230102054
Porto Alegre,Capital,Mont'Serrat,Terreno,—,1964779,0,0.0,0,1160,0,0,0.0,0,2,1,6,2017,0,90019,-30.072267789085526,-51.20691846318327
Canela,Serra Gaúcha,Reserva da Serra,Terreno,—,4052072,0,0.0,0,1155,0,0,0.0,0,1,3,4,1992,0,95688,-29.368733972930627,-50.83856447460797
Porto Alegre,Capital,Boa Vista,Apartamento,—,614519,2,2.0,80,80,80,0,5.0,0,2,4,6,2007,0,90011,-30.03086864911087,-51.26078509932551
Farroupilha,Serra Gaúcha,Desvio Rizzo,Apartamento,—,502696,3,1.0,100,100,100,0,4.0,0,3,2,8,1999,2013,95185,-29.225591657073956,-51.38576110358007
Nova Prata,Serra Gaúcha,Sagrada Família,Casa,—,548391,2,1.0,153,464,153,0,1.0,0,0,5,5,1977,2008,95320,-28.774504689703473,-51.63411338053522
Nova Prata,Serra Gaúcha,Centro,Condomínio Residencial,—,741631,4,3.0,166,321,154,12,1.0,0,1,4,12,2000,0,95322,-28.83041470302641,-51.64760843947764
Vila Flores,Serra Gaúcha,Centro,Terreno,Clube Residencial Paraíso,220049,0,0.0,0,948,0,0,0.0,0,3,1,5,2017,0,95344,-28.87787530908781,-51.60225918633608
Gramado,Serra Gaúcha,Centro,Apartamento,—,2825907,1,2.0,154,154,154,0,5.0,0,1,3,6,1997,2003,95674,-29.400413530955614,-50.8905795676404
Caxias do Sul,Serra Gaúcha,Sagrada Família,Apartamento,—,1315462,2,2.0,170,170,170,0,4.0,0,4,2,8,2021,0,95015,-29.19859570227499,-51.16650242436088
Canela,Serra Gaúcha,Centro,Condomínio Residencial,—,5378415,3,3.0,276,485,276,0,2.0,0,3,4,12,1992,0,95686,-29.382523792450492,-50.774922354393915
Porto Alegre,Capital,Mont'Serrat,Apartamento,—,961087,3,2.0,125,125,125,0,6.0,0,3,3,8,2021,0,90016,-30.049565913926287,-51.2294750482424
Caxias do Sul,Serra Gaúcha,Sanvitto,Terreno,—,2440096,0,0.0,0,1173,0,0,0.0,0,0,3,3,1993,0,95012,-29.204235823132414,-51.16158087820964
Porto Alegre,Capital,Moinhos de Vento,Condomínio Residencial,—,2917313,4,3.5,301,499,301,0,3.0,0,0,3,10,2015,2000,90015,-30.071835568737317,-51.201762532682146
Caxias do Sul,Serra Gaúcha,Santa Catarina,Condomínio Residencial,—,3329306,2,3.5,300,411,300,0,2.0,0,1,5,9,1989,0,95013,-29.138552733444122,-51.15182012225989
Canela,Serra Gaúcha,Fontes do Ipê,Condomínio Residencial,—,2994160,3,3.5,177,339,177,0,2.0,1,3,3,12,2002,0,95680,-29.357268560443174,-50.7971108218594
Caxias do Sul,Serra Gaúcha,Sanvitto,Apartamento,—,1266041,1,1.0,155,155,155,0,6.0,0,2,5,8,1997,2005,95017,-29.20458926385053,-51.226743010663576
Nova Petrópolis,Serra Gaúcha,Recanto Suíço,Apartamento,—,243331,2,1.0,59,59,59,0,2.0,0,1,4,6,1993,0,95153,-29.326463231117717,-51.14449098540568
Farroupilha,Serra Gaúcha,Cinquentenário,Apartamento,—,466302,2,1.0,89,89,89,0,1.0,0,4,2,7,2017,0,95186,-29.213848210164382,-51.299141839283074
Vila Flores,Serra Gaúcha,Centro,Apartamento,—,106359,2,2.0,47,47,47,0,4.0,0,0,5,10,2020,2014,95338,-28.817071588086865,-51.6437069405217
Nova Prata,Serra Gaúcha,Interior,Casa,—,409161,2,3.0,119,309,119,0,1.0,0,0,3,7,2015,2003,95323,-28.794229070870553,-51.65878315631757
Nova Prata,Serra Gaúcha,Interior,Casa,—,831245,3,1.0,219,665,170,49,2.0,0,2,2,6,1984,0,95325,-28.828283884330403,-51.563668344976364
Veranópolis,Serra Gaúcha,Renovação,Casa,—,732890,4,3.5,244,508,244,0,3.0,0,2,5,6,1976,0,95331,-28.959651421962395,-51.54029201388548
Caxias do Sul,Serra Gaúcha,Exposição,Comercial,—,838210,0,2.0,129,164,129,0,1.0,0,0,2,7,1990,0,95019,-29.149871664718813,-51.13802119333552
Porto Alegre,Capital,Cidade Baixa,Casa,—,1791983,2,3.5,224,359,224,0,2.0,0,4,3,5,2005,0,90013,-30.043064991025897,-51.25572303507618
Bento Gonçalves,Serra Gaúcha,São Roque,Comercial,—,1160083,0,1.0,201,262,201,0,3.0,0,0,3,8,2007,0,95707,-29.124017404938986,-51.518322486151135
Porto Alegre,Capital,Moinhos de Vento,Terreno,—,2133968,0,0.0,0,1147,0,0,0.0,0,3,2,4,2019,0,90019,-30.07576616221356,-51.263159328333586
Farroupilha,Serra Gaúcha,São Caetano,Condomínio Residencial,—,2373828,2,2.5,343,705,343,0,1.0,0,3,4,11,2018,2005,95185,-29.251224169976936,-51.323102800550366
Nova Petrópolis,Serra Gaúcha,Pinhal Alto,Casa,—,893381,2,2.5,181,478,181,0,2.0,0,4,2,7,1977,2008,95158,-29.398589809360484,-51.10232135289429
Farroupilha,Serra Gaúcha,Pio X,Apartamento,—,361785,2,2.0,72,72,72,0,12.0,0,4,3,8,2000,0,95184,-29.252449915056868,-51.37778805179697
Caxias do Sul,Serra Gaúcha,São Pelegrino,Casa,—,881308,4,1.5,108,545,108,0,2.0,0,3,4,6,2004,0,95012,-29.13502850952546,-51.13508556926085
Canela,Serra Gaúcha,Industrial,Apartamento,—,2572212,2,2.0,177,177,177,0,7.0,0,0,2,8,2021,0,95686,-29.349999944906433,-50.82716910171228
Gramado,Serra Gaúcha,Centro,Casa,—,5553187,4,3.0,256,667,256,0,1.0,0,0,2,7,1985,0,95677,-29.426502964447206,-50.87405425562328
Porto Alegre,Capital,Bela Vista,Casa,—,1048508,2,2.0,132,375,132,0,1.0,0,4,5,9,2023,0,90015,-30.049718533547384,-51.20147638615614
Caxias do Sul,Serra Gaúcha,Sanvitto,Condomínio Residencial,—,2232576,2,3.5,227,773,227,0,1.0,0,4,5,8,2010,0,95015,-29.216470732265435,-51.151597772828026
Veranópolis,Serra Gaúcha,São Pelegrino,Condomínio Residencial,—,868404,2,3.0,234,439,234,0,2.0,0,3,3,10,2017,0,95331,-28.890510333800787,-51.522371914754636
Porto Alegre,Capital,Boa Vista,Comercial,—,2123304,0,2.0,310,351,310,0,1.0,0,1,4,8,2007,0,90014,-30.055905822589388,-51.17136596942124
Caxias do Sul,Serra Gaúcha,São Pelegrino,Condomínio Residencial,—,2650788,4,3.0,272,603,242,30,1.0,0,0,5,9,2009,0,95017,-29.127485431452964,-51.20646607804157
Porto Alegre,Capital,Partenon,Apartamento,—,707687,3,1.0,88,88,88,0,7.0,0,2,3,6,2005,0,90014,-30.06387113657957,-51.2448570974805
Bento Gonçalves,Serra Gaúcha,Planalto,Casa,—,912777,4,2.5,155,626,155,0,1.0,0,4,3,7,2004,2012,95704,-29.152663113702904,-51.51838734913064
Veranópolis,Serra Gaúcha,Interior,Casa,—,858468,3,1.5,289,385,289,0,2.0,0,0,2,7,2020,0,95335,-28.93191963015041,-51.514821471463165
Caxias do Sul,Serra Gaúcha,Santa Catarina,Apartamento,—,1290778,1,2.0,161,161,161,0,6.0,1,3,4,6,1990,0,95011,-29.21294343111819,-51.16737909012741
Vila Flores,Serra Gaúcha,Centro,Terreno,Florescer Parque Residencial,260000,0,0.0,0,498,0,0,0.0,0,0,3,6,2022,0,95335,-28.85418752843121,-51.59492836631111
Nova Prata,Serra Gaúcha,Frizon,Casa,—,1026529,3,2.0,287,697,248,39,2.0,0,3,3,6,2006,2007,95324,-28.755649567002077,-51.598393874978285
Caxias do Sul,Serra Gaúcha,Sagrada Família,Casa,—,857865,3,1.0,113,228,70,43,2.0,0,4,2,6,2018,2008,95018,-29.193879558124944,-51.15071350990628
Caxias do Sul,Serra Gaúcha,Sagrada Família,Casa,—,1257955,3,1.0,154,432,154,0,1.0,0,3,4,10,1991,2023,95017,-29.15605355564183,-51.1917118320262
Porto Alegre,Capital,Partenon,Apartamento,—,448631,1,1.0,56,56,56,0,8.0,0,1,3,9,1995,0,90016,-30.019283212503144,-51.184789228390315
Veranópolis,Serra Gaúcha,São Pelegrino,Terreno,Solar Norte,177656,0,0.0,0,398,0,0,0.0,0,0,3,5,2021,0,95330,-28.89476451619588,-51.54627440572556
Farroupilha,Serra Gaúcha,Desvio Rizzo,Comercial,—,238260,0,1.0,47,57,47,0,3.0,0,0,3,8,2009,0,95181,-29.25739270327131,-51.32027685994123
Farroupilha,Serra Gaúcha,Desvio Rizzo,Casa,—,763947,3,1.5,126,565,126,0,1.0,0,1,3,9,1980,0,95184,-29.263261719740097,-51.36099090909728
Caxias do Sul,Serra Gaúcha,Exposição,Condomínio Residencial,—,1967050,2,2.0,190,668,190,0,2.0,0,4,3,9,1981,0,95017,-29.17688596682306,-51.187103272453776
Nova Petrópolis,Serra Gaúcha,Vila Nova,Condomínio Residencial,—,1408893,3,3.5,230,345,230,0,2.0,0,1,4,9,2012,0,95158,-29.33988272022598,-51.07551695129784
Porto Alegre,Capital,Bela Vista,Apartamento,—,1110679,2,1.0,161,161,161,0,5.0,0,3,3,8,1974,0,90010,-30.034593965209144,-51.2176718557907
Porto Alegre,Capital,Moinhos de Vento,Apartamento,—,507234,1,2.0,72,72,72,0,5.0,0,4,2,6,1995,0,90018,-30.04940076678277,-51.21329944674907
Caxias do Sul,Serra Gaúcha,Exposição,Terreno,—,2199007,0,0.0,0,1054,0,0,0.0,0,0,3,4,2010,0,95012,-29.2111537694862,-51.17840300950278
Porto Alegre,Capital,Cidade Baixa,Casa,—,1715240,3,1.5,218,433,218,0,2.0,1,0,2,10,2006,0,90015,-30.0344722342174,-51.232311573800565
Vila Flores,Serra Gaúcha,Centro,Terreno,Florescer Parque Residencial,640000,0,0.0,0,1432,0,0,0.0,0,0,3,6,2021,0,95335,-28.855630590508984,-51.60480851608376
Caxias do Sul,Serra Gaúcha,Desvio Rizzo,Apartamento,—,811750,1,1.0,108,108,108,0,2.0,0,3,3,8,2013,2003,95017,-29.190493730031182,-51.205897249476614
Caxias do Sul,Serra Gaúcha,Marechal Floriano,Comercial,—,1293053,0,1.0,211,245,211,0,2.0,0,2,4,9,1993,2006,95019,-29.21153082770399,-51.22285166020056
Veranópolis,Serra Gaúcha,Medianeira,Terreno,Medianeira,270201,0,0.0,0,663,0,0,0.0,0,3,1,6,2014,0,95335,-28.972611409629828,-51.527161914650954
Gramado,Serra Gaúcha,Morada da Serra,Casa,—,4235622,3,1.0,200,548,200,0,1.0,1,4,3,7,2023,2020,95671,-29.361485569910688,-50.920100916541465
Porto Alegre,Capital,Moinhos de Vento,Apartamento,—,948670,1,1.0,127,127,127,0,4.0,0,2,5,6,2013,2001,90017,-30.005271200247275,-51.20958668689296
Porto Alegre,Capital,Petrópolis,Condomínio Residencial,—,1335187,3,2.5,136,401,136,0,1.0,0,1,3,10,1975,0,90016,-29.98572216807789,-51.2159036746584
Veranópolis,Serra Gaúcha,São Pelegrino,Terreno,Solar Norte,182950,0,0.0,0,431,0,0,0.0,0,0,3,3,2005,0,95331,-28.98012957414791,-51.57298601805728
Porto Alegre,Capital,Bela Vista,Casa,—,758345,3,1.0,107,381,63,44,2.0,0,2,4,9,1981,0,90016,-29.996123395790576,-51.21648710337739
Porto Alegre,Capital,Três Figueiras,Condomínio Residencial,—,1805115,4,3.5,190,643,185,5,1.0,0,0,5,12,1984,0,90014,-30.039390202600913,-51.175507451059794
Caxias do Sul,Serra Gaúcha,Desvio Rizzo,Apartamento,—,1019114,3,1.0,131,131,131,0,3.0,0,3,3,8,1972,2009,95018,-29.185644263844093,-51.21562301013941
Veranópolis,Serra Gaúcha,São Pelegrino,Terreno,Solar Norte,168711,0,0.0,0,399,0,0,0.0,0,0,2,3,2005,0,95338,-28.92126317608756,-51.509796900764584
Vila Flores,Serra Gaúcha,Bairro Alto,Terreno,Residencial Horizontes,213641,0,0.0,0,587,0,0,0.0,0,2,1,4,2010,0,95339,-28.863942132205636,-51.61189204121151
Bento Gonçalves,Serra Gaúcha,Planalto,Comercial,—,961017,0,2.0,158,179,158,0,1.0,0,1,5,9,2020,0,95704,-29.172436618043786,-51.54657180488298
Porto Alegre,Capital,Chácara das Pedras,Apartamento,—,438234,2,1.0,64,64,64,0,3.0,0,2,3,10,1994,0,90010,-30.059598262937694,-51.21153613603188
Bento Gonçalves,Serra Gaúcha,Centro,Apartamento,—,955200,3,2.0,142,142,142,0,6.0,0,4,3,10,2002,0,95702,-29.161205246932393,-51.555901136800436
Veranópolis,Serra Gaúcha,São Pelegrino,Apartamento,—,281577,2,1.0,98,98,98,0,1.0,0,2,3,10,2018,2020,95336,-28.901865761639506,-51.56172237498162
Nova Petrópolis,Serra Gaúcha,Vila Nova,Condomínio Residencial,—,1792450,2,2.5,299,656,299,0,1.0,0,4,3,12,1978,2002,95159,-29.374220056208184,-51.068298459316985
Caxias do Sul,Serra Gaúcha,Centro,Apartamento,—,1370502,3,2.0,171,171,171,0,4.0,0,4,5,8,1976,0,95012,-29.138375600714067,-51.196880868657225
Bento Gonçalves,Serra Gaúcha,São Bento,Condomínio Residencial,—,1217411,2,2.0,151,718,151,0,2.0,0,4,5,10,2023,0,95708,-29.14842870940023,-51.522247378982534
Canela,Serra Gaúcha,Industrial,Comercial,—,878843,0,1.0,85,194,85,0,1.0,0,0,3,9,1977,0,95682,-29.321419406071936,-50.799388679802504
Garibaldi,Serra Gaúcha,Progresso,Apartamento,—,252525,3,1.0,57,57,57,0,4.0,0,4,5,10,1999,0,95721,-29.246210373440654,-51.552823380889095
Caxias do Sul,Serra Gaúcha,Centro,Comercial,—,2245427,0,2.0,313,494,313,0,1.0,0,1,3,5,2012,0,95010,-29.168436359143573,-51.226503906991866
Bento Gonçalves,Serra Gaúcha,Charqueadas,Casa,—,976452,4,1.0,159,700,159,0,1.0,0,3,5,6,2000,0,95705,-29.153161383199137,-51.508059020254066
Garibaldi,Serra Gaúcha,Centro,Apartamento,—,558646,1,1.0,114,114,114,0,10.0,0,2,5,9,1978,0,95724,-29.206673684191045,-51.573152587006284
Nova Petrópolis,Serra Gaúcha,Recanto Suíço,Comercial,—,238598,0,2.0,55,81,55,0,1.0,0,2,3,9,1975,2007,95151,-29.338578497617934,-51.07891450087474
Caxias do Sul,Serra Gaúcha,Santa Catarina,Condomínio Residencial,—,2584162,3,3.0,247,550,247,0,1.0,0,4,3,9,2003,0,95011,-29.200406240117644,-51.214656164540976
Vila Flores,Serra Gaúcha,Centro,Comercial,—,644619,0,2.0,331,455,331,0,1.0,0,0,4,9,1984,2022,95338,-28.896263898750348,-51.594658307748944
Gramado,Serra Gaúcha,Mato Queimado,Casa,—,3030965,2,2.5,136,521,136,0,2.0,0,3,2,7,2013,2011,95674,-29.416243620787608,-50.85094804397206
Veranópolis,Serra Gaúcha,Femaçã,Comercial,—,449382,0,1.0,169,307,169,0,1.0,0,1,5,5,1998,0,95332,-28.907633477107986,-51.566774210787095
Porto Alegre,Capital,Centro Histórico,Apartamento,—,507100,3,1.0,63,63,63,0,3.0,0,4,2,10,1987,0,90016,-30.06300024058805,-51.257096580585156
Porto Alegre,Capital,Cidade Baixa,Apartamento,—,435536,1,2.0,59,59,59,0,12.0,0,3,3,10,2020,0,90019,-30.01486010078763,-51.23985850857914
Porto Alegre,Capital,Cristal,Casa,—,1183567,4,1.0,146,552,93,53,1.0,0,2,3,5,1998,2013,90016,-30.036720048497656,-51.20880666752222
Veranópolis,Serra Gaúcha,São Pelegrino,Casa,—,272948,3,3.0,84,304,84,0,2.0,0,2,2,8,1979,0,95331,-28.92142425363278,-51.51714620886361
Nova Prata,Serra Gaúcha,São Cristóvão,Apartamento,—,303854,2,1.0,86,86,86,0,12.0,0,4,3,10,1997,2019,95328,-28.766320906307293,-51.5996064383811
Caxias do Sul,Serra Gaúcha,Santa Catarina,Apartamento,—,1408132,1,2.0,171,171,171,0,10.0,0,2,4,9,1993,2010,95013,-29.12777477898821,-51.148905319960846
Canela,Serra Gaúcha,Jardim,Casa,—,2231772,4,1.0,150,449,150,0,2.0,0,4,5,7,1991,0,95682,-29.33252741859777,-50.76514940158711
Caxias do Sul,Serra Gaúcha,Centro,Condomínio Residencial,—,1284459,2,2.5,135,303,135,0,3.0,0,1,5,9,1990,2023,95019,-29.155712470641774,-51.173781341642524
Vila Flores,Serra Gaúcha,Linha Aimoré,Casa,—,423988,4,2.0,173,610,173,0,1.0,0,0,3,6,2023,2005,95338,-28.899110394322303,-51.60276286652577
Vila Flores,Serra Gaúcha,Centro,Terreno,Clube Residencial Paraíso,187816,0,0.0,0,911,0,0,0.0,0,1,2,6,2010,0,95338,-28.857366440713122,-51.64358347470176
Vila Flores,Serra Gaúcha,Centro,Casa,—,213666,2,3.5,77,220,77,0,2.0,0,2,3,8,2005,0,95336,-28.901572901309635,-51.56505865535322
Porto Alegre,Capital,Mont'Serrat,Apartamento,—,635227,1,2.0,80,80,80,0,5.0,0,3,4,6,2015,0,90018,-29.99416547766938,-51.19679461222861
Nova Prata,Serra Gaúcha,Interior,Casa,—,533571,4,3.0,154,546,154,0,1.0,0,2,3,7,1995,0,95324,-28.817535103249007,-51.60926256400695
Bento Gonçalves,Serra Gaúcha,São Roque,Casa,—,1752176,4,2.0,247,740,247,0,3.0,0,2,4,7,1981,0,95707,-29.208211973910046,-51.52864037440032
Porto Alegre,Capital,Centro Histórico,Casa,—,1191272,4,3.5,171,640,171,0,3.0,0,0,3,9,2013,0,90015,-30.003039474738472,-51.25506598663005
Caxias do Sul,Serra Gaúcha,Sagrada Família,Casa,—,1038540,2,3.5,120,521,120,0,1.0,0,3,3,5,2005,0,95012,-29.16892955054484,-51.15923378978356
Farroupilha,Serra Gaúcha,Pio X,Apartamento,—,528670,2,1.0,93,93,93,0,10.0,0,0,3,7,2012,0,95181,-29.185788658171056,-51.335844934357546
Porto Alegre,Capital,Mont'Serrat,Casa,—,560429,2,3.5,74,642,74,0,2.0,0,3,2,8,2001,0,90011,-30.048317306666068,-51.17129284799408
Farroupilha,Serra Gaúcha,Cinquentenário,Terreno,—,441249,0,0.0,0,313,0,0,0.0,0,3,1,6,2000,0,95185,-29.25640887648395,-51.34097679159156
Caxias do Sul,Serra Gaúcha,Centro,Apartamento,—,507931,3,2.0,64,64,64,0,10.0,0,3,2,7,2003,0,95018,-29.15504679948129,-51.13706864456984
Vila Flores,Serra Gaúcha,Centro,Apartamento,—,163723,1,2.0,60,60,60,0,4.0,0,0,4,10,2015,2010,95335,-28.89718227252125,-51.604903153003164
Farroupilha,Serra Gaúcha,São Caetano,Terreno,—,1143066,0,0.0,0,931,0,0,0.0,0,2,1,3,2009,0,95180,-29.195451876882743,-51.34358554384892
Bento Gonçalves,Serra Gaúcha,Fátima,Apartamento,—,328176,3,1.0,50,50,50,0,4.0,0,2,2,8,2003,0,95709,-29.198907302156698,-51.553147409882314
Farroupilha,Serra Gaúcha,Desvio Rizzo,Casa,—,1086245,3,2.0,180,561,133,47,2.0,0,3,2,9,2021,2015,95186,-29.250282549752647,-51.35598166909952
Caxias do Sul,Serra Gaúcha,Centro,Condomínio Residencial,—,2167177,2,2.0,221,350,221,0,1.0,0,3,3,12,1995,2018,95019,-29.201455398267875,-51.14440628950798
Nova Petrópolis,Serra Gaúcha,Vila Nova,Casa,—,396454,4,2.0,93,406,93,0,1.0,0,0,3,9,1985,0,95159,-29.41767301395348,-51.07293000498606
Caxias do Sul,Serra Gaúcha,Exposição,Casa,—,1714043,3,3.5,232,776,232,0,3.0,0,2,5,7,2003,0,95015,-29.178042879103867,-51.13539530739191
Garibaldi,Serra Gaúcha,Bela Vista,Casa,—,578128,2,1.0,125,709,52,73,1.0,0,3,5,8,2014,2018,95723,-29.232513235619635,-51.52140987897876
Canela,Serra Gaúcha,São José,Apartamento,—,2475285,2,2.0,163,163,163,0,10.0,0,2,4,7,1998,2006,95689,-29.389936007454583,-50.8492348029922
Veranópolis,Serra Gaúcha,Femaçã,Casa,—,585494,4,2.0,202,773,172,30,2.0,0,3,2,6,1980,2002,95335,-28.9479374967535,-51.60267227117426
Caxias do Sul,Serra Gaúcha,Sanvitto,Condomínio Residencial,—,2968984,2,3.0,294,574,294,0,1.0,0,1,3,8,1973,0,95012,-29.215878319544338,-51.21197491572688
Veranópolis,Serra Gaúcha,São Pelegrino,Apartamento,—,313267,3,1.0,106,106,106,0,6.0,0,3,2,8,1993,0,95336,-28.98203645299824,-51.5235831019373
Nova Petrópolis,Serra Gaúcha,Recanto Suíço,Casa,—,341248,3,1.5,70,193,70,0,2.0,0,0,3,7,1981,0,95152,-29.33930650920934,-51.11962369253606
Porto Alegre,Capital,Petrópolis,Comercial,—,1829968,0,1.0,288,463,288,0,2.0,0,1,2,6,1997,2018,90019,-30.03917901898127,-51.25255308496493
Vila Flores,Serra Gaúcha,Centro,Terreno,Florescer Parque Residencial,263000,0,0.0,0,424,0,0,0.0,0,2,3,6,2021,0,95335,-28.853670906611896,-51.59711972362109
Bento Gonçalves,Serra Gaúcha,Planalto,Apartamento,—,880970,2,2.0,146,146,146,0,1.0,0,1,4,6,1994,2016,95700,-29.15819390060479,-51.55841424051164
Nova Petrópolis,Serra Gaúcha,Vila Nova,Casa,—,508595,2,2.0,120,419,120,0,2.0,0,3,3,6,1993,0,95155,-29.420628868904895,-51.11976183802773
Nova Petrópolis,Serra Gaúcha,Vila Nova,Casa,—,1286086,3,3.5,274,391,274,0,1.0,0,4,2,6,1991,2018,95154,-29.352251957390905,-51.068219085932455
Canela,Serra Gaúcha,Reserva da Serra,Terreno,—,3693635,0,0.0,0,1018,0,0,0.0,0,0,2,5,2008,0,95681,-29.336246839097928,-50.77419774094416
Farroupilha,Serra Gaúcha,Pio X,Casa,—,1159811,3,3.0,205,351,205,0,3.0,1,2,3,10,2003,0,95186,-29.264587061784727,-51.304118644069376
Vila Flores,Serra Gaúcha,Centro,Terreno,Florescer Parque Residencial,265000,0,0.0,0,426,0,0,0.0,0,0,3,6,2022,0,95335,-28.864970934618604,-51.599425793510854
Gramado,Serra Gaúcha,Três Pinheiros,Casa,—,3905980,3,3.0,206,310,184,22,2.0,0,3,5,10,1987,0,95678,-29.355480493178177,-50.83934021344268
Caxias do Sul,Serra Gaúcha,São Pelegrino,Apartamento,—,1499287,1,1.0,174,174,174,0,6.0,0,2,4,6,1982,0,95018,-29.143365974098735,-51.17345092451308
Bento Gonçalves,Serra Gaúcha,São Bento,Casa,—,774022,2,1.5,108,601,108,0,2.0,0,1,5,9,1983,0,95700,-29.21039203584734,-51.47567501024439
Vila Flores,Serra Gaúcha,Linha Aimoré,Comercial,—,290062,0,2.0,123,251,123,0,1.0,0,0,5,9,1997,0,95335,-28.901587958131707,-51.629741039567115
Caxias do Sul,Serra Gaúcha,São Pelegrino,Casa,—,2215954,2,2.5,274,570,274,0,2.0,1,1,2,5,1980,0,95014,-29.201088305339216,-51.16625055428745
Garibaldi,Serra Gaúcha,Progresso,Apartamento,—,368152,1,2.0,84,84,84,0,6.0,0,4,4,6,1995,0,95729,-29.256807829605112,-51.54522332452069
Caxias do Sul,Serra Gaúcha,São Pelegrino,Casa,—,2182077,2,1.5,244,478,244,0,3.0,0,0,3,10,1986,0,95016,-29.214208211866058,-51.1446156969603
Veranópolis,Serra Gaúcha,Interior,Casa,—,418419,4,1.5,140,305,140,0,1.0,0,3,4,9,1975,0,95336,-28.974373268053498,-51.526838770977676
Porto Alegre,Capital,Cidade Baixa,Terreno,—,768899,0,0.0,0,392,0,0,0.0,0,2,1,5,2002,0,90019,-30.035258940776533,-51.23203887731052
Porto Alegre,Capital,Centro Histórico,Casa,—,864544,3,2.0,110,467,110,0,1.0,0,0,2,8,1970,0,90011,-30.027483596910404,-51.226262605721566
Porto Alegre,Capital,Moinhos de Vento,Casa,—,1050194,4,1.5,145,611,145,0,1.0,0,2,4,7,2002,0,90010,-30.058369080214725,-51.2189310578162
Porto Alegre,Capital,Partenon,Casa,—,1469429,3,3.0,206,707,206,0,2.0,0,1,4,10,2020,2021,90012,-30.050552602379202,-51.20202000879417
Canela,Serra Gaúcha,Reserva da Serra,Condomínio Residencial,—,2227676,3,3.0,122,283,122,0,3.0,1,0,3,9,1974,2016,95688,-29.3609390410682,-50.838749154775286
Caxias do Sul,Serra Gaúcha,Sagrada Família,Apartamento,—,921951,3,2.0,118,118,118,0,2.0,0,1,3,6,2021,2016,95014,-29.17209086283924,-51.201365794817086
Canela,Serra Gaúcha,Centro,Comercial,—,2518301,0,1.0,222,411,222,0,1.0,0,2,4,6,1995,0,95682,-29.329255058850716,-50.764165983637234
Gramado,Serra Gaúcha,Três Pinheiros,Condomínio Residencial,—,7842317,4,3.5,294,473,294,0,2.0,0,3,5,10,1985,2023,95672,-29.378612506301966,-50.87557230777069
Porto Alegre,Capital,Menino Deus,Condomínio Residencial,—,1420572,3,3.5,143,684,143,0,2.0,0,2,3,9,2021,0,90018,-30.013833554894696,-51.25456897934094
Garibaldi,Serra Gaúcha,São João,Casa,—,588690,2,3.5,114,456,71,43,1.0,0,2,5,8,2011,0,95721,-29.248282369460693,-51.51713026740957
Caxias do Sul,Serra Gaúcha,Marechal Floriano,Apartamento,—,765713,3,2.0,105,105,105,0,7.0,0,1,4,8,1979,0,95012,-29.214289457577042,-51.21263637142881
Garibaldi,Serra Gaúcha,Santa Marta,Condomínio Residencial,—,1279155,4,3.5,202,486,202,0,2.0,0,1,5,12,2013,0,95723,-29.260928476390585,-51.558526597826464
Vila Flores,Serra Gaúcha,Linha Aimoré,Comercial,—,424295,0,1.0,202,233,202,0,2.0,0,2,2,5,1998,2004,95339,-28.838839338565805,-51.574546738264154
Nova Petrópolis,Serra Gaúcha,Linha Imperial,Condomínio Residencial,—,1368104,2,2.5,255,404,255,0,2.0,1,1,5,10,1992,2008,95150,-29.369698595959076,-51.1170886295595
Canela,Serra Gaúcha,Reserva da Serra,Apartamento,—,2142610,1,2.0,155,155,155,0,5.0,0,0,5,10,1972,0,95685,-29.337809339803506,-50.824833707229836
Nova Petrópolis,Serra Gaúcha,Recanto Suíço,Terreno,—,1382087,0,0.0,0,1196,0,0,0.0,0,2,1,3,2022,0,95155,-29.39408073079107,-51.14787526832286
Nova Petrópolis,Serra Gaúcha,Linha Imperial,Casa,—,348191,3,2.5,70,548,70,0,3.0,0,0,2,8,2015,0,95151,-29.391246696207208,-51.07770436237334
Veranópolis,Serra Gaúcha,Medianeira,Casa,—,647500,4,2.5,226,763,226,0,1.0,0,0,2,5,2016,2002,95330,-28.953683869370764,-51.51426704465
Vila Flores,Serra Gaúcha,Centro,Terreno,Florescer Parque Residencial,270000,0,0.0,0,420,0,0,0.0,0,2,3,6,2025,0,95335,-28.85391182252121,-51.612712276496005
Caxias do Sul,Serra Gaúcha,Sagrada Família,Casa,—,2168819,4,3.5,249,404,249,0,1.0,0,1,2,9,1974,0,95019,-29.17717733860275,-51.19541389043125
Canela,Serra Gaúcha,Industrial,Casa,—,3279269,3,3.5,212,530,212,0,1.0,0,2,5,6,1976,2005,95683,-29.366978503187415,-50.83304577512478
Gramado,Serra Gaúcha,Várzea Grande,Condomínio Residencial,—,8563637,2,3.5,330,490,273,57,2.0,0,0,3,9,1986,0,95679,-29.35782384649781,-50.827641495845675
Bento Gonçalves,Serra Gaúcha,Centro,Apartamento,—,713740,3,2.0,109,109,109,0,6.0,0,0,2,6,1981,2018,95706,-29.1921142717117,-51.51520357756608
Porto Alegre,Capital,Partenon,Condomínio Residencial,—,3005912,3,3.5,311,496,311,0,3.0,0,0,5,12,1979,2008,90012,-30.013659939518853,-51.20053459253794
Nova Petrópolis,Serra Gaúcha,Centro,Casa,—,871442,3,3.0,174,309,174,0,2.0,0,1,2,9,2011,0,95155,-29.3831673643783,-51.10662277942929
Canela,Serra Gaúcha,Centro,Comercial,—,1949579,0,1.0,172,219,172,0,1.0,0,0,3,6,2017,0,95685,-29.364294145838155,-50.82476510984124
Gramado,Serra Gaúcha,Canavial,Terreno,—,5195605,0,0.0,0,1170,0,0,0.0,0,1,2,6,2007,0,95670,-29.351689510864542,-50.89500384900792
Vila Flores,Serra Gaúcha,Bairro Alto,Comercial,—,596874,0,1.0,318,378,318,0,1.0,0,0,5,5,2020,2003,95340,-28.865559268853243,-51.64660377011222
Garibaldi,Serra Gaúcha,Santa Marta,Terreno,—,900362,0,0.0,0,740,0,0,0.0,0,2,1,5,1995,0,95720,-29.305599645472615,-51.510869411389336
Caxias do Sul,Serra Gaúcha,Santa Catarina,Terreno,—,1665615,0,0.0,0,919,0,0,0.0,0,2,3,5,2014,0,95014,-29.15069436288732,-51.133453252973354
Caxias do Sul,Serra Gaúcha,Desvio Rizzo,Casa,—,1500614,3,1.0,168,307,168,0,2.0,0,2,4,9,2012,0,95016,-29.15897390283668,-51.14597011132874
Nova Prata,Serra Gaúcha,Sagrada Família,Casa,—,533916,2,3.0,146,471,146,0,1.0,0,0,2,7,2018,0,95328,-28.747721014197452,-51.58913115100449
Farroupilha,Serra Gaúcha,Cinquentenário,Casa,—,1167962,4,3.5,222,491,222,0,2.0,0,4,2,9,1997,0,95180,-29.194180301369947,-51.391459252905776
Gramado,Serra Gaúcha,Morada da Serra,Casa,—,2516488,2,1.0,123,575,123,0,2.0,0,2,2,10,1974,0,95676,-29.34673868629886,-50.86984718792441
Veranópolis,Serra Gaúcha,Femaçã,Terreno,Morada do Bosque,421979,0,0.0,0,435,0,0,0.0,0,3,2,5,2003,0,95330,-28.963067176127815,-51.509323919553225
Gramado,Serra Gaúcha,Mato Queimado,Casa,—,5130373,2,1.0,270,412,208,62,1.0,0,2,5,10,2000,0,95677,-29.337679465959134,-50.91100068685649
Nova Prata,Serra Gaúcha,Frizon,Terreno,Lot. Frizon / Chiomento,123969,0,0.0,0,364,0,0,0.0,0,3,3,4,2001,0,95327,-28.748726906916396,-51.59674550088298
Vila Flores,Serra Gaúcha,Centro,Casa,—,171612,3,2.5,71,398,71,0,1.0,0,2,2,8,1980,0,95339,-28.82861005735646,-51.59951628258691
Vila Flores,Serra Gaúcha,Linha Aimoré,Terreno,Linha Aimoré,206654,0,0.0,0,914,0,0,0.0,0,0,1,5,1996,0,95335,-28.812682861219166,-51.64039047702131
Garibaldi,Serra Gaúcha,Progresso,Casa,—,1110601,4,3.5,210,593,189,21,3.0,0,3,3,8,2005,0,95722,-29.288894442510887,-51.572274854892335
Vila Flores,Serra Gaúcha,Linha Aimoré,Condomínio Residencial,—,442994,2,3.0,153,622,153,0,2.0,0,0,3,9,2022,0,95336,-28.892627496611148,-51.578055040373485
Garibaldi,Serra Gaúcha,Bela Vista,Apartamento,—,532348,2,1.0,113,113,113,0,6.0,0,3,5,8,2011,0,95721,-29.279919177255827,-51.536315141809624
Canela,Serra Gaúcha,Industrial,Casa,—,4222088,2,2.0,296,505,296,0,2.0,0,2,2,5,1982,0,95682,-29.382076989120286,-50.77689935019374
Porto Alegre,Capital,Petrópolis,Terreno,—,1953475,0,0.0,0,1078,0,0,0.0,0,1,3,5,2015,0,90019,-30.024620784817664,-51.251626795221576
Caxias do Sul,Serra Gaúcha,Exposição,Terreno,—,1780711,0,0.0,0,921,0,0,0.0,0,1,3,6,2019,0,95015,-29.129799849308807,-51.14938711273588
Caxias do Sul,Serra Gaúcha,Sagrada Família,Casa,—,1398062,3,3.0,189,426,189,0,2.0,0,1,4,6,2004,0,95010,-29.126038636736766,-51.189572641685665
Caxias do Sul,Serra Gaúcha,Sanvitto,Apartamento,—,419383,1,2.0,49,49,49,0,5.0,0,2,3,8,1987,2007,95015,-29.212740458197764,-51.201292497515965
Garibaldi,Serra Gaúcha,São João,Casa,—,1341676,2,3.0,266,373,266,0,3.0,0,4,5,10,1988,0,95724,-29.265217620742256,-51.55031128265871
Canela,Serra Gaúcha,Industrial,Apartamento,—,1283289,3,1.0,84,84,84,0,6.0,0,0,2,9,2023,0,95682,-29.34962512867044,-50.85446551055617
Gramado,Serra Gaúcha,Morada da Serra,Terreno,—,2786870,0,0.0,0,624,0,0,0.0,0,3,2,5,2002,0,95676,-29.349657489966482,-50.87696964673001
Nova Petrópolis,Serra Gaúcha,Recanto Suíço,Casa,—,966684,2,2.5,221,738,221,0,2.0,0,2,2,6,1989,0,95150,-29.346314508512855,-51.069328158829684
Bento Gonçalves,Serra Gaúcha,São Roque,Apartamento,—,404372,2,2.0,58,58,58,0,8.0,0,0,2,8,1984,0,95702,-29.154552125738746,-51.47592070113388
Caxias do Sul,Serra Gaúcha,Centro,Apartamento,—,675512,3,1.0,89,89,89,0,6.0,0,2,4,9,2022,0,95013,-29.16206137789893,-51.19253448558449
Porto Alegre,Capital,Cidade Baixa,Casa,—,1677016,4,1.5,208,338,208,0,1.0,0,4,5,9,2017,0,90015,-30.0736798619598,-51.267296213459886
Porto Alegre,Capital,Menino Deus,Casa,—,1728787,3,1.5,238,392,238,0,1.0,0,2,3,7,1997,0,90017,-30.020601030912292,-51.17739184946225
Porto Alegre,Capital,Petrópolis,Apartamento,—,407075,2,1.0,57,57,57,0,4.0,0,4,3,9,1997,0,90018,-30.054842100143944,-51.172257348145465
Veranópolis,Serra Gaúcha,São Pelegrino,Terreno,Solar Norte,168462,0,0.0,0,407,0,0,0.0,0,3,2,3,2018,0,95336,-28.90917732299439,-51.52324098523417
Veranópolis,Serra Gaúcha,Femaçã,Terreno,Morada do Bosque,394371,0,0.0,0,451,0,0,0.0,0,3,3,4,1998,0,95331,-28.94837872227138,-51.55883533119678
Caxias do Sul,Serra Gaúcha,Desvio Rizzo,Casa,—,970869,2,1.5,118,224,118,0,3.0,0,1,5,6,1997,0,95012,-29.198684600692577,-51.21400410875908
Veranópolis,Serra Gaúcha,Renovação,Terreno,Renovação,371542,0,0.0,0,460,0,0,0.0,0,3,1,5,1995,0,95331,-28.962704092874493,-51.5629233485195
Canela,Serra Gaúcha,Industrial,Condomínio Residencial,—,4649832,3,3.0,243,748,243,0,3.0,1,2,3,9,1980,0,95680,-29.313218627573683,-50.76634206984055
Farroupilha,Serra Gaúcha,Desvio Rizzo,Apartamento,—,883266,3,2.0,152,152,152,0,2.0,0,2,2,9,1985,2019,95186,-29.224740587042866,-51.31257059402813
Bento Gonçalves,Serra Gaúcha,Centro,Apartamento,—,929599,2,1.0,136,136,136,0,1.0,0,4,2,10,1989,0,95707,-29.139980035119528,-51.531306021195654
Caxias do Sul,Serra Gaúcha,Desvio Rizzo,Apartamento,—,835521,3,2.0,113,113,113,0,1.0,0,2,5,9,1974,0,95017,-29.179548300102827,-51.17547513510596
Gramado,Serra Gaúcha,Centro,Casa,—,5208353,3,3.0,243,563,243,0,2.0,0,4,5,8,1984,0,95672,-29.3428113831479,-50.84379323834316
Veranópolis,Serra Gaúcha,São Pelegrino,Apartamento,—,271174,1,2.0,91,91,91,0,7.0,0,2,4,7,1973,0,95330,-28.978656464336737,-51.510455741123415
Nova Prata,Serra Gaúcha,São Cristóvão,Casa,—,939456,4,2.5,290,693,290,0,1.0,0,0,4,5,1971,0,95327,-28.73610558786683,-51.65154722771175
Veranópolis,Serra Gaúcha,Femaçã,Terreno,Femaçã médio,264880,0,0.0,0,384,0,0,0.0,0,1,2,4,2002,0,95332,-28.929246198795866,-51.544985880039164
Veranópolis,Serra Gaúcha,São Pelegrino,Casa,—,241026,4,2.5,77,419,77,0,3.0,0,3,3,7,2009,2003,95339,-28.93370646106451,-51.52368241862157
Porto Alegre,Capital,Cidade Baixa,Apartamento,—,1008718,1,1.0,143,143,143,0,1.0,0,3,4,7,1989,0,90016,-30.061276908858726,-51.20711767796363
Gramado,Serra Gaúcha,Centro,Casa,—,4709897,2,2.5,211,643,211,0,1.0,0,3,2,7,1990,0,95670,-29.353799124711745,-50.84342251719862
Nova Prata,Serra Gaúcha,Interior,Casa,—,963547,4,1.5,284,845,284,0,1.0,0,4,3,5,1995,2004,95325,-28.776735587879585,-51.586231784006955
Caxias do Sul,Serra Gaúcha,Exposição,Casa,—,1716131,4,1.5,233,456,233,0,1.0,0,3,3,8,1983,0,95012,-29.186437510547332,-51.15084445035228
Nova Prata,Serra Gaúcha,Interior,Terreno,Roteiro das Águas,355600,0,0.0,0,2036,0,0,0.0,0,2,1,3,1993,0,95320,-28.787653870834234,-51.58936888324578
Porto Alegre,Capital,Partenon,Condomínio Residencial,—,2414906,3,3.5,250,595,223,27,2.0,0,0,3,9,1974,2007,90011,-30.003550257379548,-51.18470509567382
Gramado,Serra Gaúcha,Mato Queimado,Casa,—,3402355,3,1.5,180,739,180,0,2.0,0,2,5,10,1991,0,95676,-29.42606562294286,-50.85205546452219
Porto Alegre,Capital,Moinhos de Vento,Apartamento,—,985497,3,1.0,130,130,130,0,12.0,0,1,3,7,1973,0,90019,-30.068183722288843,-51.238675779624465
Vila Flores,Serra Gaúcha,Bairro Alto,Apartamento,—,181178,1,2.0,70,70,70,0,7.0,0,1,2,8,1986,0,95344,-28.85958672167641,-51.643431540758364
Veranópolis,Serra Gaúcha,Medianeira,Casa,—,429602,2,3.0,130,246,130,0,1.0,0,2,4,6,1999,2016,95336,-28.948905314869045,-51.54020586545976
Caxias do Sul,Serra Gaúcha,Centro,Apartamento,—,1431693,3,2.0,176,176,176,0,2.0,0,4,2,7,1990,0,95011,-29.121843092334807,-51.15163662617597
Vila Flores,Serra Gaúcha,Bairro Alto,Terreno,Residencial Horizontes,268446,0,0.0,0,580,0,0,0.0,0,2,2,3,2007,0,95341,-28.856142526764266,-51.58065427663794
Farroupilha,Serra Gaúcha,Cinquentenário,Casa,—,684776,2,3.0,125,697,125,0,2.0,0,3,2,10,1998,0,95189,-29.243898818664235,-51.38730828011206
Veranópolis,Serra Gaúcha,Centro,Apartamento,—,497161,2,2.0,177,177,177,0,3.0,0,1,5,7,1983,0,95337,-28.915076329450162,-51.57271157558579
Canela,Serra Gaúcha,Industrial,Casa,—,2138562,3,2.0,151,232,151,0,1.0,0,2,5,10,2003,0,95686,-29.37346278450905,-50.788271818726464
Veranópolis,Serra Gaúcha,Renovação,Casa,—,230799,4,2.0,78,211,78,0,1.0,0,1,4,6,1992,0,95335,-28.91767729311352,-51.54248048018828
Canela,Serra Gaúcha,Reserva da Serra,Casa,—,1130972,3,3.0,79,512,79,0,1.0,0,3,2,9,2009,0,95687,-29.37970397413139,-50.7660025096759
Canela,Serra Gaúcha,Jardim,Terreno,—,3327384,0,0.0,0,918,0,0,0.0,0,3,2,6,2006,0,95685,-29.34500560765782,-50.77246422999084
Nova Petrópolis,Serra Gaúcha,Linha Imperial,Casa,—,436661,3,3.0,91,312,91,0,2.0,0,1,4,7,2014,2006,95158,-29.3654050746292,-51.087652636709414
Vila Flores,Serra Gaúcha,Centro,Comercial,—,343145,0,2.0,158,237,158,0,2.0,0,1,2,8,1971,2010,95341,-28.841804339334793,-51.64254242202381
Nova Prata,Serra Gaúcha,Sagrada Família,Apartamento,—,426731,2,1.0,127,127,127,0,3.0,1,0,3,7,2008,0,95325,-28.802569403948805,-51.62300903468807
Vila Flores,Serra Gaúcha,Centro,Terreno,Florescer Parque Residencial,295000,0,0.0,0,420,0,0,0.0,0,1,3,6,2023,0,95335,-28.870931009723044,-51.601308139169895
Vila Flores,Serra Gaúcha,Centro,Casa,—,467033,4,3.0,175,292,125,50,1.0,0,2,5,6,1971,0,95340,-28.814072009872454,-51.58213231474367
Canela,Serra Gaúcha,Fontes do Ipê,Apartamento,—,1940434,3,1.0,152,152,152,0,10.0,0,1,5,10,2023,2015,95686,-29.325184637880042,-50.8468535337272
Vila Flores,Serra Gaúcha,Centro,Apartamento,—,264950,1,2.0,99,99,99,0,4.0,0,3,3,7,1971,0,95342,-28.845824400309205,-51.601459075947936
Caxias do Sul,Serra Gaúcha,Centro,Apartamento,—,965420,3,2.0,111,111,111,0,7.0,0,4,5,7,2001,0,95013,-29.14683725088362,-51.14120474782439
Bento Gonçalves,Serra Gaúcha,Centro,Casa,—,1483660,2,1.5,243,542,243,0,2.0,0,1,3,5,2016,2019,95704,-29.12351910389231,-51.47761640759296
Nova Prata,Serra Gaúcha,São Cristóvão,Terreno,Lot. Colinas do Caravaggio,160730,0,0.0,0,403,0,0,0.0,0,0,2,3,2014,0,95324,-28.82703083206469,-51.63646741784548
Porto Alegre,Capital,Chácara das Pedras,Terreno,—,1954166,0,0.0,0,1000,0,0,0.0,0,3,2,5,1990,0,90019,-29.99407106065345,-51.252699115670026
Farroupilha,Serra Gaúcha,Pio X,Casa,—,870348,3,3.0,143,334,143,0,1.0,0,0,2,7,1995,2023,95185,-29.227400800843228,-51.34268541457895
Caxias do Sul,Serra Gaúcha,Centro,Apartamento,—,583496,1,2.0,81,81,81,0,5.0,0,4,4,10,2012,0,95011,-29.15526307715377,-51.16329821329599
Gramado,Serra Gaúcha,Várzea Grande,Casa,—,2845520,3,2.0,143,466,106,37,1.0,0,3,2,6,1983,0,95673,-29.35171394591561,-50.88821320436521
Garibaldi,Serra Gaúcha,Bela Vista,Casa,—,740141,3,3.0,150,508,150,0,2.0,0,3,3,9,1984,0,95729,-29.21672258473146,-51.484997954272536
Porto Alegre,Capital,Três Figueiras,Terreno,—,575779,0,0.0,0,387,0,0,0.0,0,3,1,5,2005,0,90016,-30.06599715388042,-51.20555897074236
Vila Flores,Serra Gaúcha,Centro,Terreno,Florescer Parque Residencial,278000,0,0.0,0,420,0,0,0.0,0,1,3,6,2023,0,95335,-28.864845640060413,-51.613801576742375
Porto Alegre,Capital,Partenon,Condomínio Residencial,—,3162225,2,2.0,341,598,341,0,1.0,0,3,3,12,1992,0,90012,-30.045793680083758,-51.26071745602838
Farroupilha,Serra Gaúcha,Pio X,Terreno,—,1214595,0,0.0,0,855,0,0,0.0,0,0,1,5,2018,0,95187,-29.198629379054932,-51.30420376371939
Farroupilha,Serra Gaúcha,Centro,Apartamento,—,303453,3,1.0,53,53,53,0,2.0,0,4,5,9,2006,0,95185,-29.204504191205963,-51.31189766469206
Gramado,Serra Gaúcha,Canavial,Apartamento,—,933991,2,2.0,49,49,49,0,10.0,0,1,3,9,1972,0,95670,-29.38632874762531,-50.877395450662085
Canela,Serra Gaúcha,Jardim,Casa,—,1929584,3,1.5,142,329,118,24,3.0,0,1,2,6,1970,0,95685,-29.315421313848532,-50.80947141178566
Caxias do Sul,Serra Gaúcha,Sanvitto,Apartamento,—,1045060,2,1.0,137,137,137,0,7.0,0,1,3,10,1981,2000,95012,-29.120485415400793,-51.183931161637396
Nova Prata,Serra Gaúcha,Frizon,Terreno,Lot. Frizon / Chiomento,117331,0,0.0,0,374,0,0,0.0,0,0,2,4,1998,0,95326,-28.786731513999285,-51.60828828073002
Caxias do Sul,Serra Gaúcha,Santa Catarina,Apartamento,—,468485,3,1.0,64,64,64,0,8.0,0,4,4,7,1984,2023,95014,-29.19420842375054,-51.138605859331435
Garibaldi,Serra Gaúcha,Santa Marta,Casa,—,590810,4,3.0,121,213,121,0,1.0,0,1,4,5,2016,2003,95729,-29.229689865792253,-51.5096123436934
Caxias do Sul,Serra Gaúcha,São Pelegrino,Condomínio Residencial,—,2242725,2,3.5,205,752,205,0,1.0,0,3,3,11,1974,0,95014,-29.12158808503084,-51.19948121476148
Vila Flores,Serra Gaúcha,Linha Aimoré,Casa,—,294528,2,3.5,119,716,119,0,1.0,0,1,3,10,2014,2006,95337,-28.88255131602676,-51.6495663207794
Garibaldi,Serra Gaúcha,Santa Marta,Terreno,—,751289,0,0.0,0,620,0,0,0.0,0,0,2,5,2019,0,95720,-29.276625233986834,-51.49499802550385
Porto Alegre,Capital,Moinhos de Vento,Apartamento,—,378469,2,2.0,51,51,51,0,5.0,0,4,5,10,1977,0,90014,-29.995767203473704,-51.17153027531813
Porto Alegre,Capital,Mont'Serrat,Condomínio Residencial,—,2081991,4,3.5,224,484,224,0,2.0,0,1,5,12,2018,0,90012,-30.06107881638703,-51.20789553376377
Caxias do Sul,Serra Gaúcha,Sagrada Família,Terreno,—,2052160,0,0.0,0,1001,0,0,0.0,0,2,1,5,1993,0,95017,-29.18958368536302,-51.13155808466924
Vila Flores,Serra Gaúcha,Centro,Terreno,Florescer Parque Residencial,298000,0,0.0,0,420,0,0,0.0,0,2,3,6,2020,0,95335,-28.85657717905823,-51.599790386999935
Vila Flores,Serra Gaúcha,Centro,Terreno,Clube Residencial Paraíso,190971,0,0.0,0,936,0,0,0.0,0,1,2,3,1998,0,95337,-28.88800228542146,-51.614942908181916
Vila Flores,Serra Gaúcha,Centro,Terreno,Clube Residencial Paraíso,236288,0,0.0,0,1066,0,0,0.0,0,3,3,3,2010,0,95337,-28.876964092776955,-51.61221520477953
Gramado,Serra Gaúcha,Três Pinheiros,Condomínio Residencial,—,3932429,2,3.5,152,440,152,0,1.0,0,4,5,9,1971,2016,95670,-29.34636004888037,-50.89656409746559
Canela,Serra Gaúcha,Industrial,Condomínio Residencial,—,5462739,4,3.0,291,616,280,11,2.0,0,0,5,10,2005,0,95681,-29.40791952222195,-50.81252494328669
Farroupilha,Serra Gaúcha,Centro,Apartamento,—,775372,2,2.0,133,133,133,0,7.0,0,0,2,10,1984,0,95180,-29.221613304409185,-51.377381279915454
Vila Flores,Serra Gaúcha,Bairro Alto,Terreno,Residencial Horizontes,164429,0,0.0,0,380,0,0,0.0,0,0,2,4,2009,0,95335,-28.89816132414625,-51.601867427697826
Porto Alegre,Capital,Centro Histórico,Casa,—,1991541,3,2.5,261,560,261,0,2.0,0,1,2,5,1970,0,90010,-30.01210915216254,-51.22749662326259
Nova Petrópolis,Serra Gaúcha,Centro,Apartamento,—,347690,3,2.0,77,77,77,0,6.0,0,3,4,9,1979,0,95157,-29.37508656859622,-51.132173727564044
Garibaldi,Serra Gaúcha,Santa Marta,Apartamento,—,888644,3,1.0,170,170,170,0,6.0,0,4,3,10,2007,0,95726,-29.27731917169451,-51.55500010508012
Caxias do Sul,Serra Gaúcha,São Pelegrino,Casa,—,953140,4,3.0,128,250,128,0,2.0,0,0,4,10,2023,0,95015,-29.196015542600176,-51.20172222748025
Vila Flores,Serra Gaúcha,Centro,Terreno,Florescer Parque Residencial,460000,0,0.0,0,653,0,0,0.0,0,2,3,6,2023,0,95335,-28.854703221944135,-51.601512068203455
Farroupilha,Serra Gaúcha,Pio X,Terreno,—,1525178,0,0.0,0,1138,0,0,0.0,0,2,3,5,2011,0,95188,-29.26387662854311,-51.396601125854986
Bento Gonçalves,Serra Gaúcha,Centro,Apartamento,—,429912,3,2.0,63,63,63,0,5.0,0,4,2,7,1994,0,95701,-29.208202117557338,-51.507350325570556
Porto Alegre,Capital,Cidade Baixa,Condomínio Residencial,—,1229258,3,3.0,130,562,130,0,1.0,0,2,3,12,1991,0,90017,-30.06824257384146,-51.25011981384558
Garibaldi,Serra Gaúcha,Santa Marta,Apartamento,—,750231,1,2.0,162,162,162,0,4.0,0,2,2,10,1985,0,95721,-29.293294301890857,-51.51269393534803
Farroupilha,Serra Gaúcha,Centro,Apartamento,—,586115,2,1.0,111,111,111,0,2.0,0,2,5,9,1979,2005,95188,-29.2275456479705,-51.33069266230235
Vila Flores,Serra Gaúcha,Centro,Terreno,Florescer Parque Residencial,520000,0,0.0,0,883,0,0,0.0,0,1,3,6,2019,0,95335,-28.850934505184192,-51.59874060646227
Veranópolis,Serra Gaúcha,Interior,Casa,—,784271,4,2.0,257,532,257,0,1.0,0,4,4,7,1992,0,95334,-28.909890738537186,-51.542541383200174
Nova Petrópolis,Serra Gaúcha,Vila Nova,Casa,—,487615,2,3.5,102,587,102,0,1.0,0,0,5,6,1983,0,95159,-29.397529999822837,-51.134611229182376
Gramado,Serra Gaúcha,Três Pinheiros,Casa,—,3187432,2,2.5,164,682,97,67,1.0,0,0,3,9,2002,2011,95670,-29.358230407868678,-50.86857050473715
Vila Flores,Serra Gaúcha,Centro,Terreno,Florescer Parque Residencial,278000,0,0.0,0,434,0,0,0.0,0,2,3,6,2020,0,95335,-28.870788728061363,-51.60785600698578
Vila Flores,Serra Gaúcha,Centro,Terreno,Florescer Parque Residencial,263000,0,0.0,0,425,0,0,0.0,0,1,3,6,2018,0,95335,-28.862895820554904,-51.60654842352799
Garibaldi,Serra Gaúcha,Progresso,Apartamento,—,214093,2,1.0,49,49,49,0,5.0,0,4,4,9,1996,0,95721,-29.21023722933463,-51.55742727600168
Caxias do Sul,Serra Gaúcha,Centro,Condomínio Residencial,—,3143379,2,2.5,295,489,295,0,2.0,0,4,4,12,1992,2018,95013,-29.137341052637584,-51.1337364643843
Caxias do Sul,Serra Gaúcha,Desvio Rizzo,Casa,—,613755,2,1.0,75,245,75,0,1.0,0,2,3,10,2016,0,95018,-29.193827796877457,-51.228107404477115
Porto Alegre,Capital,Moinhos de Vento,Condomínio Residencial,—,2910724,3,3.0,305,474,305,0,2.0,0,4,3,11,2011,0,90014,-30.065084027859253,-51.2552795849092
Porto Alegre,Capital,Três Figueiras,Terreno,—,1645674,0,0.0,0,1044,0,0,0.0,0,3,2,6,1996,0,90010,-30.011115710817396,-51.173490016255904
Garibaldi,Serra Gaúcha,São João,Apartamento,—,551459,2,1.0,115,115,115,0,5.0,0,4,2,7,1988,0,95720,-29.238023591099598,-51.52923999741686
Porto Alegre,Capital,Menino Deus,Terreno,—,2188954,0,0.0,0,1126,0,0,0.0,0,2,3,5,2015,0,90013,-30.01357448824667,-51.24005302958215
Veranópolis,Serra Gaúcha,Centro,Comercial,—,748752,0,2.0,270,387,270,0,3.0,0,1,2,9,2000,0,95330,-28.891840463623133,-51.52634226917471
Bento Gonçalves,Serra Gaúcha,Fátima,Casa,—,1197498,2,3.0,196,338,196,0,1.0,0,1,4,7,2007,0,95703,-29.202962593437103,-51.55439692682661
Porto Alegre,Capital,Boa Vista,Apartamento,—,477342,2,2.0,60,60,60,0,7.0,0,4,5,10,1988,0,90012,-30.04729589347658,-51.187789155354515
Porto Alegre,Capital,Centro Histórico,Apartamento,—,846305,3,2.0,110,110,110,0,3.0,0,4,3,10,2009,0,90019,-29.988605943497,-51.173173339306445
Bento Gonçalves,Serra Gaúcha,São Bento,Casa,—,930798,3,1.0,146,405,146,0,3.0,1,3,5,7,2012,2018,95709,-29.167798929143636,-51.55925523081778
Canela,Serra Gaúcha,Fontes do Ipê,Terreno,—,3598385,0,0.0,0,1123,0,0,0.0,0,3,2,5,1993,0,95682,-29.334886172767106,-50.79307577260108
Vila Flores,Serra Gaúcha,Bairro Alto,Casa,—,747538,3,1.5,284,458,284,0,2.0,0,0,5,10,1987,0,95335,-28.872288189198386,-51.639737484996246
Vila Flores,Serra Gaúcha,Centro,Condomínio Residencial,—,823497,4,3.5,263,492,263,0,3.0,0,1,4,11,2009,2012,95338,-28.864436595744905,-51.6429559565523
Bento Gonçalves,Serra Gaúcha,São Bento,Condomínio Residencial,—,1949357,3,3.5,230,450,230,0,1.0,0,2,5,9,2015,0,95709,-29.171116357896665,-51.546483147104894
Vila Flores,Serra Gaúcha,Bairro Alto,Apartamento,—,312493,1,2.0,124,124,124,0,10.0,0,4,2,8,1972,0,95340,-28.890213521394177,-51.60328980786086
Canela,Serra Gaúcha,Centro,Terreno,—,2991006,0,0.0,0,1052,0,0,0.0,0,3,3,5,1997,0,95689,-29.380135310364793,-50.84538146027489
Caxias do Sul,Serra Gaúcha,Marechal Floriano,Casa,—,1037020,2,1.5,138,736,138,0,1.0,0,4,5,5,2012,0,95010,-29.176414949256,-51.1451335505638
Porto Alegre,Capital,Partenon,Apartamento,—,622363,1,2.0,91,91,91,0,1.0,0,0,5,6,2021,0,90015,-30.002847742086566,-51.185330623796716
Porto Alegre,Capital,Bela Vista,Apartamento,—,751550,3,1.0,102,102,102,0,4.0,0,3,5,6,1999,0,90016,-30.073403709922474,-51.210757048357166
Veranópolis,Serra Gaúcha,Renovação,Condomínio Residencial,—,1019710,2,2.0,270,646,258,12,2.0,0,0,5,8,2005,0,95331,-28.945865223376245,-51.57755385229489
Porto Alegre,Capital,Cristal,Casa,—,589719,3,3.5,73,623,73,0,2.0,0,1,2,9,1994,0,90014,-30.05044032635576,-51.225258841593536
Nova Petrópolis,Serra Gaúcha,Centro,Casa,—,664824,3,2.0,149,631,95,54,1.0,0,0,5,5,2007,0,95154,-29.329612436900984,-51.07595235960144
Caxias do Sul,Serra Gaúcha,Santa Catarina,Terreno,—,2189848,0,0.0,0,1150,0,0,0.0,0,2,1,5,2005,0,95016,-29.13495274096218,-51.202998642916214
Vila Flores,Serra Gaúcha,Centro,Terreno,Florescer Parque Residencial,380000,0,0.0,0,575,0,0,0.0,0,0,3,6,2024,0,95335,-28.860903579782,-51.598775670954694
Nova Petrópolis,Serra Gaúcha,Vila Nova,Apartamento,—,588545,2,2.0,123,123,123,0,2.0,0,2,2,7,2002,0,95154,-29.367628074220736,-51.09995524342538
Gramado,Serra Gaúcha,Morada da Serra,Casa,—,1945173,2,3.0,89,182,89,0,1.0,0,2,2,7,2023,0,95673,-29.40186582118007,-50.91004116874151
Caxias do Sul,Serra Gaúcha,São Pelegrino,Apartamento,—,754814,1,1.0,94,94,94,0,7.0,0,3,4,8,2011,2011,95010,-29.180177726002793,-51.2070528398971
Veranópolis,Serra Gaúcha,Centro,Apartamento,—,318501,1,1.0,101,101,101,0,4.0,0,0,5,9,1991,0,95334,-28.978533954646377,-51.58417477611586
Vila Flores,Serra Gaúcha,Linha Aimoré,Apartamento,—,343910,1,1.0,130,130,130,0,6.0,0,3,3,8,1975,0,95338,-28.84179842744617,-51.63426266501406
Caxias do Sul,Serra Gaúcha,Desvio Rizzo,Apartamento,—,1230694,2,2.0,148,148,148,0,7.0,0,1,5,6,1977,0,95019,-29.196068368801562,-51.12952461942258
Gramado,Serra Gaúcha,Três Pinheiros,Apartamento,—,860721,1,1.0,47,47,47,0,12.0,0,1,5,6,1992,0,95677,-29.33178648481977,-50.90021643627626
Garibaldi,Serra Gaúcha,Progresso,Apartamento,—,309234,3,2.0,66,66,66,0,12.0,0,4,5,10,2007,2014,95729,-29.30531569179339,-51.52965140748977
Vila Flores,Serra Gaúcha,Linha Aimoré,Apartamento,—,476195,1,1.0,179,179,179,0,6.0,0,3,5,10,2021,0,95343,-28.82942523637794,-51.63545954187646
Bento Gonçalves,Serra Gaúcha,Planalto,Apartamento,—,471027,2,1.0,76,76,76,0,1.0,0,2,2,8,2019,0,95704,-29.190485557437626,-51.52524621212321
Farroupilha,Serra Gaúcha,Cinquentenário,Casa,—,980673,2,3.5,169,434,169,0,1.0,0,3,4,9,1984,0,95181,-29.201492195249468,-51.30284264901137
Veranópolis,Serra Gaúcha,Medianeira,Casa,—,921430,4,2.5,292,700,292,0,1.0,0,0,2,10,2020,0,95336,-28.90469895240649,-51.55621172051331
Vila Flores,Serra Gaúcha,Centro,Condomínio Residencial,—,1018585,3,3.5,317,662,317,0,1.0,0,3,5,12,1984,2013,95344,-28.868020653512076,-51.59981749922832
Bento Gonçalves,Serra Gaúcha,São Bento,Apartamento,—,602794,3,2.0,89,89,89,0,4.0,0,2,4,8,2012,2019,95708,-29.176110017309483,-51.47797278525647
Veranópolis,Serra Gaúcha,Interior,Condomínio Residencial,—,1384903,2,3.5,342,741,342,0,3.0,0,2,5,10,2011,2010,95334,-28.939174052699897,-51.52935417663623
Porto Alegre,Capital,Cristal,Terreno,—,1713150,0,0.0,0,892,0,0,0.0,0,2,1,5,1993,0,90011,-30.0117292161045,-51.20749895496296
Gramado,Serra Gaúcha,Centro,Casa,—,5129275,2,1.0,248,402,248,0,3.0,0,4,2,6,1990,0,95671,-29.34086196998723,-50.872479958688864
Bento Gonçalves,Serra Gaúcha,Planalto,Casa,—,659436,2,2.0,95,318,95,0,1.0,0,3,4,7,2004,0,95703,-29.142772177028025,-51.49884607150953
Porto Alegre,Capital,Três Figueiras,Apartamento,—,425320,2,2.0,55,55,55,0,6.0,0,2,4,10,1981,2018,90010,-29.999554062869763,-51.22947443829734
Farroupilha,Serra Gaúcha,Cinquentenário,Casa,—,1400625,3,3.0,262,517,262,0,1.0,0,1,4,5,1982,0,95182,-29.272252006351284,-51.322911562353106
Veranópolis,Serra Gaúcha,Femaçã,Casa,—,730668,4,2.5,240,688,240,0,1.0,0,2,2,5,1993,0,95339,-28.908704614155074,-51.53078194002617
Nova Prata,Serra Gaúcha,São Cristóvão,Terreno,Lot. Colinas do Caravaggio,157142,0,0.0,0,360,0,0,0.0,0,3,3,4,2014,0,95325,-28.795107939045124,-51.57593833134893
Vila Flores,Serra Gaúcha,Centro,Condomínio Residencial,—,456812,2,3.0,146,499,146,0,2.0,0,4,3,9,1975,2018,95342,-28.903796609932456,-51.63586087673679
Veranópolis,Serra Gaúcha,Interior,Apartamento,—,199671,3,1.0,66,66,66,0,8.0,0,3,2,6,2021,0,95332,-28.970481657511026,-51.59273658912215
Veranópolis,Serra Gaúcha,Interior,Apartamento,—,392168,2,1.0,131,131,131,0,2.0,0,4,2,8,2015,0,95330,-28.986773646499337,-51.59977038968917
Nova Petrópolis,Serra Gaúcha,Linha Imperial,Casa,—,1006593,3,2.5,210,488,210,0,1.0,0,3,5,9,2003,0,95153,-29.333936932091387,-51.07888019524741
Caxias do Sul,Serra Gaúcha,Sagrada Família,Apartamento,—,724659,3,1.0,96,96,96,0,2.0,0,3,5,8,2016,0,95010,-29.12443910370084,-51.21556746611282
Canela,Serra Gaúcha,Reserva da Serra,Apartamento,—,1618182,1,1.0,115,115,115,0,12.0,0,4,4,8,1975,0,95682,-29.384993833438866,-50.80168855640848
Bento Gonçalves,Serra Gaúcha,Charqueadas,Comercial,—,953140,0,2.0,157,236,157,0,1.0,0,1,3,6,1983,2002,95707,-29.142970289559557,-51.53389302325122
Farroupilha,Serra Gaúcha,Pio X,Casa,—,1761724,2,3.5,291,826,291,0,2.0,0,0,5,8,1982,2002,95187,-29.223749143306087,-51.392040473860526
Bento Gonçalves,Serra Gaúcha,São Bento,Casa,—,1946532,3,2.0,289,484,289,0,1.0,0,1,3,8,2016,2017,95703,-29.188917937193448,-51.483307459775986
Gramado,Serra Gaúcha,Centro,Condomínio Residencial,—,5988784,2,3.0,239,767,194,45,2.0,0,1,4,10,2017,2020,95678,-29.386302903518718,-50.893319227930604
Vila Flores,Serra Gaúcha,Centro,Terreno,Clube Residencial Paraíso,259604,0,0.0,0,1196,0,0,0.0,0,0,2,3,2012,0,95338,-28.907147015549857,-51.6269515747334
Canela,Serra Gaúcha,Centro,Apartamento,—,1866609,1,1.0,140,140,140,0,8.0,0,0,2,8,2003,2014,95680,-29.337385150382804,-50.84188348375076
Gramado,Serra Gaúcha,Centro,Condomínio Residencial,—,7893359,3,2.5,296,534,296,0,3.0,0,3,4,9,1994,0,95676,-29.397127766519073,-50.915674978371996
Porto Alegre,Capital,Centro Histórico,Comercial,—,2604646,0,1.0,369,459,369,0,1.0,0,0,3,9,1998,0,90019,-29.99572827070175,-51.17896105098206
Nova Petrópolis,Serra Gaúcha,Vila Nova,Casa,—,1315681,4,1.5,268,563,193,75,1.0,0,1,5,8,1976,0,95158,-29.388983011983537,-51.16319532470291
Garibaldi,Serra Gaúcha,Santa Marta,Apartamento,—,350396,1,1.0,71,71,71,0,8.0,0,3,3,6,2016,0,95720,-29.263857317032805,-51.483832398790724
Nova Petrópolis,Serra Gaúcha,Recanto Suíço,Casa,—,968347,4,1.5,216,646,216,0,1.0,0,3,3,10,1979,0,95157,-29.37246225537235,-51.07486832661163
Garibaldi,Serra Gaúcha,Progresso,Apartamento,—,377558,1,1.0,81,81,81,0,8.0,1,0,5,9,1979,0,95722,-29.238142821073122,-51.543556371459196
Gramado,Serra Gaúcha,Centro,Comercial,—,1091636,0,1.0,66,243,66,0,2.0,0,0,5,8,1989,0,95672,-29.396210164812302,-50.895551938762885
Vila Flores,Serra Gaúcha,Linha Aimoré,Casa,—,271702,3,2.0,103,457,103,0,1.0,0,3,2,6,1980,0,95339,-28.856513319262206,-51.64654448475171
Nova Prata,Serra Gaúcha,Interior,Casa,—,422600,2,2.5,130,395,130,0,2.0,0,3,5,5,2015,0,95320,-28.799847257630756,-51.612140766888494
Nova Prata,Serra Gaúcha,Frizon,Condomínio Residencial,—,1107345,3,2.5,272,722,259,13,1.0,0,4,5,8,2015,2011,95320,-28.77909224621319,-51.566476622837875
Vila Flores,Serra Gaúcha,Linha Aimoré,Casa,—,702752,3,2.0,270,797,270,0,1.0,0,1,5,10,1984,0,95336,-28.87270134889403,-51.63167451557149
Nova Prata,Serra Gaúcha,Interior,Condomínio Residencial,—,1292380,4,3.5,298,776,298,0,2.0,0,1,3,9,1996,0,95329,-28.79684393877389,-51.56593243011181
Veranópolis,Serra Gaúcha,São Pelegrino,Condomínio Residencial,—,772793,4,3.0,191,397,191,0,2.0,0,3,3,8,1988,2010,95333,-28.914752489120357,-51.54252217609178
Nova Prata,Serra Gaúcha,São Cristóvão,Apartamento,—,373061,2,1.0,118,118,118,0,7.0,0,1,4,9,1976,2007,95327,-28.754111065335128,-51.6385984867543
Porto Alegre,Capital,Três Figueiras,Terreno,—,1046385,0,0.0,0,706,0,0,0.0,0,1,2,3,2004,0,90016,-30.040113079351475,-51.2544091323824
Nova Prata,Serra Gaúcha,Santa Cruz,Casa,—,267419,2,1.0,72,262,72,0,2.0,0,4,4,7,2012,0,95327,-28.75063155607273,-51.610667147918655
Caxias do Sul,Serra Gaúcha,São Pelegrino,Apartamento,—,1057670,2,2.0,136,136,136,0,6.0,0,4,2,9,2016,2002,95018,-29.208492283864743,-51.202769988227544
Canela,Serra Gaúcha,Fontes do Ipê,Terreno,—,2864345,0,0.0,0,786,0,0,0.0,0,0,3,6,2018,0,95681,-29.31612797519772,-50.85613799923707
Caxias do Sul,Serra Gaúcha,Sagrada Família,Apartamento,—,1091694,3,1.0,136,136,136,0,10.0,0,4,3,7,1990,0,95010,-29.20701861549696,-51.1815251585318
Gramado,Serra Gaúcha,Três Pinheiros,Condomínio Residencial,—,5268603,2,2.5,223,822,167,56,3.0,0,4,3,10,2012,2011,95678,-29.362554674277092,-50.914915519761934
Canela,Serra Gaúcha,Reserva da Serra,Apartamento,—,1189456,2,1.0,81,81,81,0,10.0,0,2,4,10,2005,2016,95686,-29.35215866370702,-50.78365331189614
Nova Prata,Serra Gaúcha,Sagrada Família,Casa,—,467741,2,1.0,142,430,142,0,2.0,0,3,5,10,2014,2019,95323,-28.756316201433194,-51.655306416215915
Bento Gonçalves,Serra Gaúcha,Fátima,Apartamento,—,897915,1,1.0,146,146,146,0,5.0,0,3,4,9,1979,0,95708,-29.165509058096468,-51.485690015257525
Nova Prata,Serra Gaúcha,Interior,Casa,—,703686,2,3.0,202,364,202,0,1.0,0,1,5,9,2021,0,95324,-28.750774851746698,-51.64445595705493
Canela,Serra Gaúcha,Industrial,Casa,—,3649437,4,3.5,247,729,247,0,2.0,0,3,4,10,1993,0,95687,-29.381279161354307,-50.80789625472889
Porto Alegre,Capital,Menino Deus,Apartamento,—,1095408,3,1.0,161,161,161,0,4.0,0,1,2,6,2019,0,90012,-30.059864224052422,-51.25679113942496
Gramado,Serra Gaúcha,Centro,Apartamento,—,3135163,1,2.0,158,158,158,0,4.0,0,0,5,8,1982,0,95673,-29.358699781888966,-50.86130515177988
Vila Flores,Serra Gaúcha,Bairro Alto,Casa,—,277714,3,3.0,119,633,119,0,1.0,0,1,3,5,2012,0,95339,-28.88766851875302,-51.58819673769826
Porto Alegre,Capital,Partenon,Comercial,—,771140,0,2.0,132,201,132,0,2.0,0,2,5,8,1992,0,90016,-30.0744659112712,-51.20255217070159
Bento Gonçalves,Serra Gaúcha,Fátima,Condomínio Residencial,—,2727031,3,3.0,339,794,339,0,2.0,1,2,4,9,1976,0,95706,-29.196902840428624,-51.52206507483206
Nova Petrópolis,Serra Gaúcha,Pinhal Alto,Apartamento,—,542466,1,2.0,113,113,113,0,7.0,0,3,5,6,1973,0,95155,-29.35684395965571,-51.12353181659513
Garibaldi,Serra Gaúcha,São João,Apartamento,—,215053,1,1.0,46,46,46,0,1.0,0,4,4,7,2000,0,95729,-29.22659305467583,-51.55408258278042
Garibaldi,Serra Gaúcha,Centro,Casa,—,769228,2,2.0,144,641,144,0,1.0,0,2,2,7,1973,0,95720,-29.26885621467454,-51.52815341901131
Nova Prata,Serra Gaúcha,Interior,Apartamento,—,187627,2,1.0,54,54,54,0,7.0,0,1,2,7,2003,0,95325,-28.8168653792609,-51.60840776801033
Vila Flores,Serra Gaúcha,Centro,Casa,—,611067,2,2.0,232,337,232,0,2.0,1,0,5,5,2009,0,95342,-28.853095483424,-51.635615252964875
Caxias do Sul,Serra Gaúcha,São Pelegrino,Comercial,—,444990,0,2.0,62,189,62,0,1.0,0,0,2,5,2014,2002,95014,-29.144447841222398,-51.213029693848114
Bento Gonçalves,Serra Gaúcha,São Roque,Casa,—,1686357,3,2.0,250,744,250,0,2.0,0,4,2,5,2014,0,95703,-29.174076309930513,-51.502429500211385
Porto Alegre,Capital,Cristal,Condomínio Residencial,—,1693939,2,3.5,178,551,178,0,2.0,0,2,4,11,2000,0,90015,-30.00576279929417,-51.22862546839187
Gramado,Serra Gaúcha,Três Pinheiros,Casa,—,3874003,4,2.0,190,694,190,0,1.0,0,3,5,6,1972,0,95676,-29.366896845728835,-50.84742132879775
Bento Gonçalves,Serra Gaúcha,Centro,Casa,—,799536,2,2.0,134,532,134,0,2.0,0,2,5,8,2006,0,95704,-29.200941416838585,-51.55953268946435
Gramado,Serra Gaúcha,Morada da Serra,Condomínio Residencial,—,5814042,4,3.0,229,668,222,7,2.0,0,4,4,9,1979,2023,95670,-29.356198909403865,-50.83969255292579
Gramado,Serra Gaúcha,Três Pinheiros,Casa,—,3662651,4,3.0,189,650,189,0,2.0,0,2,2,9,1975,0,95676,-29.4138401712757,-50.91725977092993
Canela,Serra Gaúcha,Centro,Apartamento,—,942427,2,2.0,61,61,61,0,4.0,0,0,4,9,1994,0,95682,-29.406414845938993,-50.82361180043546
Canela,Serra Gaúcha,Jardim,Apartamento,—,2397677,1,2.0,167,167,167,0,4.0,0,2,5,10,2016,2010,95687,-29.390572281979342,-50.78596700404819
Porto Alegre,Capital,Bela Vista,Casa,—,810535,4,3.5,117,481,117,0,1.0,0,4,3,9,2000,0,90010,-30.01726399976732,-51.19887489029036
Canela,Serra Gaúcha,Fontes do Ipê,Apartamento,—,1582506,2,1.0,123,123,123,0,12.0,0,2,3,7,2004,0,95688,-29.339889543251356,-50.76384020710071
Nova Prata,Serra Gaúcha,Frizon,Casa,—,694900,3,3.0,207,616,140,67,1.0,0,2,4,9,2009,0,95327,-28.772326515535955,-51.62123148246798
Porto Alegre,Capital,Petrópolis,Casa,—,2149999,4,1.0,268,486,268,0,1.0,0,0,5,6,2016,0,90019,-29.985131583618532,-51.25940068463634
Gramado,Serra Gaúcha,Várzea Grande,Casa,—,2126075,4,2.0,106,263,106,0,1.0,0,4,2,10,2012,0,95676,-29.387718910341444,-50.88522168905713
Canela,Serra Gaúcha,Fontes do Ipê,Comercial,—,2839512,0,1.0,273,316,273,0,2.0,0,1,5,7,1972,2008,95688,-29.347951944246486,-50.80660421462137
Bento Gonçalves,Serra Gaúcha,Charqueadas,Apartamento,—,1136956,3,2.0,163,163,163,0,2.0,0,4,4,9,1972,0,95704,-29.198929973447427,-51.554781679059566
Bento Gonçalves,Serra Gaúcha,São Roque,Apartamento,—,1190283,1,2.0,179,179,179,0,1.0,0,2,2,10,2020,0,95700,-29.197009509452023,-51.556397250761314
Farroupilha,Serra Gaúcha,Cinquentenário,Casa,—,1157379,2,3.0,200,335,200,0,3.0,0,3,5,5,1975,0,95183,-29.178378602212113,-51.3736625396206
Canela,Serra Gaúcha,São José,Casa,—,1198157,4,3.5,90,553,90,0,1.0,0,0,5,9,2018,0,95687,-29.35816238828086,-50.77217382091512
Caxias do Sul,Serra Gaúcha,Sagrada Família,Apartamento,—,793201,1,2.0,92,92,92,0,3.0,0,0,3,6,1990,0,95016,-29.217038529577742,-51.210526328709676
Nova Petrópolis,Serra Gaúcha,Recanto Suíço,Casa,—,530258,4,3.5,117,345,117,0,1.0,0,0,3,8,2013,0,95150,-29.38849783895959,-51.09201687958226
Bento Gonçalves,Serra Gaúcha,Charqueadas,Apartamento,—,480565,2,2.0,76,76,76,0,4.0,0,1,2,6,1972,0,95707,-29.192124554790148,-51.47313987220619
Gramado,Serra Gaúcha,Centro,Condomínio Residencial,—,7660117,3,3.5,281,782,281,0,2.0,0,4,3,11,1976,0,95678,-29.373589619758874,-50.860689759051766
Bento Gonçalves,Serra Gaúcha,São Roque,Terreno,—,941824,0,0.0,0,624,0,0,0.0,0,0,3,6,2009,0,95708,-29.13579425105195,-51.545547989219564
Porto Alegre,Capital,Petrópolis,Comercial,—,492073,0,2.0,74,171,74,0,1.0,0,1,4,6,1986,0,90011,-30.063602037269693,-51.19356047392084
Veranópolis,Serra Gaúcha,Medianeira,Casa,—,629122,2,1.5,214,779,167,47,2.0,0,2,5,9,2023,0,95330,-28.90231172814958,-51.514811395006895
Porto Alegre,Capital,Moinhos de Vento,Apartamento,—,444339,3,2.0,54,54,54,0,4.0,0,1,4,8,2016,0,90012,-30.016719704451763,-51.171071975734655
Veranópolis,Serra Gaúcha,Femaçã,Comercial,—,130437,0,1.0,56,105,56,0,1.0,0,2,2,5,2006,0,95332,-28.98675629366956,-51.607159758879696
Caxias do Sul,Serra Gaúcha,Centro,Apartamento,—,436209,3,1.0,56,56,56,0,10.0,0,2,4,6,1975,0,95012,-29.216462786687945,-51.18286023398957
Porto Alegre,Capital,Bela Vista,Apartamento,—,706110,3,2.0,99,99,99,0,7.0,0,2,3,9,2009,2012,90019,-30.044300109009402,-51.20434311809237
Porto Alegre,Capital,Cidade Baixa,Apartamento,—,1114404,2,2.0,136,136,136,0,12.0,0,4,2,7,1988,2008,90018,-30.052747101263602,-51.219441414763416
Porto Alegre,Capital,Petrópolis,Apartamento,—,798710,1,1.0,106,106,106,0,12.0,1,3,4,6,2020,0,90012,-30.00640909024786,-51.22183014426988
Porto Alegre,Capital,Cristal,Apartamento,—,859264,2,2.0,121,121,121,0,7.0,0,4,3,7,2005,2010,90016,-30.047879515672324,-51.18870412904265
Caxias do Sul,Serra Gaúcha,Sanvitto,Condomínio Residencial,—,2971633,3,3.5,311,791,311,0,1.0,0,3,4,11,2000,0,95015,-29.187919663854203,-51.158312682470715
Porto Alegre,Capital,Boa Vista,Terreno,—,1460646,0,0.0,0,857,0,0,0.0,0,2,1,5,2001,0,90014,-30.006168615438266,-51.23372521474737
Porto Alegre,Capital,Boa Vista,Apartamento,—,1184519,1,1.0,162,162,162,0,4.0,0,4,4,7,2021,0,90013,-30.029706801662268,-51.183826939623216
Porto Alegre,Capital,Petrópolis,Apartamento,—,684060,2,2.0,99,99,99,0,4.0,0,0,5,6,2015,2006,90016,-30.012361145028283,-51.26003272802874
Vila Flores,Serra Gaúcha,Centro,Casa,—,413637,4,2.5,159,499,159,0,1.0,0,4,4,6,1988,0,95339,-28.831982894780356,-51.641967696024906
Bento Gonçalves,Serra Gaúcha,Planalto,Casa,—,2053261,3,1.0,293,454,293,0,1.0,0,2,5,7,1992,0,95704,-29.207053868747337,-51.532015684284005
Farroupilha,Serra Gaúcha,Pio X,Condomínio Residencial,—,1261723,4,2.5,192,329,192,0,1.0,0,0,4,8,1987,0,95189,-29.224468529261,-51.3540352507535
Veranópolis,Serra Gaúcha,Medianeira,Terreno,Medianeira,270413,0,0.0,0,671,0,0,0.0,0,0,3,4,2012,0,95336,-28.92871574937158,-51.5995258800609
Porto Alegre,Capital,Petrópolis,Casa,—,1466505,4,3.0,195,587,174,21,2.0,0,3,5,7,1979,0,90011,-30.018447369265708,-51.263468487859804
Gramado,Serra Gaúcha,Várzea Grande,Terreno,—,4520379,0,0.0,0,993,0,0,0.0,0,2,2,6,2017,0,95678,-29.389750802046937,-50.89317375404022
Vila Flores,Serra Gaúcha,Centro,Casa,—,625462,4,1.0,251,802,251,0,1.0,0,2,3,8,1978,0,95336,-28.841633810030274,-51.647001999336105
Veranópolis,Serra Gaúcha,Medianeira,Terreno,Medianeira,217899,0,0.0,0,583,0,0,0.0,0,1,1,5,2001,0,95338,-28.899336043389642,-51.5197727148216
Nova Prata,Serra Gaúcha,São Cristóvão,Terreno,Lot. Colinas do Caravaggio,164269,0,0.0,0,388,0,0,0.0,0,0,3,6,2023,0,95326,-28.743763799188983,-51.659435853475856
Veranópolis,Serra Gaúcha,Renovação,Casa,—,524779,4,2.0,157,461,157,0,2.0,0,2,3,9,1982,0,95330,-28.913888634806963,-51.5608638933486
Porto Alegre,Capital,Petrópolis,Apartamento,—,753733,3,1.0,93,93,93,0,5.0,0,1,4,9,2008,2013,90015,-30.010958305552887,-51.21728369720987
Canela,Serra Gaúcha,Centro,Casa,—,1720633,2,1.0,114,238,114,0,1.0,0,3,2,5,1988,0,95689,-29.36877075010472,-50.827059270749785
Veranópolis,Serra Gaúcha,Femaçã,Terreno,Morada do Bosque,333344,0,0.0,0,407,0,0,0.0,0,2,3,6,2012,0,95336,-28.91448986522633,-51.592533092677805
Caxias do Sul,Serra Gaúcha,Sanvitto,Casa,—,1545723,2,3.0,190,543,190,0,2.0,0,4,2,5,1993,0,95013,-29.11966026671679,-51.21743695447589
Nova Petrópolis,Serra Gaúcha,Linha Imperial,Casa,—,580088,3,1.0,130,471,130,0,2.0,0,4,5,5,1988,2016,95153,-29.418113852477173,-51.06612325060145
Bento Gonçalves,Serra Gaúcha,Fátima,Apartamento,—,1139915,3,2.0,165,165,165,0,6.0,0,4,2,8,2013,0,95708,-29.190885759534865,-51.48096689101417
Farroupilha,Serra Gaúcha,São Caetano,Casa,—,1267377,4,3.0,246,383,246,0,1.0,0,2,5,8,1975,0,95180,-29.25906544850089,-51.31008690379031
Garibaldi,Serra Gaúcha,Bela Vista,Casa,—,568623,4,3.0,124,329,89,35,1.0,0,3,5,6,1997,0,95724,-29.234196099901112,-51.536602489032894
Garibaldi,Serra Gaúcha,Santa Marta,Condomínio Residencial,—,979061,2,2.0,165,651,165,0,1.0,0,0,5,10,2003,0,95721,-29.260234607759237,-51.55199369906104
Porto Alegre,Capital,Cidade Baixa,Apartamento,—,790851,3,2.0,96,96,96,0,5.0,0,2,2,7,1993,0,90014,-30.06749113639868,-51.17188000216954
Bento Gonçalves,Serra Gaúcha,São Bento,Comercial,—,1435064,0,2.0,283,376,283,0,2.0,0,2,2,8,1997,0,95704,-29.139119328532296,-51.5373529949209
Canela,Serra Gaúcha,Jardim,Terreno,—,1896518,0,0.0,0,565,0,0,0.0,0,3,1,4,1991,0,95685,-29.31039736383608,-50.85987807962486
Vila Flores,Serra Gaúcha,Centro,Terreno,Urbano avulso,157295,0,0.0,0,384,0,0,0.0,0,2,2,3,2008,0,95338,-28.8570060645341,-51.57371716845085
Bento Gonçalves,Serra Gaúcha,Centro,Apartamento,—,945572,3,1.0,157,157,157,0,4.0,0,4,5,7,2002,0,95708,-29.136637985162867,-51.47267043025223
Caxias do Sul,Serra Gaúcha,Santa Catarina,Terreno,—,1682202,0,0.0,0,1098,0,0,0.0,0,1,2,5,2009,0,95016,-29.16497511556875,-51.18763189619344
Gramado,Serra Gaúcha,Centro,Apartamento,—,3050178,2,2.0,150,150,150,0,3.0,0,4,4,9,2006,2015,95679,-29.38965152657351,-50.83370995994546
Nova Prata,Serra Gaúcha,Sagrada Família,Casa,—,951965,2,1.5,293,590,293,0,1.0,0,1,2,6,2013,0,95326,-28.74738365297742,-51.65474038524629
Veranópolis,Serra Gaúcha,Medianeira,Apartamento,—,226012,3,1.0,74,74,74,0,5.0,0,4,3,10,1996,2023,95331,-28.972452784877667,-51.60201907115385
Bento Gonçalves,Serra Gaúcha,Centro,Condomínio Residencial,—,2460824,3,2.0,321,882,321,0,3.0,0,1,3,10,2023,0,95706,-29.19469946190551,-51.48796304703177
Caxias do Sul,Serra Gaúcha,Centro,Casa,—,1122919,4,1.5,133,223,133,0,2.0,0,4,3,9,1989,2014,95012,-29.141407949318538,-51.158412874556284
Porto Alegre,Capital,Cristal,Condomínio Residencial,—,1407706,4,3.5,156,416,156,0,1.0,0,4,5,11,1984,0,90016,-30.026473349351722,-51.2039039710274
Vila Flores,Serra Gaúcha,Linha Aimoré,Casa,—,240414,2,3.0,92,289,92,0,1.0,0,2,5,10,1983,2010,95343,-28.844786586085828,-51.59696739063864
Caxias do Sul,Serra Gaúcha,Sanvitto,Condomínio Residencial,—,3395466,4,3.5,337,729,337,0,2.0,0,1,4,12,1970,2003,95015,-29.145352816692697,-51.21260516680757
Caxias do Sul,Serra Gaúcha,Exposição,Apartamento,—,1210572,3,1.0,144,144,144,0,12.0,0,3,3,9,2005,0,95011,-29.165782194066566,-51.203550652609856
Caxias do Sul,Serra Gaúcha,Exposição,Comercial,—,647479,0,2.0,105,291,105,0,2.0,0,0,4,9,1991,0,95011,-29.17220254209725,-51.15606874947693
Nova Prata,Serra Gaúcha,Frizon,Casa,—,456052,2,3.0,130,241,130,0,1.0,0,3,5,6,1972,0,95328,-28.823449849577404,-51.597244186367305
Vila Flores,Serra Gaúcha,Bairro Alto,Terreno,Residencial Horizontes,205325,0,0.0,0,510,0,0,0.0,0,1,3,5,2015,0,95338,-28.842663554814568,-51.614595153374985
Gramado,Serra Gaúcha,Mato Queimado,Casa,—,4942162,4,2.5,235,652,235,0,2.0,0,1,4,9,2020,0,95679,-29.386391823248587,-50.8448877038813
Porto Alegre,Capital,Chácara das Pedras,Casa,—,1684534,3,3.5,202,769,202,0,1.0,0,3,5,7,2004,0,90019,-30.004152045499183,-51.22623637149281
Bento Gonçalves,Serra Gaúcha,Planalto,Casa,—,1530706,2,1.5,223,588,223,0,2.0,0,2,2,8,1992,0,95704,-29.151437495361904,-51.47920291009004
Gramado,Serra Gaúcha,Morada da Serra,Casa,—,4877277,4,3.0,243,521,243,0,2.0,0,2,4,10,2014,0,95678,-29.40400793007426,-50.85513804901141
Canela,Serra Gaúcha,Jardim,Condomínio Residencial,—,3516741,2,3.5,192,647,192,0,2.0,0,0,4,11,1977,0,95680,-29.398217245773797,-50.81169580665365
Porto Alegre,Capital,Menino Deus,Casa,—,2212286,2,2.0,279,442,200,79,1.0,0,4,3,8,2002,0,90013,-30.058617827681097,-51.237888469229375
Gramado,Serra Gaúcha,Mato Queimado,Apartamento,—,1458075,3,2.0,68,68,68,0,2.0,0,0,4,10,2021,0,95679,-29.409669932096488,-50.90402020787911
Caxias do Sul,Serra Gaúcha,Desvio Rizzo,Casa,—,2371845,2,2.0,267,485,267,0,1.0,0,2,3,5,2000,0,95019,-29.215202244005344,-51.15183449963161
Nova Petrópolis,Serra Gaúcha,Vila Nova,Comercial,—,1210703,0,2.0,340,343,340,0,1.0,0,0,2,7,1991,0,95151,-29.394263544765195,-51.13622228538742
Porto Alegre,Capital,Partenon,Apartamento,—,1139520,2,2.0,139,139,139,0,5.0,0,0,3,9,2010,0,90017,-30.001727886356026,-51.17887960814765
Canela,Serra Gaúcha,Reserva da Serra,Casa,—,3710386,2,1.5,269,471,269,0,1.0,0,4,3,9,1981,0,95686,-29.380960982680403,-50.81661788654428
Caxias do Sul,Serra Gaúcha,Sanvitto,Casa,—,1716099,4,3.0,231,417,185,46,2.0,0,3,4,10,1970,0,95015,-29.174811504317784,-51.13039917796271
Veranópolis,Serra Gaúcha,Renovação,Apartamento,—,423247,3,2.0,132,132,132,0,6.0,0,1,4,6,1996,2005,95335,-28.971957204420782,-51.542504726902685
Canela,Serra Gaúcha,Centro,Apartamento,—,1276746,3,2.0,96,96,96,0,1.0,0,0,3,9,1982,0,95683,-29.402941269784808,-50.85925680526901
Veranópolis,Serra Gaúcha,Femaçã,Terreno,Cond. Jardim Europa,202402,0,0.0,0,514,0,0,0.0,0,2,3,4,2023,0,95337,-28.923597977204167,-51.56694378583355
Vila Flores,Serra Gaúcha,Centro,Comercial,—,834360,0,2.0,369,555,369,0,2.0,0,1,5,9,2004,0,95344,-28.854155794265633,-51.62184090775754
Nova Prata,Serra Gaúcha,Sagrada Família,Terreno,Sagrada Família / Centro,340328,0,0.0,0,342,0,0,0.0,0,1,2,5,1997,0,95324,-28.811086691313495,-51.66129072957991
Veranópolis,Serra Gaúcha,São Pelegrino,Terreno,Solar Norte,174800,0,0.0,0,438,0,0,0.0,0,2,3,3,1990,0,95333,-28.91481471627532,-51.533294243094474
Porto Alegre,Capital,Partenon,Comercial,—,1058955,0,1.0,193,347,193,0,1.0,0,2,2,5,2009,0,90015,-29.993496204479772,-51.17658573550899
Canela,Serra Gaúcha,Fontes do Ipê,Apartamento,—,1854061,1,2.0,132,132,132,0,2.0,1,2,2,10,1993,2000,95685,-29.31826037886097,-50.841392419184366
Caxias do Sul,Serra Gaúcha,Centro,Apartamento,—,349528,1,1.0,46,46,46,0,6.0,0,2,2,7,1985,2003,95016,-29.164115023662397,-51.15359043999088
Nova Petrópolis,Serra Gaúcha,Vila Nova,Casa,—,376964,3,1.0,79,302,79,0,2.0,0,1,4,8,2005,0,95155,-29.423660578374633,-51.069093631591414
Nova Petrópolis,Serra Gaúcha,Vila Nova,Casa,—,392371,3,1.0,79,558,79,0,2.0,0,3,4,9,2009,0,95158,-29.349027616232927,-51.07214360842067
Porto Alegre,Capital,Centro Histórico,Casa,—,1793898,4,2.0,239,623,239,0,2.0,0,0,5,7,1994,0,90016,-30.059927304396044,-51.198686409772144
Bento Gonçalves,Serra Gaúcha,Planalto,Casa,—,1566448,2,3.5,226,449,226,0,2.0,0,0,5,10,1981,2011,95709,-29.205130137389414,-51.4907896614591
Nova Petrópolis,Serra Gaúcha,Vila Nova,Apartamento,—,583451,2,1.0,127,127,127,0,5.0,0,1,2,6,1991,0,95155,-29.334268840486793,-51.13409220120671
Porto Alegre,Capital,Moinhos de Vento,Terreno,—,1231440,0,0.0,0,843,0,0,0.0,0,2,3,4,2016,0,90010,-29.992026906614008,-51.22481893286788
Canela,Serra Gaúcha,Jardim,Apartamento,—,676042,2,1.0,53,53,53,0,6.0,0,3,4,6,1993,0,95682,-29.319102289348287,-50.81906634037624
Canela,Serra Gaúcha,Fontes do Ipê,Casa,—,1308411,4,1.0,93,288,93,0,1.0,0,4,2,6,1987,0,95684,-29.31213375483444,-50.84077786099754
Bento Gonçalves,Serra Gaúcha,Centro,Casa,—,749637,2,2.0,109,538,109,0,3.0,0,2,3,5,1989,0,95704,-29.146523814975946,-51.497326687333725
Gramado,Serra Gaúcha,Três Pinheiros,Comercial,—,1232797,0,2.0,77,261,77,0,1.0,0,2,3,7,2015,0,95670,-29.421694085292707,-50.84190067889606
Caxias do Sul,Serra Gaúcha,Marechal Floriano,Condomínio Residencial,—,2348269,3,2.0,255,748,255,0,2.0,0,0,3,11,2001,0,95019,-29.16915287293633,-51.161365862975764
Vila Flores,Serra Gaúcha,Bairro Alto,Condomínio Residencial,—,738602,4,3.5,214,614,214,0,3.0,0,4,4,8,1992,0,95335,-28.88700942184353,-51.56666257524463
Veranópolis,Serra Gaúcha,Interior,Apartamento,—,230498,1,1.0,80,80,80,0,4.0,0,1,4,10,2021,2016,95332,-28.903840477583316,-51.59297988020942
Bento Gonçalves,Serra Gaúcha,Planalto,Casa,—,2009254,4,2.0,296,713,296,0,3.0,0,4,2,6,2018,0,95704,-29.13319051146109,-51.49255201502066
Porto Alegre,Capital,Menino Deus,Apartamento,—,373542,1,2.0,48,48,48,0,3.0,0,0,5,10,1978,0,90016,-30.022779359645323,-51.196876218746084
Porto Alegre,Capital,Centro Histórico,Apartamento,—,575651,2,2.0,79,79,79,0,10.0,0,1,3,10,1984,0,90014,-29.989229966101956,-51.22667593254196
Vila Flores,Serra Gaúcha,Bairro Alto,Terreno,Residencial Horizontes,145058,0,0.0,0,377,0,0,0.0,0,0,3,5,1997,0,95343,-28.882518399126543,-51.560352558909564
Vila Flores,Serra Gaúcha,Centro,Terreno,Clube Residencial Paraíso,244821,0,0.0,0,1116,0,0,0.0,0,1,2,4,2019,0,95341,-28.902334241698046,-51.62580306994999
Garibaldi,Serra Gaúcha,Santa Marta,Casa,—,1553814,3,2.5,294,639,294,0,1.0,0,4,2,5,2010,2017,95723,-29.235506852641358,-51.55046749567418
Vila Flores,Serra Gaúcha,Centro,Apartamento,—,193661,3,1.0,71,71,71,0,4.0,0,2,5,8,1987,0,95337,-28.898566596174867,-51.58248559178875
Bento Gonçalves,Serra Gaúcha,São Bento,Apartamento,—,1019768,1,2.0,145,145,145,0,12.0,0,3,2,9,2013,0,95707,-29.17099443073863,-51.47673637456298
Nova Prata,Serra Gaúcha,Centro,Apartamento,—,523044,1,1.0,152,152,152,0,7.0,0,0,2,10,1993,0,95326,-28.81261867682927,-51.64989168434458
Gramado,Serra Gaúcha,Morada da Serra,Casa,—,6378109,2,1.5,295,771,295,0,2.0,0,3,4,6,1979,0,95674,-29.39651729975366,-50.91557424062169
Porto Alegre,Capital,Três Figueiras,Casa,—,1657314,2,3.0,229,765,229,0,1.0,0,1,4,10,1971,0,90019,-29.99583724208487,-51.209302454473494
Canela,Serra Gaúcha,São José,Casa,—,3155118,3,3.5,239,612,239,0,2.0,0,1,2,7,2004,0,95686,-29.35773728304553,-50.78352010223502
Bento Gonçalves,Serra Gaúcha,Charqueadas,Casa,—,598834,4,1.5,89,618,89,0,1.0,0,2,2,6,2001,2014,95701,-29.218043457895007,-51.53516875742839
Bento Gonçalves,Serra Gaúcha,São Roque,Apartamento,—,576215,3,2.0,85,85,85,0,12.0,0,0,3,8,1992,0,95709,-29.209767371068914,-51.53584586461616
Canela,Serra Gaúcha,Industrial,Terreno,—,2085291,0,0.0,0,589,0,0,0.0,0,2,2,6,2010,0,95687,-29.329968267378412,-50.77531554065706
Porto Alegre,Capital,Cristal,Terreno,—,654959,0,0.0,0,450,0,0,0.0,0,1,3,5,2020,0,90010,-30.015378962664936,-51.21340805519086
Porto Alegre,Capital,Boa Vista,Apartamento,—,733350,1,2.0,100,100,100,0,5.0,0,1,5,8,2003,2013,90011,-30.056095989090476,-51.21615337972515
Gramado,Serra Gaúcha,Centro,Condomínio Residencial,—,6077303,4,3.5,264,845,264,0,2.0,0,3,4,12,2021,0,95671,-29.391171816093866,-50.92486027860842
Vila Flores,Serra Gaúcha,Centro,Terreno,Florescer Parque Residencial,284000,0,0.0,0,452,0,0,0.0,0,1,3,6,2020,0,95335,-28.871717117115683,-51.59281287093164
Canela,Serra Gaúcha,Jardim,Condomínio Residencial,—,4073677,2,2.5,219,784,219,0,2.0,0,1,3,9,2012,2021,95680,-29.39865473028301,-50.82340036898274
Caxias do Sul,Serra Gaúcha,Exposição,Condomínio Residencial,—,1925164,3,2.5,175,407,175,0,2.0,0,3,5,10,2002,0,95011,-29.196337525087923,-51.14706956937696
Canela,Serra Gaúcha,São José,Condomínio Residencial,—,5648402,2,2.5,340,905,340,0,1.0,0,3,3,8,2010,2017,95683,-29.330485124135215,-50.84876065719222
Veranópolis,Serra Gaúcha,Centro,Condomínio Residencial,—,719821,3,3.5,176,765,176,0,2.0,0,1,5,9,1993,2009,95339,-28.951902376098428,-51.58754956316233
Porto Alegre,Capital,Três Figueiras,Apartamento,—,932499,1,1.0,121,121,121,0,1.0,0,3,4,9,1978,0,90010,-30.010440943619276,-51.22098001394798
Farroupilha,Serra Gaúcha,São Caetano,Casa,—,1550299,3,1.0,264,774,264,0,1.0,0,1,4,6,1981,2004,95183,-29.227734684037824,-51.34542872557103
Farroupilha,Serra Gaúcha,Pio X,Casa,—,1145384,3,3.0,226,793,226,0,2.0,0,1,5,7,1978,0,95186,-29.25448353076858,-51.30023181892431
Vila Flores,Serra Gaúcha,Centro,Terreno,Florescer Parque Residencial,310000,0,0.0,0,420,0,0,0.0,0,2,3,6,2022,0,95335,-28.861854130133807,-51.61153969352673
Porto Alegre,Capital,Centro Histórico,Apartamento,—,744334,3,2.0,101,101,101,0,12.0,0,0,5,9,1995,0,90016,-30.066429001685368,-51.223102941112096
Caxias do Sul,Serra Gaúcha,Marechal Floriano,Condomínio Residencial,—,3397040,4,2.5,337,726,337,0,1.0,0,3,4,10,2020,0,95016,-29.137771638335458,-51.146974099004524
Canela,Serra Gaúcha,São José,Casa,—,4155864,2,1.0,263,469,263,0,2.0,0,1,4,9,2016,0,95689,-29.323494128481617,-50.83854314441944
Caxias do Sul,Serra Gaúcha,São Pelegrino,Apartamento,—,1091356,3,2.0,126,126,126,0,10.0,1,3,2,8,2016,0,95016,-29.17250739266814,-51.181182515423316
Gramado,Serra Gaúcha,Três Pinheiros,Terreno,—,3231512,0,0.0,0,739,0,0,0.0,0,2,1,4,1994,0,95671,-29.42621442230736,-50.8707568630113
Bento Gonçalves,Serra Gaúcha,Fátima,Casa,—,591959,3,1.0,85,324,85,0,2.0,0,2,4,8,1979,2001,95704,-29.14208717588054,-51.562645444647984
Vila Flores,Serra Gaúcha,Centro,Terreno,Florescer Parque Residencial,268000,0,0.0,0,420,0,0,0.0,0,2,3,6,2024,0,95335,-28.86869414834088,-51.59407690871417
Nova Prata,Serra Gaúcha,Centro,Terreno,Lot. Gênova,250194,0,0.0,0,360,0,0,0.0,0,1,3,5,1994,0,95322,-28.80207176371484,-51.60616448262653
Porto Alegre,Capital,Centro Histórico,Terreno,—,1171828,0,0.0,0,670,0,0,0.0,0,1,3,6,2017,0,90012,-30.057298784810335,-51.235203491868035
Caxias do Sul,Serra Gaúcha,Centro,Apartamento,—,356641,2,2.0,45,45,45,0,6.0,0,1,2,9,2012,0,95012,-29.152319831803705,-51.159845864818244
Veranópolis,Serra Gaúcha,Renovação,Comercial,—,1024485,0,2.0,374,390,374,0,2.0,0,1,3,7,1990,2008,95334,-28.953576306476617,-51.59297236499956
Nova Prata,Serra Gaúcha,Clivatti,Casa,—,719082,2,1.0,218,525,218,0,1.0,0,0,4,5,1974,0,95326,-28.79310218076821,-51.58563424325055
Caxias do Sul,Serra Gaúcha,Centro,Comercial,—,2415313,0,2.0,357,484,357,0,1.0,0,0,3,5,1970,2018,95010,-29.152744143428077,-51.14047124213072
Gramado,Serra Gaúcha,Várzea Grande,Casa,—,3285024,3,2.0,154,496,154,0,2.0,0,1,2,7,1982,2021,95675,-29.333295334047737,-50.910657691197784
Caxias do Sul,Serra Gaúcha,Centro,Apartamento,—,1042534,1,1.0,126,126,126,0,7.0,0,2,3,6,1982,0,95018,-29.122256137919198,-51.20944749790759
Garibaldi,Serra Gaúcha,Santa Marta,Casa,—,402751,4,1.0,85,248,85,0,3.0,0,0,5,10,2010,0,95723,-29.304785199578266,-51.565279429082004
Caxias do Sul,Serra Gaúcha,Marechal Floriano,Comercial,—,2070295,0,2.0,277,393,277,0,1.0,0,1,4,7,2016,0,95014,-29.200202798607542,-51.16793201122625
Vila Flores,Serra Gaúcha,Centro,Terreno,Florescer Parque Residencial,285000,0,0.0,0,420,0,0,0.0,0,2,3,6,2021,0,95335,-28.85587067324353,-51.59493182762444
Farroupilha,Serra Gaúcha,Cinquentenário,Terreno,—,721195,0,0.0,0,507,0,0,0.0,0,3,3,6,2018,0,95181,-29.251559240965413,-51.35758430893606
Porto Alegre,Capital,Boa Vista,Condomínio Residencial,—,1214527,2,2.0,127,252,127,0,2.0,0,0,5,8,1970,0,90019,-29.991394466845225,-51.20376354803935
Vila Flores,Serra Gaúcha,Centro,Terreno,Florescer Parque Residencial,294000,0,0.0,0,480,0,0,0.0,0,2,3,6,2019,0,95335,-28.867008574746652,-51.603226561510105
Nova Petrópolis,Serra Gaúcha,Linha Imperial,Terreno,—,1117948,0,0.0,0,956,0,0,0.0,0,3,3,4,1999,0,95153,-29.340641226412608,-51.11725934075764
Porto Alegre,Capital,Petrópolis,Apartamento,—,412559,1,1.0,55,55,55,0,7.0,0,1,4,9,2023,0,90010,-30.002167036911917,-51.20193283399736
Bento Gonçalves,Serra Gaúcha,Planalto,Casa,—,1506880,4,3.0,254,621,217,37,1.0,0,1,4,9,2012,0,95700,-29.15184619038385,-51.50184419074113
Canela,Serra Gaúcha,Fontes do Ipê,Condomínio Residencial,—,4272836,2,3.0,217,773,217,0,2.0,0,0,5,12,2016,2010,95689,-29.370362385173408,-50.800591474252975
Gramado,Serra Gaúcha,Canavial,Terreno,—,1663362,0,0.0,0,425,0,0,0.0,0,0,3,3,1991,0,95673,-29.39856623673178,-50.90879760786567
Nova Prata,Serra Gaúcha,Centro,Comercial,—,145792,0,1.0,43,107,43,0,1.0,0,1,4,6,1998,0,95322,-28.763834519967897,-51.63574566490881
Canela,Serra Gaúcha,Reserva da Serra,Condomínio Residencial,—,4221054,4,3.5,241,837,241,0,2.0,0,3,5,12,1999,0,95686,-29.393608459139138,-50.80509392368133
Porto Alegre,Capital,Cidade Baixa,Condomínio Residencial,—,1756649,3,3.0,186,325,186,0,2.0,0,2,4,10,1988,0,90014,-30.07973468264553,-51.23648610746121
Porto Alegre,Capital,Centro Histórico,Apartamento,—,769037,2,1.0,108,108,108,0,7.0,0,2,3,9,1995,2015,90013,-30.072241848258855,-51.25156025457435
Nova Prata,Serra Gaúcha,Interior,Casa,—,828963,3,3.5,215,452,215,0,1.0,1,3,4,8,1981,0,95324,-28.779912668035248,-51.639107280659104
Nova Prata,Serra Gaúcha,Santa Cruz,Apartamento,—,445290,1,1.0,133,133,133,0,7.0,0,2,2,10,1971,0,95327,-28.80400026542594,-51.620285666661964
Garibaldi,Serra Gaúcha,Santa Marta,Apartamento,—,512450,3,2.0,108,108,108,0,3.0,0,3,3,10,2011,0,95723,-29.20738482941702,-51.5649324328347
Bento Gonçalves,Serra Gaúcha,Charqueadas,Casa,—,1090350,4,1.5,172,644,139,33,2.0,0,4,2,7,1993,0,95704,-29.197954568524686,-51.51586556415334
Nova Petrópolis,Serra Gaúcha,Centro,Terreno,—,375517,0,0.0,0,416,0,0,0.0,0,1,1,6,2020,0,95150,-29.391759013970233,-51.14672677675538
Veranópolis,Serra Gaúcha,Medianeira,Comercial,—,911613,0,2.0,397,504,397,0,2.0,0,0,5,8,2004,0,95335,-28.918421816074538,-51.58733233625865
Gramado,Serra Gaúcha,Morada da Serra,Terreno,—,4729374,0,0.0,0,954,0,0,0.0,0,0,3,3,2019,0,95678,-29.33244187955637,-50.879550000283096
Bento Gonçalves,Serra Gaúcha,Planalto,Casa,—,1384343,4,1.5,234,639,234,0,2.0,0,4,5,7,1972,2022,95706,-29.158305080380057,-51.535983644519646
Veranópolis,Serra Gaúcha,Medianeira,Casa,—,824706,4,3.0,248,336,248,0,1.0,0,3,2,7,1982,2014,95332,-28.982908841048292,-51.59149103747996
Bento Gonçalves,Serra Gaúcha,São Roque,Casa,—,1086202,2,1.0,181,747,181,0,2.0,0,2,3,7,2001,0,95709,-29.15705378722426,-51.48207609458302
Canela,Serra Gaúcha,Fontes do Ipê,Casa,—,4401490,2,1.0,293,566,293,0,2.0,0,3,4,8,1977,0,95682,-29.349005096687804,-50.778921237614384
Nova Prata,Serra Gaúcha,Clivatti,Apartamento,—,302362,1,1.0,92,92,92,0,7.0,0,4,5,10,1977,0,95329,-28.7996357362409,-51.6204143555117
Garibaldi,Serra Gaúcha,Santa Marta,Casa,—,911462,4,3.5,205,564,205,0,1.0,0,1,4,10,1982,0,95726,-29.28335083368495,-51.5035461067847
Canela,Serra Gaúcha,São José,Apartamento,—,1555758,2,1.0,105,105,105,0,3.0,0,3,5,9,2010,2010,95682,-29.397095355991514,-50.84190656869064
Vila Flores,Serra Gaúcha,Centro,Terreno,Clube Residencial Paraíso,211452,0,0.0,0,1005,0,0,0.0,0,0,1,5,2009,0,95344,-28.848147868942192,-51.55906061133595
Porto Alegre,Capital,Partenon,Apartamento,—,753474,1,2.0,93,93,93,0,10.0,0,0,3,7,1970,0,90016,-30.013093450745476,-51.19678653394782
Nova Prata,Serra Gaúcha,São Cristóvão,Terreno,Lot. Colinas do Caravaggio,146700,0,0.0,0,393,0,0,0.0,0,2,3,3,1995,0,95324,-28.83321011622064,-51.599024275936266
Canela,Serra Gaúcha,Reserva da Serra,Apartamento,—,1123922,2,2.0,77,77,77,0,4.0,0,0,2,6,1984,0,95684,-29.353829694695648,-50.82375513364131
Porto Alegre,Capital,Bela Vista,Casa,—,1040316,3,3.0,137,320,137,0,1.0,0,1,5,9,1992,2000,90016,-30.03271461605657,-51.2283102009851
Vila Flores,Serra Gaúcha,Bairro Alto,Terreno,Residencial Horizontes,185534,0,0.0,0,492,0,0,0.0,0,1,2,5,1999,0,95342,-28.880680970056577,-51.643450303889786
Porto Alegre,Capital,Três Figueiras,Casa,—,626939,2,1.0,87,526,87,0,1.0,0,1,2,7,2022,0,90018,-29.98479959902046,-51.24608284518648
Vila Flores,Serra Gaúcha,Centro,Casa,—,236376,4,3.0,89,247,89,0,1.0,0,3,4,5,1984,0,95339,-28.82388515481999,-51.601404943469
Veranópolis,Serra Gaúcha,Interior,Apartamento,—,543248,3,1.0,166,166,166,0,1.0,0,3,5,10,1984,2016,95334,-28.897699669120104,-51.57653864353565
Porto Alegre,Capital,Menino Deus,Terreno,—,1511689,0,0.0,0,1062,0,0,0.0,0,1,2,3,1991,0,90019,-29.98727550761273,-51.25674213436993
Veranópolis,Serra Gaúcha,Renovação,Apartamento,—,310740,1,2.0,104,104,104,0,10.0,0,0,4,10,1990,0,95332,-28.903593027187064,-51.602494620878254
Nova Petrópolis,Serra Gaúcha,Recanto Suíço,Casa,—,539649,3,1.0,124,666,124,0,3.0,1,2,2,6,2010,0,95152,-29.332369623962684,-51.14596902907901
Gramado,Serra Gaúcha,Centro,Condomínio Residencial,—,8709656,4,2.5,312,523,312,0,1.0,0,3,4,10,1996,2010,95675,-29.416997585001784,-50.90162349564439
Bento Gonçalves,Serra Gaúcha,Centro,Terreno,—,849110,0,0.0,0,570,0,0,0.0,0,1,3,3,2014,0,95709,-29.195377631410924,-51.48435605283355
Farroupilha,Serra Gaúcha,Desvio Rizzo,Casa,—,537138,4,1.0,93,298,93,0,2.0,0,4,3,5,1999,0,95185,-29.25406514398306,-51.32904569014403
Caxias do Sul,Serra Gaúcha,Santa Catarina,Casa,—,1975021,3,1.0,223,459,223,0,1.0,0,0,3,8,1973,0,95010,-29.216613647155917,-51.207125185206664
Farroupilha,Serra Gaúcha,São Caetano,Terreno,—,1178003,0,0.0,0,828,0,0,0.0,0,3,3,5,1991,0,95181,-29.174397820927894,-51.395881755475735
Nova Prata,Serra Gaúcha,Sagrada Família,Casa,—,553763,4,3.0,158,353,158,0,1.0,0,2,3,6,2007,0,95326,-28.832589043627333,-51.62949404869834
Vila Flores,Serra Gaúcha,Linha Aimoré,Casa,—,534014,2,1.0,192,404,192,0,1.0,0,3,5,9,1978,0,95337,-28.87704215331854,-51.59138726210432
Canela,Serra Gaúcha,Centro,Casa,—,4347219,4,2.5,290,668,290,0,3.0,0,3,4,10,2020,0,95684,-29.35044195446197,-50.82463707270154
Porto Alegre,Capital,Partenon,Casa,—,2056472,3,3.0,249,416,249,0,2.0,0,3,3,5,1983,0,90010,-30.028522180460854,-51.21737904799682
Porto Alegre,Capital,Boa Vista,Apartamento,—,1248773,3,1.0,158,158,158,0,8.0,0,2,2,7,1998,2018,90012,-30.000850445956747,-51.26239682426904
Garibaldi,Serra Gaúcha,Centro,Terreno,—,504776,0,0.0,0,401,0,0,0.0,0,3,3,3,1991,0,95722,-29.220385103960815,-51.50156562318101
Vila Flores,Serra Gaúcha,Bairro Alto,Apartamento,—,257388,3,1.0,97,97,97,0,3.0,0,4,5,7,1976,0,95335,-28.85204455458585,-51.584173765278194
Vila Flores,Serra Gaúcha,Bairro Alto,Terreno,Residencial Horizontes,151916,0,0.0,0,434,0,0,0.0,0,2,3,4,2012,0,95342,-28.813137142133478,-51.5609546344666
Vila Flores,Serra Gaúcha,Linha Aimoré,Apartamento,—,324386,1,2.0,144,144,144,0,12.0,0,2,4,10,1978,0,95343,-28.863827065811126,-51.572208419657635
Farroupilha,Serra Gaúcha,Pio X,Terreno,—,528156,0,0.0,0,394,0,0,0.0,0,1,1,6,2013,0,95189,-29.23526211315334,-51.30510938642858
Nova Prata,Serra Gaúcha,Frizon,Casa,—,483402,2,2.0,124,442,124,0,3.0,0,4,2,10,1987,0,95325,-28.78609858496847,-51.60819887404537
Caxias do Sul,Serra Gaúcha,Marechal Floriano,Casa,—,1064142,4,3.5,133,436,70,63,2.0,0,2,4,6,2014,0,95014,-29.17569158403888,-51.203256277529725
Porto Alegre,Capital,Menino Deus,Apartamento,—,862385,2,2.0,114,114,114,0,4.0,0,0,3,10,2018,0,90018,-30.029844105403377,-51.19228750046088
Porto Alegre,Capital,Moinhos de Vento,Apartamento,—,540252,3,1.0,74,74,74,0,7.0,0,2,4,8,2007,0,90010,-30.009885335163553,-51.26059903021503
Vila Flores,Serra Gaúcha,Linha Aimoré,Casa,—,548731,2,3.5,211,584,168,43,2.0,0,3,2,6,2016,2010,95337,-28.852525034451663,-51.570686460089696
Caxias do Sul,Serra Gaúcha,Exposição,Apartamento,—,880279,3,2.0,101,101,101,0,6.0,0,1,2,10,2016,0,95013,-29.18803056097241,-51.196786985737496
Garibaldi,Serra Gaúcha,Bela Vista,Casa,—,1026249,4,2.5,230,804,230,0,2.0,0,4,2,10,2023,2010,95723,-29.284404416575274,-51.50081459777622
Caxias do Sul,Serra Gaúcha,Sagrada Família,Apartamento,—,572413,3,2.0,70,70,70,0,5.0,0,3,2,8,1986,0,95010,-29.189515014296905,-51.179962925679
Vila Flores,Serra Gaúcha,Centro,Terreno,Florescer Parque Residencial,420000,0,0.0,0,800,0,0,0.0,0,0,3,6,2020,0,95335,-28.861703443395108,-51.60493072419126
Bento Gonçalves,Serra Gaúcha,São Bento,Apartamento,—,822785,2,1.0,119,119,119,0,12.0,1,1,2,6,2001,0,95702,-29.180239432597396,-51.50399387701863
Veranópolis,Serra Gaúcha,Femaçã,Terreno,Femaçã médio,212369,0,0.0,0,432,0,0,0.0,0,2,3,5,2007,0,95338,-28.94888219941731,-51.51944321046191
Porto Alegre,Capital,Partenon,Apartamento,—,457105,3,2.0,62,62,62,0,1.0,0,4,5,9,2017,0,90016,-30.04493502905569,-51.18929997732951
Porto Alegre,Capital,Moinhos de Vento,Condomínio Residencial,—,2573110,2,2.0,296,517,289,7,1.0,0,1,3,9,1985,0,90018,-30.04203248177188,-51.249025955224255
Caxias do Sul,Serra Gaúcha,Marechal Floriano,Condomínio Residencial,—,3038554,3,3.5,320,896,320,0,1.0,0,4,5,9,2021,2022,95011,-29.207491140339023,-51.214789929086706
Gramado,Serra Gaúcha,Centro,Casa,—,2307256,3,3.0,108,686,108,0,1.0,0,1,5,10,1993,0,95679,-29.410807334776916,-50.83538963778438
Gramado,Serra Gaúcha,Mato Queimado,Comercial,—,2273414,0,2.0,152,333,152,0,1.0,0,2,4,5,1991,0,95672,-29.4221625694867,-50.83295380706912
Caxias do Sul,Serra Gaúcha,Santa Catarina,Apartamento,—,750639,2,1.0,92,92,92,0,5.0,0,1,4,10,2017,0,95013,-29.203230240103426,-51.129988440536636
Nova Prata,Serra Gaúcha,Interior,Condomínio Residencial,—,1435375,4,3.5,345,905,345,0,3.0,0,3,3,9,1982,0,95322,-28.735144158684747,-51.61887283055741
Veranópolis,Serra Gaúcha,Centro,Casa,—,474133,4,1.0,155,403,155,0,1.0,0,1,5,6,2006,2004,95333,-28.935851861750606,-51.550844152828546
Vila Flores,Serra Gaúcha,Centro,Terreno,Clube Residencial Paraíso,245853,0,0.0,0,1129,0,0,0.0,0,2,1,6,2022,0,95337,-28.844675508456657,-51.59442179208351
Porto Alegre,Capital,Cristal,Apartamento,—,704921,1,2.0,89,89,89,0,2.0,0,1,5,10,2006,0,90014,-29.99526215787379,-51.222347190631275
Porto Alegre,Capital,Cidade Baixa,Casa,—,1087826,2,2.0,153,387,153,0,2.0,0,3,4,5,1985,0,90011,-30.06746881898296,-51.17061924070398
Porto Alegre,Capital,Cidade Baixa,Apartamento,—,330072,3,1.0,45,45,45,0,3.0,0,4,3,10,1976,0,90017,-30.023062781630962,-51.25640776045895
Porto Alegre,Capital,Chácara das Pedras,Comercial,—,388933,0,2.0,59,137,59,0,1.0,0,1,4,7,1999,2016,90013,-30.029134163459858,-51.188895662891966
Nova Petrópolis,Serra Gaúcha,Centro,Terreno,—,710220,0,0.0,0,634,0,0,0.0,0,3,1,5,1992,0,95153,-29.395108045902283,-51.10384743855167
Canela,Serra Gaúcha,Fontes do Ipê,Condomínio Residencial,—,4959150,3,3.0,301,857,301,0,2.0,0,2,4,12,2018,0,95685,-29.354444448427905,-50.8571443964056
Nova Prata,Serra Gaúcha,Centro,Terreno,Lot. Gênova,224908,0,0.0,0,350,0,0,0.0,0,0,2,5,2003,0,95326,-28.73515710638592,-51.57759988011349
Gramado,Serra Gaúcha,Canavial,Casa,—,2176142,2,2.0,112,546,112,0,2.0,0,0,2,8,1984,2022,95673,-29.39577489396887,-50.88068209882977
Caxias do Sul,Serra Gaúcha,Sagrada Família,Casa,—,578702,4,3.5,75,465,75,0,2.0,0,0,3,7,2002,0,95011,-29.16213608271182,-51.13238842142175
Farroupilha,Serra Gaúcha,Cinquentenário,Apartamento,—,494913,1,2.0,82,82,82,0,12.0,0,2,3,8,1982,0,95188,-29.202689941871395,-51.30012993569242
Porto Alegre,Capital,Moinhos de Vento,Apartamento,—,778572,1,2.0,95,95,95,0,2.0,0,0,4,10,1995,2017,90013,-30.064988683481978,-51.220283562692245
Porto Alegre,Capital,Cidade Baixa,Casa,—,1013941,4,1.5,131,385,131,0,2.0,0,3,5,9,1973,2015,90012,-30.024828835404293,-51.243492379568934
Porto Alegre,Capital,Boa Vista,Terreno,—,1868071,0,0.0,0,998,0,0,0.0,0,3,2,6,2015,0,90016,-30.058301344272504,-51.20696296137461
Caxias do Sul,Serra Gaúcha,Exposição,Apartamento,—,1388627,2,2.0,162,162,162,0,8.0,0,2,5,9,1972,0,95011,-29.212138111612475,-51.18851227143126
Caxias do Sul,Serra Gaúcha,Sanvitto,Comercial,—,1221456,0,2.0,177,195,177,0,1.0,0,1,3,7,2017,2000,95017,-29.215534165904415,-51.19897101715237
Gramado,Serra Gaúcha,Várzea Grande,Condomínio Residencial,—,6192819,4,3.0,244,544,244,0,3.0,0,1,5,12,1993,0,95676,-29.40447949992341,-50.83483281647445
Vila Flores,Serra Gaúcha,Linha Aimoré,Apartamento,—,282846,2,2.0,123,123,123,0,4.0,0,3,4,6,1997,2020,95338,-28.86150869722878,-51.6400720170999
Vila Flores,Serra Gaúcha,Centro,Terreno,Florescer Parque Residencial,270000,0,0.0,0,420,0,0,0.0,0,1,3,6,2022,0,95335,-28.85927816803474,-51.61239337359294
Vila Flores,Serra Gaúcha,Centro,Terreno,Clube Residencial Paraíso,284488,0,0.0,0,1196,0,0,0.0,0,0,1,6,1994,0,95335,-28.828815811616323,-51.56095556145492
Canela,Serra Gaúcha,Jardim,Apartamento,—,1456237,2,2.0,110,110,110,0,4.0,0,3,5,6,2016,2005,95685,-29.31171794997684,-50.80974952681572
Porto Alegre,Capital,Partenon,Apartamento,—,1246185,1,1.0,171,171,171,0,4.0,0,2,2,10,2007,0,90014,-30.077420840058533,-51.18029413111551
Vila Flores,Serra Gaúcha,Centro,Terreno,Florescer Parque Residencial,340000,0,0.0,0,473,0,0,0.0,0,1,3,6,2021,0,95335,-28.8712890083944,-51.595188865698425
Canela,Serra Gaúcha,Reserva da Serra,Apartamento,—,1075927,1,1.0,74,74,74,0,5.0,0,1,3,7,2006,0,95685,-29.353374218417276,-50.819109641757436
Nova Petrópolis,Serra Gaúcha,Vila Nova,Comercial,—,500124,0,1.0,119,127,119,0,2.0,0,0,5,7,1984,0,95152,-29.409092107231807,-51.08957791097809
Farroupilha,Serra Gaúcha,Pio X,Casa,—,1538093,2,1.0,251,459,251,0,1.0,1,2,2,9,2011,2008,95180,-29.214019546666318,-51.315060770515906
Nova Prata,Serra Gaúcha,Frizon,Casa,—,841192,2,3.5,222,678,222,0,2.0,0,3,5,8,2006,0,95320,-28.767920178439542,-51.644225732644166
Nova Prata,Serra Gaúcha,São Cristóvão,Apartamento,—,630478,2,1.0,176,176,176,0,10.0,0,3,4,6,1994,2009,95323,-28.774144651006498,-51.570323573137465
Vila Flores,Serra Gaúcha,Bairro Alto,Casa,—,619142,2,3.0,237,760,237,0,1.0,0,1,3,6,1980,2006,95337,-28.84385999317866,-51.60883686984578
Vila Flores,Serra Gaúcha,Linha Aimoré,Casa,—,232902,4,2.0,99,335,99,0,1.0,0,0,2,5,1987,2000,95337,-28.88771770942653,-51.57543757879291
Garibaldi,Serra Gaúcha,Centro,Condomínio Residencial,—,804806,4,2.0,145,380,145,0,2.0,0,0,3,8,2012,0,95721,-29.290628725949684,-51.52254147890425
Garibaldi,Serra Gaúcha,Bela Vista,Apartamento,—,765680,1,1.0,156,156,156,0,4.0,0,3,2,10,1982,0,95722,-29.260944827481882,-51.48327311933344
Nova Petrópolis,Serra Gaúcha,Recanto Suíço,Condomínio Residencial,—,1488084,2,2.5,245,632,245,0,2.0,0,1,3,8,1990,2019,95159,-29.41126307376831,-51.08375461699315
Garibaldi,Serra Gaúcha,Santa Marta,Casa,—,1314761,3,2.0,273,825,273,0,2.0,0,1,3,5,1989,0,95721,-29.272948891680272,-51.48671326019384
Veranópolis,Serra Gaúcha,Renovação,Apartamento,—,137522,3,2.0,45,45,45,0,2.0,0,3,5,8,1990,0,95331,-28.93868242342657,-51.56538414230314
Bento Gonçalves,Serra Gaúcha,São Bento,Condomínio Residencial,—,1734313,4,2.5,226,528,226,0,2.0,0,3,5,8,2002,0,95700,-29.208414337408872,-51.54841490544053
Nova Prata,Serra Gaúcha,Santa Cruz,Terreno,Lot. Schneider,258041,0,0.0,0,374,0,0,0.0,0,1,1,6,2012,0,95325,-28.781970014186193,-51.609932514177316
Nova Prata,Serra Gaúcha,Santa Cruz,Comercial,—,573162,0,2.0,206,383,206,0,1.0,0,1,5,7,1980,0,95321,-28.83062074290048,-51.59549611875932
Caxias do Sul,Serra Gaúcha,Exposição,Casa,—,781468,4,1.5,101,189,101,0,1.0,0,1,2,10,1989,0,95015,-29.134304562584013,-51.18963301295296
Caxias do Sul,Serra Gaúcha,Marechal Floriano,Casa,—,1193537,3,2.0,142,717,142,0,3.0,0,2,4,7,2001,0,95015,-29.167486610720875,-51.17715213509128
Nova Petrópolis,Serra Gaúcha,Pinhal Alto,Apartamento,—,394257,3,2.0,94,94,94,0,1.0,0,4,5,7,1996,2016,95156,-29.359543005467813,-51.1358317292486
Garibaldi,Serra Gaúcha,Progresso,Condomínio Residencial,—,1576937,4,2.0,256,846,256,0,2.0,1,3,5,11,1997,2015,95727,-29.282814063045624,-51.5773474652246
Vila Flores,Serra Gaúcha,Bairro Alto,Casa,—,590786,4,3.0,245,329,245,0,2.0,0,2,2,5,1991,0,95337,-28.853473738327718,-51.56308332701924
Porto Alegre,Capital,Partenon,Casa,—,799079,3,2.5,99,201,99,0,1.0,0,2,3,8,1989,0,90017,-30.045470314616455,-51.2277606733413
Porto Alegre,Capital,Centro Histórico,Apartamento,—,664412,2,2.0,98,98,98,0,4.0,0,3,3,6,2018,0,90015,-29.989881424284462,-51.21562946609944
Bento Gonçalves,Serra Gaúcha,São Roque,Apartamento,—,1158582,1,1.0,179,179,179,0,3.0,1,4,3,9,2003,0,95707,-29.209483599191618,-51.526944399570745
Bento Gonçalves,Serra Gaúcha,São Bento,Casa,—,1792766,4,3.0,290,473,290,0,1.0,0,3,2,5,1998,0,95701,-29.172080474083018,-51.52297150274191
Gramado,Serra Gaúcha,Centro,Condomínio Residencial,—,5308980,2,2.0,205,511,205,0,2.0,0,1,3,10,1971,0,95677,-29.386771987231675,-50.916071260150474
Caxias do Sul,Serra Gaúcha,Marechal Floriano,Apartamento,—,1083030,2,1.0,135,135,135,0,12.0,0,1,3,6,1981,2005,95010,-29.166707046328863,-51.152063324322526
Nova Petrópolis,Serra Gaúcha,Pinhal Alto,Condomínio Residencial,—,974091,3,2.0,158,672,158,0,1.0,1,4,3,9,1999,0,95150,-29.381725276355844,-51.155779444538254
Bento Gonçalves,Serra Gaúcha,Fátima,Casa,—,1978376,4,3.0,294,547,235,59,2.0,0,3,4,7,1977,2009,95707,-29.20811095817501,-51.54048060486291
Caxias do Sul,Serra Gaúcha,Santa Catarina,Condomínio Residencial,—,3098880,4,2.5,332,928,332,0,2.0,0,1,5,10,1972,0,95013,-29.199571465100938,-51.216666656049334
Bento Gonçalves,Serra Gaúcha,Centro,Casa,—,993991,4,2.0,146,689,146,0,2.0,0,0,4,8,2022,0,95700,-29.146331713375716,-51.537187318316725
Vila Flores,Serra Gaúcha,Centro,Comercial,—,100888,0,2.0,42,173,42,0,1.0,0,2,4,8,2009,0,95339,-28.831008197780818,-51.579691815619384
Porto Alegre,Capital,Bela Vista,Apartamento,—,846812,3,1.0,113,113,113,0,10.0,0,3,4,9,1977,2012,90019,-29.996784607355064,-51.25297995627199
Nova Prata,Serra Gaúcha,Frizon,Comercial,—,1023970,0,2.0,376,422,376,0,2.0,0,2,2,9,1976,0,95320,-28.799828195780783,-51.56610745362686
Veranópolis,Serra Gaúcha,Renovação,Casa,—,561534,3,2.5,189,543,189,0,1.0,0,2,2,8,2007,0,95337,-28.934169769098915,-51.537660707677475
Caxias do Sul,Serra Gaúcha,Marechal Floriano,Condomínio Residencial,—,1849970,3,3.0,198,444,198,0,2.0,0,0,3,11,2004,0,95017,-29.191299866385933,-51.19389532872753
Gramado,Serra Gaúcha,Centro,Comercial,—,4353700,0,1.0,294,488,294,0,3.0,0,1,2,9,2015,0,95679,-29.387174639014134,-50.86891580234789
Caxias do Sul,Serra Gaúcha,Santa Catarina,Apartamento,—,1385222,1,1.0,177,177,177,0,7.0,0,0,4,7,2008,2016,95019,-29.118023804720583,-51.147508985917995
Bento Gonçalves,Serra Gaúcha,Fátima,Apartamento,—,690921,3,2.0,116,116,116,0,12.0,0,1,4,10,2018,2006,95703,-29.167665347157893,-51.50715494963168
Nova Prata,Serra Gaúcha,Sagrada Família,Casa,—,436272,4,2.5,130,657,130,0,1.0,0,2,2,8,1977,0,95325,-28.828907841626183,-51.63223975739077
Porto Alegre,Capital,Menino Deus,Apartamento,—,987982,2,2.0,125,125,125,0,5.0,0,1,3,9,1978,0,90017,-30.063658251130043,-51.1897315366459
Porto Alegre,Capital,Moinhos de Vento,Casa,—,1634768,2,3.5,232,484,232,0,1.0,0,2,4,5,1995,0,90014,-30.034829407910433,-51.187811895478376
Porto Alegre,Capital,Moinhos de Vento,Comercial,—,2867584,0,1.0,392,397,392,0,1.0,0,1,3,8,1971,0,90013,-30.03324389727305,-51.17966300523278
Porto Alegre,Capital,Moinhos de Vento,Apartamento,—,1132610,3,2.0,138,138,138,0,1.0,0,3,4,6,1970,2011,90018,-29.99544664267505,-51.22125678026935
Veranópolis,Serra Gaúcha,Medianeira,Apartamento,—,486705,3,1.0,175,175,175,0,10.0,0,0,5,8,2017,2003,95330,-28.969245312178177,-51.56659374757636
Canela,Serra Gaúcha,São José,Condomínio Residencial,—,4536517,4,2.0,271,518,271,0,2.0,0,3,4,10,2018,0,95684,-29.367314903267168,-50.78449390923593
Farroupilha,Serra Gaúcha,Cinquentenário,Apartamento,—,471568,1,1.0,86,86,86,0,4.0,0,0,3,8,2016,2006,95185,-29.232263139322367,-51.35260774546254
Bento Gonçalves,Serra Gaúcha,Centro,Casa,—,1313891,2,3.0,223,549,223,0,1.0,0,3,2,8,1997,0,95705,-29.165452116903978,-51.474957458655844
Porto Alegre,Capital,Moinhos de Vento,Apartamento,—,1277702,2,1.0,165,165,165,0,8.0,0,3,3,8,1986,0,90016,-30.07452962316261,-51.185825480052394
Gramado,Serra Gaúcha,Canavial,Apartamento,—,1979514,3,2.0,103,103,103,0,3.0,0,1,5,7,1974,2021,95674,-29.340953314441013,-50.92037092532777
Nova Prata,Serra Gaúcha,Sagrada Família,Casa,—,425211,2,2.0,130,314,130,0,2.0,0,1,5,10,2006,0,95322,-28.820632886896693,-51.60306494467398
Canela,Serra Gaúcha,São José,Casa,—,2003426,4,3.0,152,292,152,0,1.0,0,1,3,10,1972,2009,95686,-29.39380427542127,-50.79701599305543
Caxias do Sul,Serra Gaúcha,São Pelegrino,Apartamento,—,593488,1,1.0,76,76,76,0,6.0,0,2,4,10,1995,0,95017,-29.132916706021106,-51.21664399688698
Nova Prata,Serra Gaúcha,Santa Cruz,Condomínio Residencial,—,1124773,2,2.0,277,553,277,0,2.0,0,4,3,10,2003,0,95324,-28.779325148134866,-51.59313569238132
Porto Alegre,Capital,Centro Histórico,Apartamento,—,622595,2,2.0,87,87,87,0,4.0,0,1,4,6,2008,0,90015,-29.999584652442426,-51.1883238795947
Porto Alegre,Capital,Bela Vista,Apartamento,—,811052,2,1.0,102,102,102,0,2.0,0,2,4,6,2022,0,90014,-30.03638193972669,-51.252031198406264
Veranópolis,Serra Gaúcha,Renovação,Casa,—,460711,4,3.5,149,671,149,0,2.0,0,3,5,5,1974,0,95330,-28.909999301393174,-51.60462578245802
Porto Alegre,Capital,Bela Vista,Casa,—,816127,3,2.0,114,479,114,0,2.0,0,1,3,9,1986,0,90014,-30.07488002476863,-51.212868108312016
Garibaldi,Serra Gaúcha,Centro,Casa,—,477485,3,1.5,106,522,106,0,1.0,0,4,4,8,2019,0,95726,-29.280601021654334,-51.55731713306837
Veranópolis,Serra Gaúcha,Femaçã,Casa,—,354936,4,3.0,118,354,118,0,3.0,0,0,2,7,1986,0,95339,-28.91888807378911,-51.55082768651607
Caxias do Sul,Serra Gaúcha,Centro,Casa,—,2272792,4,3.5,289,557,289,0,2.0,0,4,4,6,1978,2008,95011,-29.138795320985814,-51.205350991829384
Bento Gonçalves,Serra Gaúcha,Charqueadas,Comercial,—,355055,0,1.0,74,262,74,0,3.0,0,2,5,5,1998,2001,95705,-29.127381235813182,-51.53167902625145
Caxias do Sul,Serra Gaúcha,Santa Catarina,Casa,—,1761146,2,2.0,234,715,234,0,2.0,0,2,5,5,1985,0,95018,-29.205803260327492,-51.13133107148813
Bento Gonçalves,Serra Gaúcha,Centro,Casa,—,961930,2,2.5,163,694,163,0,3.0,0,0,3,8,1987,2018,95701,-29.142529312998846,-51.49954782951046
Garibaldi,Serra Gaúcha,Progresso,Casa,—,619779,2,1.0,130,594,130,0,2.0,0,1,5,5,1994,2011,95723,-29.252520889509288,-51.541188440255866
Porto Alegre,Capital,Centro Histórico,Apartamento,—,392237,1,2.0,56,56,56,0,8.0,0,1,3,9,1986,0,90015,-30.008357687709903,-51.2579362925936
Garibaldi,Serra Gaúcha,Centro,Casa,—,896271,2,1.0,195,708,195,0,2.0,0,1,2,8,2023,2009,95725,-29.28959831857787,-51.54200249335266
Nova Petrópolis,Serra Gaúcha,Pinhal Alto,Casa,—,1252555,4,1.0,264,796,264,0,1.0,0,3,5,9,2020,0,95153,-29.362912895560633,-51.11240520475479
Gramado,Serra Gaúcha,Três Pinheiros,Casa,—,2939053,2,1.5,146,273,146,0,2.0,0,4,4,7,2015,0,95678,-29.376924634030416,-50.889276761375164
Canela,Serra Gaúcha,Jardim,Condomínio Residencial,—,4072235,3,3.0,241,700,241,0,1.0,0,1,5,11,1994,0,95685,-29.40303492842289,-50.85985190908753
Caxias do Sul,Serra Gaúcha,Centro,Casa,—,1172146,4,2.0,154,640,154,0,2.0,0,4,5,8,1981,0,95015,-29.127289271314503,-51.198019944058444
Bento Gonçalves,Serra Gaúcha,Fátima,Casa,—,1416481,2,1.5,235,428,235,0,2.0,0,3,5,6,1993,0,95708,-29.209553798852244,-51.469151874489285
Porto Alegre,Capital,Petrópolis,Casa,—,963677,2,1.5,133,497,133,0,2.0,0,2,3,6,1971,0,90016,-30.006813070878287,-51.19690750633971
Vila Flores,Serra Gaúcha,Bairro Alto,Apartamento,—,305773,3,1.0,119,119,119,0,1.0,0,1,4,9,2014,2009,95344,-28.860070902339913,-51.55965875527083
Nova Petrópolis,Serra Gaúcha,Recanto Suíço,Condomínio Residencial,—,2010574,3,2.5,345,520,345,0,1.0,1,1,3,9,2016,0,95154,-29.41766796304257,-51.092019278088934
Garibaldi,Serra Gaúcha,Bela Vista,Casa,—,1225835,2,1.0,244,530,244,0,1.0,0,4,5,6,1975,2007,95727,-29.25216935842717,-51.48964466251586
Bento Gonçalves,Serra Gaúcha,Charqueadas,Comercial,—,1463057,0,1.0,253,407,253,0,1.0,0,2,4,8,1992,0,95703,-29.146703480645566,-51.491800387838
Caxias do Sul,Serra Gaúcha,Centro,Casa,—,2066021,3,2.5,232,796,232,0,1.0,0,2,5,7,2021,0,95019,-29.130723759459368,-51.201511977554226
Garibaldi,Serra Gaúcha,Santa Marta,Casa,—,347143,2,2.0,76,559,76,0,1.0,0,0,4,5,1978,0,95729,-29.30310073711998,-51.53965537310529
Caxias do Sul,Serra Gaúcha,Centro,Apartamento,—,806471,1,1.0,111,111,111,0,4.0,0,1,5,7,1980,2001,95017,-29.119427766163486,-51.16344528407335
Veranópolis,Serra Gaúcha,Interior,Casa,—,525860,3,1.5,177,708,134,43,1.0,0,2,5,5,1976,0,95339,-28.888492850867543,-51.56647211372759
Caxias do Sul,Serra Gaúcha,Sanvitto,Apartamento,—,1139405,3,2.0,131,131,131,0,5.0,0,4,4,7,1979,2014,95016,-29.183491831645394,-51.22447122536143
Nova Prata,Serra Gaúcha,Frizon,Casa,—,521603,2,3.0,137,603,68,69,1.0,0,1,4,5,2019,2004,95325,-28.829030218085748,-51.63940918748658
Vila Flores,Serra Gaúcha,Centro,Terreno,Florescer Parque Residencial,290000,0,0.0,0,420,0,0,0.0,0,1,3,6,2018,0,95335,-28.864223805007256,-51.61438916118595
Porto Alegre,Capital,Mont'Serrat,Apartamento,—,1407923,1,2.0,179,179,179,0,3.0,0,2,4,10,1982,0,90019,-30.079119777831014,-51.18334880673517
Bento Gonçalves,Serra Gaúcha,Fátima,Casa,—,829926,4,2.0,127,657,101,26,2.0,0,4,2,10,2017,0,95703,-29.198268021792273,-51.51724556072954
Gramado,Serra Gaúcha,Mato Queimado,Condomínio Residencial,—,9464400,2,2.5,340,881,340,0,3.0,0,4,5,9,2021,2009,95671,-29.398453347352397,-50.87081017459356
Canela,Serra Gaúcha,São José,Casa,—,1952710,2,1.5,135,258,135,0,1.0,1,4,4,6,1987,2005,95684,-29.325898046367573,-50.771372279447334
Caxias do Sul,Serra Gaúcha,São Pelegrino,Apartamento,—,732100,2,1.0,93,93,93,0,5.0,0,3,2,8,2001,2003,95016,-29.18278209819721,-51.15751979214627
Farroupilha,Serra Gaúcha,Centro,Casa,—,636460,2,2.0,114,599,114,0,1.0,0,0,2,7,1973,0,95188,-29.2604506523153,-51.342166205022245
Veranópolis,Serra Gaúcha,Femaçã,Casa,—,423516,2,2.0,144,396,144,0,2.0,0,0,4,7,2010,0,95331,-28.970974650288955,-51.54380772330465
Caxias do Sul,Serra Gaúcha,Centro,Terreno,—,1151724,0,0.0,0,596,0,0,0.0,0,1,3,5,2003,0,95015,-29.120214896608488,-51.223887738607786
Vila Flores,Serra Gaúcha,Centro,Terreno,Clube Residencial Paraíso,246436,0,0.0,0,1156,0,0,0.0,0,3,2,5,2002,0,95340,-28.863127366766292,-51.64746156890517
Nova Petrópolis,Serra Gaúcha,Vila Nova,Casa,—,1460351,3,2.0,292,493,292,0,2.0,0,0,5,6,2009,0,95155,-29.348019722731237,-51.13707677791351
Nova Prata,Serra Gaúcha,Sagrada Família,Casa,—,395481,3,1.0,113,678,113,0,2.0,0,0,3,9,2009,0,95328,-28.8014699335738,-51.646142718163425
Farroupilha,Serra Gaúcha,São Caetano,Casa,—,1369934,4,3.0,266,489,266,0,1.0,0,0,4,8,1979,0,95186,-29.188138642785034,-51.36531623327547
Nova Prata,Serra Gaúcha,Clivatti,Terreno,Lot. Clivatti I,193851,0,0.0,0,366,0,0,0.0,0,3,1,4,2008,0,95322,-28.75982949656115,-51.63227369236449
Caxias do Sul,Serra Gaúcha,Sanvitto,Casa,—,885502,4,2.5,119,493,119,0,2.0,1,3,4,6,2008,0,95019,-29.137040856083814,-51.20943879087651
Veranópolis,Serra Gaúcha,Interior,Casa,—,385162,2,3.0,139,343,139,0,2.0,0,1,3,6,2008,0,95333,-28.97894384491174,-51.529876964857564
Nova Petrópolis,Serra Gaúcha,Centro,Terreno,—,743175,0,0.0,0,883,0,0,0.0,0,3,1,4,1999,0,95153,-29.364554893153517,-51.14792031739265
Nova Petrópolis,Serra Gaúcha,Recanto Suíço,Casa,—,538930,2,3.5,119,539,50,69,3.0,0,3,4,8,1983,2018,95151,-29.33680789522715,-51.15249923599505
Canela,Serra Gaúcha,Fontes do Ipê,Casa,—,2066038,3,3.5,137,426,59,78,2.0,0,1,2,9,1987,0,95688,-29.409024628239997,-50.85060292273679
Canela,Serra Gaúcha,Fontes do Ipê,Apartamento,—,1103173,1,1.0,79,79,79,0,5.0,0,4,4,6,2001,0,95682,-29.362921427983697,-50.7915139314936
Canela,Serra Gaúcha,Industrial,Casa,—,1091566,2,3.0,75,673,75,0,2.0,1,3,5,9,2001,0,95680,-29.393825028070015,-50.82648052904941
Gramado,Serra Gaúcha,Morada da Serra,Casa,—,1766593,4,1.0,80,546,80,0,1.0,0,2,2,7,1970,2005,95672,-29.409004328840684,-50.90352215634203
Vila Flores,Serra Gaúcha,Centro,Casa,—,592730,2,1.0,243,488,243,0,2.0,0,0,3,8,2005,0,95338,-28.901594648842444,-51.55370766608991
Bento Gonçalves,Serra Gaúcha,Charqueadas,Apartamento,—,442840,2,2.0,65,65,65,0,1.0,0,3,4,7,2020,0,95706,-29.204059425295245,-51.50493170739008
Caxias do Sul,Serra Gaúcha,Marechal Floriano,Casa,—,2457523,3,1.5,277,560,277,0,3.0,0,3,4,10,2021,0,95014,-29.161682357883606,-51.13498730545883
Bento Gonçalves,Serra Gaúcha,Planalto,Casa,—,957304,2,3.5,162,651,162,0,1.0,0,1,3,8,1979,0,95707,-29.218708290223937,-51.54064596859615
Nova Prata,Serra Gaúcha,Clivatti,Terreno,Lot. Clivatti I,192823,0,0.0,0,361,0,0,0.0,0,3,1,3,2018,0,95322,-28.742230605684306,-51.62119955877886
Nova Petrópolis,Serra Gaúcha,Vila Nova,Casa,—,1267473,3,2.0,256,732,210,46,1.0,0,2,5,9,1999,2017,95153,-29.361467315314602,-51.13018592625713
Caxias do Sul,Serra Gaúcha,Santa Catarina,Comercial,—,908297,0,2.0,145,245,145,0,2.0,0,2,4,7,2021,0,95016,-29.21349173721879,-51.147793820363006
Canela,Serra Gaúcha,São José,Apartamento,—,996399,1,2.0,66,66,66,0,8.0,0,0,3,6,1972,2022,95681,-29.359516890344345,-50.80975006681676
Porto Alegre,Capital,Centro Histórico,Terreno,—,1472369,0,0.0,0,754,0,0,0.0,0,1,2,6,2006,0,90019,-30.03940459387061,-51.18146430266777
Porto Alegre,Capital,Mont'Serrat,Apartamento,—,1082395,2,2.0,136,136,136,0,1.0,0,4,4,6,1979,0,90012,-30.043419926006308,-51.18506002263368
Nova Petrópolis,Serra Gaúcha,Recanto Suíço,Casa,—,1027121,2,3.0,236,758,236,0,1.0,0,0,5,6,1975,0,95155,-29.36033285647618,-51.08823923064641
Garibaldi,Serra Gaúcha,Centro,Condomínio Residencial,—,1780106,4,3.0,314,657,314,0,2.0,0,0,3,10,1994,0,95726,-29.260266239161815,-51.48572797284149
Porto Alegre,Capital,Centro Histórico,Casa,—,1607133,4,1.5,224,694,224,0,2.0,0,4,3,8,2011,0,90017,-30.074346765618376,-51.24366860851574
Caxias do Sul,Serra Gaúcha,Sagrada Família,Terreno,—,1594695,0,0.0,0,829,0,0,0.0,0,2,3,5,1999,0,95018,-29.153930961861356,-51.14674202052599
Vila Flores,Serra Gaúcha,Centro,Casa,—,265279,2,1.5,114,266,114,0,1.0,0,0,4,8,2014,0,95340,-28.837040269615215,-51.57522676181454
Farroupilha,Serra Gaúcha,São Caetano,Casa,—,1301236,3,3.0,255,600,255,0,2.0,0,4,2,10,2021,0,95187,-29.246816416362577,-51.327451153564745
Bento Gonçalves,Serra Gaúcha,São Roque,Apartamento,—,359950,1,1.0,56,56,56,0,4.0,0,2,3,9,2009,0,95700,-29.18159612045098,-51.49945045570867
Porto Alegre,Capital,Boa Vista,Terreno,—,703337,0,0.0,0,426,0,0,0.0,0,3,2,4,2019,0,90016,-30.07915786314242,-51.183054086369765
Nova Prata,Serra Gaúcha,Frizon,Casa,—,530112,3,2.5,136,470,116,20,2.0,0,4,4,10,1997,0,95329,-28.800959307563573,-51.62744002714633
Vila Flores,Serra Gaúcha,Centro,Terreno,Florescer Parque Residencial,660000,0,0.0,0,1481,0,0,0.0,0,1,3,6,2019,0,95335,-28.871462935126267,-51.59608063384412
Porto Alegre,Capital,Menino Deus,Casa,—,647775,3,1.5,93,641,93,0,1.0,0,1,3,5,1981,0,90010,-30.076745909084533,-51.2384164602591
Porto Alegre,Capital,Partenon,Condomínio Residencial,—,2611275,2,2.5,278,551,278,0,2.0,0,1,5,8,2007,0,90010,-30.07737442374919,-51.180887415008726
Vila Flores,Serra Gaúcha,Bairro Alto,Terreno,Residencial Horizontes,163096,0,0.0,0,414,0,0,0.0,0,1,3,6,2001,0,95344,-28.894503235281704,-51.57627473131505
Vila Flores,Serra Gaúcha,Centro,Terreno,Florescer Parque Residencial,280000,0,0.0,0,420,0,0,0.0,0,2,3,6,2021,0,95335,-28.866879384823193,-51.60578681549154
Gramado,Serra Gaúcha,Mato Queimado,Casa,—,3410313,3,1.5,155,464,155,0,1.0,1,3,4,7,1998,0,95674,-29.40022560990208,-50.8394724226584
Vila Flores,Serra Gaúcha,Centro,Terreno,Florescer Parque Residencial,330000,0,0.0,0,475,0,0,0.0,0,1,3,6,2024,0,95335,-28.86132387306303,-51.61360523293246
Nova Prata,Serra Gaúcha,Clivatti,Casa,—,775915,3,3.0,223,464,223,0,2.0,0,3,4,10,1981,0,95325,-28.80207269809823,-51.56921320882918
Canela,Serra Gaúcha,Jardim,Casa,—,1180673,2,2.0,78,501,56,22,2.0,0,4,4,5,2009,0,95683,-29.38154910083096,-50.817591787919014
Gramado,Serra Gaúcha,Várzea Grande,Condomínio Residencial,—,8360051,2,3.5,339,797,339,0,1.0,0,0,3,10,2013,0,95673,-29.33176409759145,-50.87079869936556
Farroupilha,Serra Gaúcha,Cinquentenário,Condomínio Residencial,—,1465275,4,2.0,223,648,223,0,2.0,0,1,3,12,2020,0,95187,-29.218046045929906,-51.30420914198783
Porto Alegre,Capital,Bela Vista,Terreno,—,1494414,0,0.0,0,948,0,0,0.0,0,3,3,5,1997,0,90014,-30.04406291450219,-51.18040004312155
Caxias do Sul,Serra Gaúcha,Sanvitto,Apartamento,—,1110425,3,1.0,150,150,150,0,5.0,0,4,2,9,2020,0,95012,-29.173678888045234,-51.202706048743444
Nova Prata,Serra Gaúcha,Centro,Terreno,Lot. Gênova,217850,0,0.0,0,353,0,0,0.0,0,1,3,3,1998,0,95322,-28.802170390811565,-51.609621255209355
Veranópolis,Serra Gaúcha,Femaçã,Terreno,Cond. Jardim Europa,296609,0,0.0,0,1108,0,0,0.0,0,2,3,6,2017,0,95339,-28.974582903306967,-51.56355792038182
Nova Petrópolis,Serra Gaúcha,Linha Imperial,Apartamento,—,569980,1,2.0,135,135,135,0,12.0,0,1,2,10,2004,0,95159,-29.401329921324734,-51.13776673479189
Canela,Serra Gaúcha,Jardim,Terreno,—,1034451,0,0.0,0,365,0,0,0.0,0,0,2,6,1990,0,95680,-29.402600151070097,-50.81983900975192
Farroupilha,Serra Gaúcha,Desvio Rizzo,Apartamento,—,773824,1,1.0,137,137,137,0,7.0,0,2,2,9,1997,0,95189,-29.219915211655003,-51.35653223521567
Nova Prata,Serra Gaúcha,Frizon,Terreno,Lot. Frizon / Chiomento,138173,0,0.0,0,361,0,0,0.0,0,2,3,3,1996,0,95326,-28.751473826461645,-51.63166094310142
Porto Alegre,Capital,Partenon,Casa,—,916045,4,2.5,116,465,116,0,1.0,0,4,5,8,1981,2002,90017,-30.04955939232577,-51.18010422322509
Caxias do Sul,Serra Gaúcha,Exposição,Casa,—,915488,4,2.0,106,390,106,0,1.0,0,4,4,5,2019,0,95019,-29.20989328285364,-51.21910970257763
Farroupilha,Serra Gaúcha,Cinquentenário,Casa,—,1066680,2,1.5,208,761,208,0,1.0,0,1,5,10,2003,2001,95181,-29.241291002059405,-51.36575455998992
Caxias do Sul,Serra Gaúcha,Exposição,Casa,—,2132773,3,1.5,247,407,247,0,2.0,0,4,5,5,2007,0,95010,-29.19758998952671,-51.15814584380549
Nova Petrópolis,Serra Gaúcha,Linha Imperial,Apartamento,—,512392,3,2.0,109,109,109,0,7.0,0,0,4,10,1970,0,95154,-29.328221782797797,-51.15642294189058
Gramado,Serra Gaúcha,Três Pinheiros,Terreno,—,1917370,0,0.0,0,416,0,0,0.0,0,3,2,5,2018,0,95676,-29.38604070817491,-50.87965983736828
Caxias do Sul,Serra Gaúcha,Sagrada Família,Apartamento,—,480883,3,1.0,66,66,66,0,5.0,0,2,2,8,1970,0,95013,-29.154774533584085,-51.171695252135606
Gramado,Serra Gaúcha,Três Pinheiros,Terreno,—,4126566,0,0.0,0,989,0,0,0.0,0,0,3,3,2013,0,95674,-29.38856455967509,-50.83376530322742
Caxias do Sul,Serra Gaúcha,São Pelegrino,Apartamento,—,443276,3,1.0,57,57,57,0,3.0,0,4,4,8,1972,2005,95011,-29.18131637095894,-51.16866670442557
Vila Flores,Serra Gaúcha,Centro,Terreno,Florescer Parque Residencial,250000,0,0.0,0,421,0,0,0.0,0,1,3,6,2021,0,95335,-28.86766347062993,-51.600340102364406
Porto Alegre,Capital,Cidade Baixa,Apartamento,—,1175045,2,2.0,168,168,168,0,10.0,0,4,3,9,2006,0,90010,-29.994659865418285,-51.23417607585173
Farroupilha,Serra Gaúcha,São Caetano,Casa,—,1162137,2,1.0,214,475,214,0,2.0,0,2,2,8,2016,0,95186,-29.182613117881704,-51.30156934913186
Canela,Serra Gaúcha,Jardim,Apartamento,—,1955919,1,2.0,131,131,131,0,5.0,0,4,4,7,2011,0,95681,-29.371417715439225,-50.834895920791325
Veranópolis,Serra Gaúcha,Femaçã,Terreno,Femaçã médio,234537,0,0.0,0,369,0,0,0.0,0,1,3,5,2005,0,95332,-28.983036902228072,-51.5406735899837
Porto Alegre,Capital,Cidade Baixa,Apartamento,—,658562,2,2.0,89,89,89,0,6.0,0,4,3,9,2015,0,90019,-30.024971981087937,-51.20846933255239
Vila Flores,Serra Gaúcha,Linha Aimoré,Casa,—,435644,2,1.5,183,391,183,0,1.0,0,2,4,5,2011,2014,95336,-28.86034386892258,-51.55294729488655
Garibaldi,Serra Gaúcha,Bela Vista,Comercial,—,963518,0,2.0,239,431,239,0,3.0,0,0,5,8,1981,0,95729,-29.221907215299993,-51.58238356057323
Vila Flores,Serra Gaúcha,Linha Aimoré,Apartamento,—,452728,2,1.0,177,177,177,0,12.0,0,0,3,6,2013,0,95335,-28.852770510386925,-51.625000613767114
Vila Flores,Serra Gaúcha,Centro,Comercial,—,627550,0,1.0,266,290,266,0,2.0,0,1,5,8,2008,0,95344,-28.883247128247742,-51.595418585092666
Canela,Serra Gaúcha,Fontes do Ipê,Casa,—,3595809,2,3.0,231,620,231,0,2.0,0,1,3,8,1975,0,95683,-29.385952191478463,-50.7905928912519
Caxias do Sul,Serra Gaúcha,Centro,Terreno,—,826707,0,0.0,0,546,0,0,0.0,0,2,2,5,2011,0,95016,-29.146839954050126,-51.16835055185298
Garibaldi,Serra Gaúcha,Centro,Apartamento,—,698589,2,2.0,138,138,138,0,4.0,0,1,5,8,1992,0,95728,-29.296486073474853,-51.54461976975115
Bento Gonçalves,Serra Gaúcha,Fátima,Apartamento,—,1025048,3,1.0,147,147,147,0,3.0,0,4,3,10,2013,0,95705,-29.137973817551607,-51.52061848826623
Veranópolis,Serra Gaúcha,Interior,Casa,—,807636,2,2.5,259,403,259,0,2.0,0,3,5,9,2021,0,95332,-28.93839220317889,-51.60029148000187
Canela,Serra Gaúcha,São José,Apartamento,—,1519865,2,2.0,119,119,119,0,6.0,0,0,3,6,1998,0,95683,-29.349258325345605,-50.794738915166256
Nova Prata,Serra Gaúcha,Interior,Apartamento,—,441012,3,1.0,139,139,139,0,8.0,0,2,3,8,2004,0,95326,-28.79348537242997,-51.60171006089796
Vila Flores,Serra Gaúcha,Linha Aimoré,Comercial,—,297822,0,1.0,127,289,127,0,2.0,0,2,4,9,2010,0,95338,-28.88401763917722,-51.62327883773959
Vila Flores,Serra Gaúcha,Centro,Terreno,Florescer Parque Residencial,660000,0,0.0,0,1276,0,0,0.0,0,2,3,6,2020,0,95335,-28.869517219786502,-51.60997810278504
Bento Gonçalves,Serra Gaúcha,São Bento,Casa,—,1903940,3,2.0,269,436,269,0,1.0,0,1,2,10,2013,0,95706,-29.217774955993786,-51.54969602934824
Caxias do Sul,Serra Gaúcha,Marechal Floriano,Apartamento,—,1110554,1,1.0,147,147,147,0,5.0,0,0,2,6,1981,0,95019,-29.16201528329481,-51.15924100489144
Porto Alegre,Capital,Centro Histórico,Terreno,—,1557437,0,0.0,0,859,0,0,0.0,0,2,2,4,2015,0,90013,-30.01939703743781,-51.25064567588465
Garibaldi,Serra Gaúcha,Bela Vista,Condomínio Residencial,—,922263,3,3.0,142,622,142,0,1.0,0,3,5,8,2020,0,95727,-29.248225618610817,-51.54761579813093
Gramado,Serra Gaúcha,Várzea Grande,Condomínio Residencial,—,3174079,2,2.5,133,239,133,0,1.0,0,4,4,9,1987,0,95673,-29.384634398483975,-50.9104708678039
Caxias do Sul,Serra Gaúcha,Centro,Casa,—,990177,2,3.5,123,354,123,0,1.0,0,0,4,6,1992,0,95017,-29.197838347835255,-51.221246409453926
Caxias do Sul,Serra Gaúcha,Exposição,Casa,—,2162633,3,1.0,248,514,248,0,3.0,0,0,3,7,1978,0,95012,-29.132510911532535,-51.138654768316414
Nova Prata,Serra Gaúcha,Frizon,Terreno,Lot. Frizon / Chiomento,129718,0,0.0,0,369,0,0,0.0,0,1,3,5,1993,0,95320,-28.752078761561272,-51.593005949567086
Nova Petrópolis,Serra Gaúcha,Vila Nova,Comercial,—,911549,0,1.0,260,452,260,0,1.0,0,1,2,8,1996,2016,95158,-29.35219007903583,-51.07284218482191
Porto Alegre,Capital,Chácara das Pedras,Apartamento,—,886655,3,2.0,111,111,111,0,10.0,0,0,5,9,2002,2007,90012,-30.04993685883683,-51.18196125272751
Veranópolis,Serra Gaúcha,Renovação,Casa,—,269245,2,3.0,83,264,83,0,2.0,0,1,3,9,1984,2016,95334,-28.94116497369995,-51.55498245482504
Veranópolis,Serra Gaúcha,Femaçã,Terreno,Femaçã médio,227297,0,0.0,0,477,0,0,0.0,0,2,3,3,2019,0,95332,-28.957468444932154,-51.53730618881011
Nova Prata,Serra Gaúcha,Interior,Terreno,Condomínio fechado interior,332771,0,0.0,0,2106,0,0,0.0,0,2,3,6,2012,0,95325,-28.772564712078417,-51.64620409861874
Vila Flores,Serra Gaúcha,Linha Aimoré,Terreno,Linha Aimoré,180123,0,0.0,0,780,0,0,0.0,0,0,1,5,2015,0,95338,-28.841642598373564,-51.569641230473955
Gramado,Serra Gaúcha,Morada da Serra,Comercial,—,4085006,0,1.0,255,299,255,0,2.0,0,2,5,6,2020,0,95672,-29.37421865397595,-50.83419128720315
Garibaldi,Serra Gaúcha,Centro,Terreno,—,1071441,0,0.0,0,946,0,0,0.0,0,3,3,4,1999,0,95722,-29.29124241878155,-51.486755248799575
Veranópolis,Serra Gaúcha,Medianeira,Apartamento,—,382212,2,2.0,131,131,131,0,4.0,0,1,3,10,1991,0,95330,-28.92709143603651,-51.56385796934078
Veranópolis,Serra Gaúcha,Renovação,Casa,—,807344,3,2.0,279,491,279,0,1.0,0,3,3,7,2005,0,95336,-28.964718925470585,-51.60218583327812
Gramado,Serra Gaúcha,Morada da Serra,Condomínio Residencial,—,3448128,3,2.5,137,604,137,0,2.0,0,2,4,11,1988,0,95670,-29.349242827019733,-50.9000296218664
Bento Gonçalves,Serra Gaúcha,São Roque,Casa,—,431433,3,2.0,70,266,70,0,1.0,0,0,3,6,1986,0,95709,-29.19417077696341,-51.472394909219595
Porto Alegre,Capital,Moinhos de Vento,Terreno,—,1109620,0,0.0,0,761,0,0,0.0,0,3,3,3,1993,0,90012,-30.07335677456705,-51.21523541788425
Garibaldi,Serra Gaúcha,Centro,Condomínio Residencial,—,816220,3,3.5,129,405,129,0,1.0,0,0,4,10,2008,0,95720,-29.216116163306296,-51.50011839699253
Bento Gonçalves,Serra Gaúcha,São Bento,Apartamento,—,757068,2,1.0,129,129,129,0,12.0,0,4,2,8,2006,2006,95709,-29.162806660868984,-51.562052138820796
Farroupilha,Serra Gaúcha,São Caetano,Apartamento,—,510325,2,2.0,89,89,89,0,10.0,0,1,4,7,1977,0,95181,-29.20753441539151,-51.321607883264036
Veranópolis,Serra Gaúcha,Medianeira,Apartamento,—,481999,1,2.0,154,154,154,0,2.0,0,1,3,8,2003,2000,95338,-28.957989070278238,-51.554601715604925
Vila Flores,Serra Gaúcha,Centro,Terreno,Florescer Parque Residencial,330000,0,0.0,0,475,0,0,0.0,0,2,3,6,2023,0,95335,-28.864763796592783,-51.61263540042957
Porto Alegre,Capital,Petrópolis,Apartamento,—,433064,1,2.0,60,60,60,0,10.0,0,1,4,10,1990,2017,90016,-30.072149755856735,-51.2595158808603
Veranópolis,Serra Gaúcha,Femaçã,Terreno,Cond. Jardim Europa,259824,0,0.0,0,1009,0,0,0.0,0,0,2,5,2000,0,95338,-28.93821920617481,-51.50915886691153
Porto Alegre,Capital,Petrópolis,Terreno,—,1371753,0,0.0,0,713,0,0,0.0,0,1,2,6,1994,0,90014,-30.069269698452803,-51.248528505917605
Veranópolis,Serra Gaúcha,Renovação,Terreno,Renovação,419100,0,0.0,0,459,0,0,0.0,0,2,1,5,1991,0,95335,-28.93647778593997,-51.522951711386646
Garibaldi,Serra Gaúcha,Bela Vista,Terreno,—,1200313,0,0.0,0,975,0,0,0.0,0,0,3,4,2023,0,95721,-29.26895283918026,-51.57306609399758
Vila Flores,Serra Gaúcha,Linha Aimoré,Apartamento,—,109258,1,2.0,45,45,45,0,6.0,0,3,5,6,2004,2012,95341,-28.85815570676705,-51.626732974888874
Gramado,Serra Gaúcha,Centro,Casa,—,2100311,4,2.0,99,567,99,0,2.0,0,0,3,10,2000,0,95674,-29.360762728283476,-50.898292596028
Gramado,Serra Gaúcha,Mato Queimado,Terreno,—,3557848,0,0.0,0,765,0,0,0.0,0,1,3,5,2009,0,95674,-29.335129456746404,-50.89592066600394
Farroupilha,Serra Gaúcha,Centro,Terreno,—,1573842,0,0.0,0,1161,0,0,0.0,0,2,1,3,2018,0,95187,-29.23273792295764,-51.39327757610294
Gramado,Serra Gaúcha,Centro,Terreno,—,3891661,0,0.0,0,1007,0,0,0.0,0,0,1,4,2023,0,95678,-29.36495055645095,-50.852591955573814
Canela,Serra Gaúcha,Centro,Comercial,—,2344600,0,1.0,188,219,188,0,2.0,0,0,5,5,2003,0,95686,-29.32604235665617,-50.800378521034936
Vila Flores,Serra Gaúcha,Centro,Terreno,Florescer Parque Residencial,330000,0,0.0,0,476,0,0,0.0,0,0,3,6,2021,0,95335,-28.874624053089377,-51.5981558298577
Porto Alegre,Capital,Cidade Baixa,Condomínio Residencial,—,1862539,2,3.5,207,706,207,0,2.0,0,2,3,8,1980,0,90015,-30.021063001879256,-51.25703959614164
Porto Alegre,Capital,Menino Deus,Casa,—,675253,3,3.5,85,545,85,0,1.0,0,1,2,5,1975,2004,90014,-30.024260624815696,-51.24302392246407
Caxias do Sul,Serra Gaúcha,Sanvitto,Condomínio Residencial,—,2192302,3,2.0,205,629,159,46,1.0,0,3,5,8,1973,0,95015,-29.135225220856086,-51.15537310665195
Vila Flores,Serra Gaúcha,Linha Aimoré,Casa,—,535546,4,2.0,231,708,231,0,2.0,0,1,3,9,2009,0,95336,-28.872831159068237,-51.6105147777409
Bento Gonçalves,Serra Gaúcha,São Bento,Casa,—,1957387,2,2.0,283,847,210,73,2.0,0,1,4,5,2012,0,95700,-29.201535359340234,-51.5365432774879
Canela,Serra Gaúcha,Centro,Apartamento,—,1362885,1,1.0,93,93,93,0,5.0,0,1,2,8,1970,0,95685,-29.35304619853149,-50.77374242236617
Porto Alegre,Capital,Menino Deus,Terreno,—,1494746,0,0.0,0,840,0,0,0.0,0,1,2,3,2008,0,90013,-30.035307033730128,-51.17825217132861
Nova Prata,Serra Gaúcha,Santa Cruz,Terreno,Lot. Schneider,213921,0,0.0,0,344,0,0,0.0,0,3,1,3,2017,0,95323,-28.744339294732534,-51.582353691574085
Nova Prata,Serra Gaúcha,Centro,Apartamento,—,188169,3,1.0,58,58,58,0,7.0,0,3,3,8,2017,2004,95320,-28.75658101171842,-51.610480302467046
Veranópolis,Serra Gaúcha,São Pelegrino,Apartamento,—,529923,1,2.0,169,169,169,0,4.0,0,2,5,8,1972,0,95332,-28.95430333327615,-51.56841978917281
Nova Petrópolis,Serra Gaúcha,Linha Imperial,Comercial,—,1288579,0,2.0,313,429,313,0,1.0,0,2,3,5,2010,2005,95158,-29.38038718052176,-51.09413385486567
Porto Alegre,Capital,Centro Histórico,Apartamento,—,381799,3,2.0,50,50,50,0,1.0,0,1,5,8,1991,0,90014,-30.05179170706333,-51.19065039784513
Veranópolis,Serra Gaúcha,São Pelegrino,Terreno,Solar Norte,184255,0,0.0,0,409,0,0,0.0,0,2,2,4,2016,0,95335,-28.971198350447853,-51.56274379822177
Bento Gonçalves,Serra Gaúcha,São Roque,Casa,—,583084,3,1.5,93,222,93,0,1.0,0,4,2,10,2006,0,95701,-29.185534345400296,-51.55286694904933
Vila Flores,Serra Gaúcha,Centro,Terreno,Florescer Parque Residencial,246000,0,0.0,0,464,0,0,0.0,0,0,3,6,2025,0,95335,-28.85401856990539,-51.60551459672356
Farroupilha,Serra Gaúcha,São Caetano,Casa,—,536439,2,2.0,106,545,106,0,3.0,0,0,3,8,1981,0,95180,-29.2095501628286,-51.32419071191446
Vila Flores,Serra Gaúcha,Bairro Alto,Comercial,—,194421,0,2.0,88,223,88,0,1.0,0,1,2,7,1993,0,95336,-28.82710841101335,-51.59944040741375
Farroupilha,Serra Gaúcha,São Caetano,Apartamento,—,673664,3,1.0,116,116,116,0,2.0,0,4,2,9,1976,2015,95186,-29.26327299848209,-51.38546843940971
Porto Alegre,Capital,Cristal,Apartamento,—,851213,1,1.0,124,124,124,0,2.0,0,2,3,9,2020,0,90018,-30.048972834297697,-51.24259873391122
Bento Gonçalves,Serra Gaúcha,Centro,Apartamento,—,786079,1,2.0,117,117,117,0,1.0,0,3,5,6,1972,0,95709,-29.138202389223377,-51.548009378428866
Bento Gonçalves,Serra Gaúcha,São Bento,Casa,—,772939,4,3.0,130,486,130,0,1.0,0,4,3,8,1987,0,95703,-29.1800260280893,-51.55409364163078
Caxias do Sul,Serra Gaúcha,Marechal Floriano,Casa,—,2009709,3,1.0,270,437,270,0,2.0,0,1,2,5,1994,0,95014,-29.19970301502782,-51.143602785899425
Vila Flores,Serra Gaúcha,Bairro Alto,Terreno,Residencial Horizontes,220791,0,0.0,0,507,0,0,0.0,0,2,2,6,2016,0,95343,-28.89357909359557,-51.57527706286926
Canela,Serra Gaúcha,Fontes do Ipê,Casa,—,4278162,3,1.5,285,496,285,0,2.0,0,2,4,10,1976,2003,95686,-29.381158386644397,-50.850956705855374
Nova Prata,Serra Gaúcha,Santa Cruz,Comercial,—,422325,0,1.0,138,284,138,0,1.0,0,1,4,8,1979,0,95321,-28.76715943987331,-51.58908243029092
Porto Alegre,Capital,Chácara das Pedras,Apartamento,—,966409,3,2.0,124,124,124,0,4.0,0,4,3,8,1989,2000,90015,-30.081441652088813,-51.19041509413413
Caxias do Sul,Serra Gaúcha,Marechal Floriano,Apartamento,—,827939,3,1.0,105,105,105,0,5.0,0,3,2,8,1996,0,95015,-29.132973464015002,-51.159612707213235
Veranópolis,Serra Gaúcha,Centro,Casa,—,517663,2,3.5,166,371,142,24,3.0,0,0,5,8,1986,0,95332,-28.94985823586316,-51.545356209006435
Caxias do Sul,Serra Gaúcha,Centro,Apartamento,—,1070408,1,1.0,127,127,127,0,8.0,0,1,4,8,2012,0,95013,-29.154839617270344,-51.22385191198841
Gramado,Serra Gaúcha,Três Pinheiros,Casa,—,5259649,2,3.0,246,438,192,54,2.0,0,1,3,6,1978,0,95672,-29.378879035068667,-50.85049068522872
Vila Flores,Serra Gaúcha,Centro,Casa,—,505774,3,2.0,216,550,216,0,1.0,0,2,2,6,1976,0,95335,-28.840970910982758,-51.553869488614225
Vila Flores,Serra Gaúcha,Bairro Alto,Condomínio Residencial,—,428282,3,2.5,145,573,145,0,2.0,0,3,3,9,1999,0,95342,-28.887901113436552,-51.63896737400146
Caxias do Sul,Serra Gaúcha,Marechal Floriano,Casa,—,808026,2,2.5,92,566,92,0,2.0,0,3,5,9,2009,0,95011,-29.162164514407237,-51.20809712099574
Farroupilha,Serra Gaúcha,Pio X,Apartamento,—,936153,1,1.0,161,161,161,0,3.0,0,0,3,10,1978,0,95184,-29.177942931094844,-51.37279717202103
Porto Alegre,Capital,Cristal,Casa,—,1860155,2,3.0,227,654,227,0,1.0,0,4,4,8,1970,2012,90016,-29.989132647502167,-51.239170033541654
Vila Flores,Serra Gaúcha,Centro,Terreno,Florescer Parque Residencial,235000,0,0.0,0,415,0,0,0.0,0,1,3,6,2025,0,95335,-28.867971106112254,-51.60656158883144
Porto Alegre,Capital,Boa Vista,Casa,—,1938928,4,3.5,231,652,231,0,2.0,0,1,5,10,1978,0,90015,-30.044937363311313,-51.216876682617595
Canela,Serra Gaúcha,São José,Terreno,—,1855378,0,0.0,0,586,0,0,0.0,0,3,2,4,2005,0,95681,-29.356941978900267,-50.80230227414519
Garibaldi,Serra Gaúcha,Progresso,Casa,—,642941,2,1.5,142,471,142,0,2.0,0,2,2,8,2012,2003,95727,-29.25209103814373,-51.556335378922945
Veranópolis,Serra Gaúcha,Medianeira,Terreno,Medianeira,275453,0,0.0,0,632,0,0,0.0,0,0,3,6,2002,0,95331,-28.931728683373585,-51.57485612705388
Vila Flores,Serra Gaúcha,Centro,Terreno,Florescer Parque Residencial,530000,0,0.0,0,932,0,0,0.0,0,1,3,6,2021,0,95335,-28.85099928333927,-51.61253234387834
Farroupilha,Serra Gaúcha,Centro,Condomínio Residencial,—,2190046,4,3.5,331,714,331,0,1.0,0,3,5,9,1992,0,95185,-29.21302201733781,-51.37005821517256
Caxias do Sul,Serra Gaúcha,São Pelegrino,Terreno,—,1956714,0,0.0,0,1162,0,0,0.0,0,0,3,5,2000,0,95018,-29.18303452522552,-51.223276631818315
Gramado,Serra Gaúcha,Mato Queimado,Condomínio Residencial,—,9442378,3,2.5,343,643,343,0,2.0,0,1,5,12,2006,2008,95679,-29.349454296950412,-50.863829125501184
Veranópolis,Serra Gaúcha,Renovação,Casa,—,408184,2,3.0,143,692,143,0,1.0,1,1,2,9,2021,0,95333,-28.971244987909014,-51.55061358050483
Farroupilha,Serra Gaúcha,Desvio Rizzo,Condomínio Residencial,—,1286082,2,2.0,175,770,144,31,2.0,0,4,4,8,1970,0,95188,-29.20083622454761,-51.32410813155363
Caxias do Sul,Serra Gaúcha,Centro,Casa,—,950425,3,2.5,128,412,128,0,1.0,0,2,4,5,1975,0,95017,-29.21444348229536,-51.1499800779347
Porto Alegre,Capital,Petrópolis,Apartamento,—,374877,2,1.0,55,55,55,0,2.0,0,1,2,10,1984,0,90016,-30.046629749781452,-51.20650232240425
Nova Prata,Serra Gaúcha,Centro,Casa,—,556983,2,2.5,169,357,133,36,1.0,0,0,3,6,1989,0,95324,-28.801920208815783,-51.56636532203563
Nova Prata,Serra Gaúcha,Interior,Terreno,Condomínio fechado interior,452864,0,0.0,0,2126,0,0,0.0,0,1,1,5,2016,0,95321,-28.815356992803967,-51.56502870197289
Farroupilha,Serra Gaúcha,Cinquentenário,Casa,—,769943,4,1.0,145,231,145,0,1.0,0,0,4,8,1979,2019,95180,-29.233461624766502,-51.34263220693228
Bento Gonçalves,Serra Gaúcha,São Bento,Terreno,—,1264676,0,0.0,0,779,0,0,0.0,0,3,1,6,2006,0,95700,-29.191268890756067,-51.51034445323654
Vila Flores,Serra Gaúcha,Centro,Terreno,Florescer Parque Residencial,410000,0,0.0,0,800,0,0,0.0,0,2,3,6,2019,0,95335,-28.85594235462507,-51.59495071468163
Garibaldi,Serra Gaúcha,Progresso,Casa,—,1028329,3,1.0,221,789,221,0,2.0,0,1,5,6,1980,0,95722,-29.26422488312424,-51.56669475905779
Veranópolis,Serra Gaúcha,Femaçã,Terreno,Femaçã médio,210937,0,0.0,0,427,0,0,0.0,0,3,2,5,1992,0,95330,-28.961713982890114,-51.54010197536225
Caxias do Sul,Serra Gaúcha,São Pelegrino,Terreno,—,1666155,0,0.0,0,889,0,0,0.0,0,0,2,6,1990,0,95011,-29.145874235078047,-51.22235937460312
Garibaldi,Serra Gaúcha,Bela Vista,Casa,—,1395509,2,2.0,272,852,272,0,3.0,0,3,4,10,1988,0,95721,-29.218244140719758,-51.49277675329466
Gramado,Serra Gaúcha,Várzea Grande,Condomínio Residencial,—,8802716,4,3.5,341,818,341,0,1.0,0,0,4,9,2019,2019,95678,-29.379036045312372,-50.876732792372934
Porto Alegre,Capital,Chácara das Pedras,Apartamento,—,542393,2,2.0,72,72,72,0,1.0,0,2,5,7,2002,0,90010,-30.039439279191768,-51.1904573735056
Farroupilha,Serra Gaúcha,Desvio Rizzo,Apartamento,—,876643,1,2.0,159,159,159,0,5.0,0,4,4,7,2000,0,95185,-29.264051818051,-51.30466437598178
Garibaldi,Serra Gaúcha,Bela Vista,Apartamento,—,518839,3,1.0,120,120,120,0,12.0,0,4,4,9,1971,0,95726,-29.258252817729947,-51.51508696741855
Bento Gonçalves,Serra Gaúcha,Charqueadas,Condomínio Residencial,—,1162669,3,3.5,149,474,149,0,3.0,0,0,3,9,2002,0,95705,-29.148550592580452,-51.4815540658043
Vila Flores,Serra Gaúcha,Centro,Terreno,Florescer Parque Residencial,285000,0,0.0,0,406,0,0,0.0,0,2,3,6,2019,0,95335,-28.85824555530953,-51.610428414915646
Garibaldi,Serra Gaúcha,Progresso,Condomínio Residencial,—,962805,2,2.0,172,716,172,0,2.0,0,1,3,9,2002,0,95729,-29.231647384569165,-51.56269741647466
Vila Flores,Serra Gaúcha,Centro,Terreno,Florescer Parque Residencial,298000,0,0.0,0,420,0,0,0.0,0,0,3,6,2020,0,95335,-28.86091496382079,-51.592615328979356
Caxias do Sul,Serra Gaúcha,Centro,Terreno,—,773742,0,0.0,0,450,0,0,0.0,0,1,2,4,2007,0,95019,-29.13557433508478,-51.19927909096776
Bento Gonçalves,Serra Gaúcha,São Bento,Apartamento,—,796253,2,2.0,129,129,129,0,7.0,0,0,3,9,1972,2005,95704,-29.216701799792094,-51.49054474822318
Nova Prata,Serra Gaúcha,Centro,Apartamento,—,597755,2,1.0,160,160,160,0,2.0,0,1,4,10,2017,0,95324,-28.794940147234236,-51.63132255965387
Nova Prata,Serra Gaúcha,São Cristóvão,Casa,—,596898,4,3.0,155,247,129,26,2.0,0,3,4,7,1995,2017,95328,-28.81860485221511,-51.56380564807261
Caxias do Sul,Serra Gaúcha,São Pelegrino,Comercial,—,1637810,0,2.0,268,351,268,0,2.0,0,0,4,6,1978,0,95017,-29.210819390062877,-51.21789571846378
Caxias do Sul,Serra Gaúcha,Desvio Rizzo,Apartamento,—,711006,2,1.0,95,95,95,0,6.0,0,0,3,8,1985,2023,95012,-29.139607074421228,-51.174416353782235
Veranópolis,Serra Gaúcha,Medianeira,Apartamento,—,448324,3,1.0,160,160,160,0,6.0,0,3,2,6,2009,0,95336,-28.909000005173795,-51.524352249944336
Gramado,Serra Gaúcha,Três Pinheiros,Apartamento,—,1361584,2,1.0,67,67,67,0,5.0,0,1,3,9,1981,0,95677,-29.362216671430957,-50.878920849260616
Caxias do Sul,Serra Gaúcha,São Pelegrino,Casa,—,562809,4,2.0,74,542,74,0,1.0,0,3,3,7,1987,0,95014,-29.164616335332244,-51.15715918029467
Gramado,Serra Gaúcha,Morada da Serra,Comercial,—,5145295,0,2.0,270,445,270,0,2.0,0,0,2,5,1997,0,95676,-29.4277190911821,-50.90130530083391
Nova Petrópolis,Serra Gaúcha,Recanto Suíço,Casa,—,1081559,2,2.0,237,581,237,0,1.0,0,0,5,10,2003,2010,95150,-29.366599166870863,-51.16297209790443
Veranópolis,Serra Gaúcha,São Pelegrino,Condomínio Residencial,—,614102,2,3.0,177,523,177,0,2.0,0,2,5,9,2018,0,95332,-28.898881006371703,-51.51656125104696
Bento Gonçalves,Serra Gaúcha,Planalto,Casa,—,1712746,2,1.5,247,731,247,0,2.0,0,1,2,10,2018,2011,95700,-29.136904905562357,-51.51137445476725
Garibaldi,Serra Gaúcha,Santa Marta,Apartamento,—,357864,1,1.0,81,81,81,0,4.0,0,0,2,10,2003,2022,95727,-29.245769382619944,-51.49901585963919
Vila Flores,Serra Gaúcha,Centro,Terreno,Florescer Parque Residencial,365000,0,0.0,0,714,0,0,0.0,0,1,3,6,2023,0,95335,-28.865172261412912,-51.61305345755583
Porto Alegre,Capital,Chácara das Pedras,Casa,—,1915103,3,1.0,246,642,246,0,2.0,0,2,4,8,2006,0,90013,-29.992959977023837,-51.183068258922674
Veranópolis,Serra Gaúcha,Centro,Condomínio Residencial,—,977702,2,3.0,236,459,236,0,1.0,0,4,4,10,1993,0,95333,-28.936625505730202,-51.600386782124055
Nova Prata,Serra Gaúcha,Frizon,Casa,—,1030242,4,3.5,281,680,281,0,1.0,0,4,5,8,2010,0,95320,-28.80807915427826,-51.583542765238285
Porto Alegre,Capital,Cristal,Terreno,—,2147022,0,0.0,0,1155,0,0,0.0,0,1,1,6,2005,0,90019,-29.994928753131155,-51.255384762691094
Nova Prata,Serra Gaúcha,Interior,Terreno,Condomínio fechado interior,308882,0,0.0,0,2060,0,0,0.0,0,3,3,6,2016,0,95327,-28.790265506861402,-51.572191338164515
Veranópolis,Serra Gaúcha,Medianeira,Casa,—,212485,2,2.5,71,665,71,0,1.0,0,0,5,8,1977,0,95336,-28.972003565138756,-51.5769897208851
Bento Gonçalves,Serra Gaúcha,São Roque,Condomínio Residencial,—,940043,3,2.0,126,335,126,0,1.0,0,1,5,11,1981,0,95703,-29.134561087289644,-51.49285807075096
Porto Alegre,Capital,Três Figueiras,Condomínio Residencial,—,2023517,3,3.0,194,349,194,0,1.0,0,0,5,9,1992,0,90011,-29.998064294957995,-51.20520996510231
Porto Alegre,Capital,Boa Vista,Apartamento,—,1402124,1,1.0,173,173,173,0,3.0,0,0,5,10,1998,0,90013,-30.032380616275724,-51.19077387202751
Farroupilha,Serra Gaúcha,Pio X,Apartamento,—,718206,1,2.0,126,126,126,0,5.0,0,3,4,6,2022,0,95181,-29.247910088391475,-51.297180584165716
Vila Flores,Serra Gaúcha,Centro,Apartamento,—,156195,3,2.0,60,60,60,0,5.0,0,4,5,10,1997,0,95342,-28.901249244680727,-51.61607274470813
Porto Alegre,Capital,Petrópolis,Apartamento,—,872593,3,2.0,124,124,124,0,1.0,0,4,5,9,1970,0,90010,-30.074637534747847,-51.21320719421313
Gramado,Serra Gaúcha,Várzea Grande,Casa,—,4030107,4,3.0,205,660,205,0,1.0,0,1,5,9,1982,2019,95672,-29.329132455263018,-50.839154287676536
Farroupilha,Serra Gaúcha,Centro,Condomínio Residencial,—,1380542,2,2.0,185,382,185,0,3.0,0,4,3,8,1971,0,95180,-29.2671497659543,-51.353930888211075
Bento Gonçalves,Serra Gaúcha,Planalto,Apartamento,—,772307,3,2.0,127,127,127,0,7.0,1,3,4,10,2013,2022,95706,-29.169850238546868,-51.537648561534525
Bento Gonçalves,Serra Gaúcha,Charqueadas,Casa,—,1222445,4,3.0,203,480,203,0,2.0,0,1,2,8,1971,0,95701,-29.14403483150459,-51.49560599977344
Bento Gonçalves,Serra Gaúcha,Fátima,Apartamento,—,912984,2,1.0,130,130,130,0,6.0,0,2,4,8,2008,0,95706,-29.149557099781134,-51.55582250778648
Canela,Serra Gaúcha,São José,Comercial,—,4283999,0,2.0,324,414,324,0,1.0,0,2,5,6,1991,2019,95689,-29.334425018754906,-50.78833142078984
Porto Alegre,Capital,Mont'Serrat,Casa,—,596664,3,3.0,72,408,72,0,1.0,0,3,2,8,1973,0,90014,-29.99823253852187,-51.18501629874556
Porto Alegre,Capital,Cristal,Apartamento,—,1220823,2,1.0,163,163,163,0,12.0,0,2,2,6,1971,2007,90012,-30.0171064940638,-51.20355653267243
Nova Petrópolis,Serra Gaúcha,Linha Imperial,Apartamento,—,568180,1,1.0,128,128,128,0,3.0,0,1,4,9,2001,0,95157,-29.38193190840717,-51.11531093324189
Canela,Serra Gaúcha,Centro,Condomínio Residencial,—,2274570,2,2.0,136,647,136,0,2.0,0,1,3,10,2005,2017,95687,-29.389931198671956,-50.78976286928667
Porto Alegre,Capital,Três Figueiras,Condomínio Residencial,—,2738602,4,3.0,278,752,278,0,1.0,0,1,4,9,2015,0,90012,-30.04990014110394,-51.196794674806476
Nova Petrópolis,Serra Gaúcha,Linha Imperial,Casa,—,499169,3,3.0,107,398,107,0,1.0,0,3,5,10,1971,2020,95153,-29.3278749330429,-51.161261220532104
Nova Prata,Serra Gaúcha,Interior,Terreno,Condomínio fechado interior,393734,0,0.0,0,1778,0,0,0.0,0,1,1,6,1999,0,95324,-28.796060397446762,-51.56870525438656
Porto Alegre,Capital,Boa Vista,Apartamento,—,447888,2,2.0,66,66,66,0,10.0,0,1,5,10,2001,0,90011,-30.024294208701765,-51.20461857277041
Porto Alegre,Capital,Menino Deus,Apartamento,—,890470,1,1.0,131,131,131,0,2.0,0,0,4,6,2014,0,90011,-30.048951772021457,-51.197025117135375
Nova Prata,Serra Gaúcha,São Cristóvão,Casa,—,396089,3,3.0,104,588,104,0,2.0,0,4,4,5,2015,2022,95327,-28.75669074294745,-51.62840230339948
Vila Flores,Serra Gaúcha,Bairro Alto,Terreno,Residencial Horizontes,221677,0,0.0,0,532,0,0,0.0,0,2,1,6,1993,0,95340,-28.818380211216557,-51.62779633455827
Canela,Serra Gaúcha,São José,Condomínio Residencial,—,5353597,4,2.0,321,658,321,0,1.0,0,2,4,11,2006,2013,95685,-29.315136461182323,-50.78629665933996
Bento Gonçalves,Serra Gaúcha,Fátima,Terreno,—,914723,0,0.0,0,761,0,0,0.0,0,3,3,4,1995,0,95709,-29.182526564220797,-51.55999477759914
Canela,Serra Gaúcha,Industrial,Casa,—,2748079,2,3.0,191,724,191,0,1.0,0,4,4,10,2009,0,95686,-29.318173073867193,-50.78657842460279
Nova Prata,Serra Gaúcha,Santa Cruz,Casa,—,388922,2,2.0,115,712,38,77,2.0,0,2,4,9,2011,2013,95321,-28.789706739003105,-51.65147232035704
Farroupilha,Serra Gaúcha,Cinquentenário,Condomínio Residencial,—,2017354,4,3.5,307,448,307,0,2.0,0,2,5,12,2018,0,95181,-29.254411096042,-51.382356333780464
Garibaldi,Serra Gaúcha,Bela Vista,Apartamento,—,557664,1,1.0,109,109,109,0,4.0,0,3,5,7,2012,0,95721,-29.273596591701587,-51.49605052065318
Caxias do Sul,Serra Gaúcha,Sagrada Família,Terreno,—,1532154,0,0.0,0,759,0,0,0.0,0,3,2,5,1996,0,95019,-29.205150563100435,-51.159127639799145
Porto Alegre,Capital,Menino Deus,Condomínio Residencial,—,3041223,3,2.0,340,759,340,0,2.0,0,2,5,8,1984,0,90014,-30.064701384624424,-51.23281036544926
Nova Prata,Serra Gaúcha,Santa Cruz,Apartamento,—,623039,2,2.0,163,163,163,0,6.0,0,3,5,8,1971,0,95324,-28.815199286141247,-51.58406819541865
Porto Alegre,Capital,Menino Deus,Casa,—,1604325,3,1.5,192,646,192,0,2.0,0,3,3,7,1981,2001,90010,-30.030480943757173,-51.205809908956205
Farroupilha,Serra Gaúcha,Pio X,Apartamento,—,733254,1,1.0,134,134,134,0,6.0,0,2,3,10,2012,2013,95189,-29.188023745614107,-51.36500342171518
Porto Alegre,Capital,Partenon,Comercial,—,2337879,0,1.0,323,419,323,0,1.0,0,2,2,9,1984,2003,90019,-30.042170070771437,-51.26612728636503
Porto Alegre,Capital,Mont'Serrat,Terreno,—,1588778,0,0.0,0,996,0,0,0.0,0,0,2,4,1997,0,90016,-30.065169517393002,-51.17442620379589
Nova Prata,Serra Gaúcha,Centro,Apartamento,—,613927,1,1.0,174,174,174,0,2.0,0,4,3,6,1988,0,95328,-28.819914600990195,-51.65447897820672
Caxias do Sul,Serra Gaúcha,Exposição,Apartamento,—,1031896,1,1.0,138,138,138,0,7.0,0,0,2,8,1985,2021,95011,-29.119137060671285,-51.12954772388007
Farroupilha,Serra Gaúcha,São Caetano,Terreno,—,930538,0,0.0,0,734,0,0,0.0,0,0,3,4,2019,0,95182,-29.236945771474627,-51.375816362293016
Caxias do Sul,Serra Gaúcha,Centro,Apartamento,—,849532,3,2.0,99,99,99,0,3.0,0,4,2,9,1996,2002,95010,-29.19922958269337,-51.15581788631633
Garibaldi,Serra Gaúcha,Progresso,Casa,—,1503910,4,1.0,287,772,219,68,2.0,0,3,2,5,1976,0,95722,-29.289259123088332,-51.5564739852637
Vila Flores,Serra Gaúcha,Centro,Condomínio Residencial,—,1062217,4,3.0,317,529,317,0,2.0,0,4,3,11,1972,0,95339,-28.904117866028002,-51.577731756202404
Farroupilha,Serra Gaúcha,São Caetano,Condomínio Residencial,—,1059827,4,2.0,157,615,157,0,2.0,0,2,4,9,1970,0,95188,-29.211244531722,-51.36998143642315
Farroupilha,Serra Gaúcha,Desvio Rizzo,Apartamento,—,1056818,2,2.0,179,179,179,0,12.0,0,4,5,10,1975,0,95181,-29.211127641299885,-51.39081535172621
Nova Petrópolis,Serra Gaúcha,Recanto Suíço,Casa,—,915951,3,2.0,193,545,193,0,2.0,0,4,2,6,2007,2007,95151,-29.403482276962983,-51.07021584662893
Nova Petrópolis,Serra Gaúcha,Pinhal Alto,Apartamento,—,345342,2,2.0,81,81,81,0,2.0,0,4,3,6,1992,2022,95150,-29.413346873992708,-51.07829103901947
Porto Alegre,Capital,Bela Vista,Apartamento,—,551583,1,2.0,81,81,81,0,7.0,0,4,5,9,2020,0,90015,-30.01209492104253,-51.25199197592772
Porto Alegre,Capital,Três Figueiras,Apartamento,—,595994,3,1.0,73,73,73,0,1.0,0,1,4,8,1983,0,90017,-30.06874891236938,-51.22395124043936
Porto Alegre,Capital,Moinhos de Vento,Apartamento,—,567147,2,1.0,69,69,69,0,12.0,0,1,2,6,2013,2020,90017,-30.01490754758599,-51.190533749452946
Porto Alegre,Capital,Centro Histórico,Comercial,—,869586,0,2.0,139,315,139,0,1.0,0,0,3,8,1972,0,90012,-30.032149246433757,-51.20604527522728
Porto Alegre,Capital,Cidade Baixa,Apartamento,—,1193942,1,1.0,172,172,172,0,3.0,0,1,2,7,2018,0,90019,-30.066291324148782,-51.19716686219611
Porto Alegre,Capital,Bela Vista,Terreno,—,535643,0,0.0,0,381,0,0,0.0,0,2,1,4,1991,0,90018,-30.084346155916894,-51.23891422260915
Veranópolis,Serra Gaúcha,Femaçã,Terreno,Morada do Bosque,351256,0,0.0,0,380,0,0,0.0,0,1,1,5,2006,0,95338,-28.896570277301432,-51.58415101720684
Nova Prata,Serra Gaúcha,Centro,Casa,—,757129,2,3.0,194,394,171,23,2.0,0,3,5,8,2002,2017,95321,-28.782314158832254,-51.58466305871361
Bento Gonçalves,Serra Gaúcha,São Roque,Casa,—,1406294,4,2.5,233,402,197,36,1.0,0,1,5,7,1985,2022,95703,-29.144150129414847,-51.55642576627922
Garibaldi,Serra Gaúcha,São João,Apartamento,—,737176,2,2.0,168,168,168,0,7.0,0,2,4,8,2009,0,95727,-29.2840277409571,-51.48740584361747
Porto Alegre,Capital,Petrópolis,Condomínio Residencial,—,1389634,2,3.0,137,263,106,31,1.0,0,0,5,9,1979,0,90018,-29.996594140250167,-51.240807221589165
Farroupilha,Serra Gaúcha,Centro,Terreno,—,562895,0,0.0,0,399,0,0,0.0,0,2,2,3,2015,0,95182,-29.25381001934643,-51.3233061079652
Canela,Serra Gaúcha,Fontes do Ipê,Comercial,—,826831,0,1.0,70,243,70,0,1.0,0,1,3,5,2003,2007,95687,-29.404796762832813,-50.82886362218603
Nova Prata,Serra Gaúcha,Santa Cruz,Terreno,Lot. Schneider,232989,0,0.0,0,369,0,0,0.0,0,3,2,3,1996,0,95321,-28.746486236887083,-51.57550990955191
Porto Alegre,Capital,Chácara das Pedras,Casa,—,2061534,3,3.0,264,838,264,0,1.0,1,4,4,5,1973,0,90014,-30.06886575434956,-51.22111672265323
Farroupilha,Serra Gaúcha,São Caetano,Casa,—,1342374,3,3.0,244,589,244,0,3.0,0,0,4,7,1977,0,95180,-29.270874850888916,-51.300201046664874
Gramado,Serra Gaúcha,Três Pinheiros,Comercial,—,1367734,0,2.0,74,168,74,0,2.0,0,1,2,9,2016,2002,95675,-29.40036880064008,-50.85218276780733
Canela,Serra Gaúcha,Centro,Apartamento,—,1595146,2,2.0,118,118,118,0,4.0,0,3,4,7,2019,0,95686,-29.387415851536776,-50.81885476547837
Nova Petrópolis,Serra Gaúcha,Pinhal Alto,Apartamento,—,551557,1,2.0,112,112,112,0,2.0,0,2,4,10,2006,0,95150,-29.392529687715328,-51.134221344068635
Canela,Serra Gaúcha,Centro,Condomínio Residencial,—,5797163,2,2.0,349,897,333,16,1.0,0,1,3,12,2002,2020,95685,-29.409089335556875,-50.79137949956779
Gramado,Serra Gaúcha,Morada da Serra,Condomínio Residencial,—,6162087,4,2.0,267,531,267,0,1.0,1,1,5,9,1995,0,95675,-29.36922736495681,-50.882639582431906
Bento Gonçalves,Serra Gaúcha,Charqueadas,Apartamento,—,413350,3,1.0,61,61,61,0,7.0,0,1,4,9,1971,2021,95705,-29.14582231663796,-51.546805854333016
Porto Alegre,Capital,Moinhos de Vento,Comercial,—,1383213,0,1.0,245,308,245,0,1.0,0,0,4,5,1991,2005,90015,-30.043760877549552,-51.207907484121684
Caxias do Sul,Serra Gaúcha,Marechal Floriano,Casa,—,1911972,2,2.0,234,506,203,31,2.0,0,4,3,6,1993,0,95019,-29.181878531398546,-51.216813585975075
Porto Alegre,Capital,Menino Deus,Apartamento,—,443412,3,2.0,61,61,61,0,7.0,0,2,3,9,2012,0,90011,-30.045219450873116,-51.18412483123591
Bento Gonçalves,Serra Gaúcha,São Roque,Apartamento,—,596915,3,1.0,103,103,103,0,7.0,0,3,3,6,2013,2017,95701,-29.12586696924426,-51.49897441469707
Veranópolis,Serra Gaúcha,Medianeira,Terreno,Medianeira,234867,0,0.0,0,597,0,0,0.0,0,2,1,5,1996,0,95336,-28.961724899568203,-51.582179702015424
Caxias do Sul,Serra Gaúcha,Exposição,Casa,—,934730,3,1.0,106,263,106,0,2.0,0,4,4,10,2012,0,95010,-29.195983270298445,-51.18198622400586
Bento Gonçalves,Serra Gaúcha,São Roque,Apartamento,—,544038,3,2.0,89,89,89,0,1.0,0,2,3,7,1982,0,95708,-29.21012288047036,-51.51048200901307
Gramado,Serra Gaúcha,Mato Queimado,Condomínio Residencial,—,6292060,3,3.5,250,472,250,0,1.0,0,1,4,11,1985,0,95673,-29.37070008712436,-50.87600167889682
Veranópolis,Serra Gaúcha,Medianeira,Terreno,Medianeira,246832,0,0.0,0,649,0,0,0.0,0,2,2,5,2016,0,95339,-28.968533331140797,-51.51823288995129
Caxias do Sul,Serra Gaúcha,Sanvitto,Terreno,—,823548,0,0.0,0,466,0,0,0.0,0,1,1,4,2023,0,95018,-29.15688140462481,-51.15789298331932
Nova Prata,Serra Gaúcha,Interior,Apartamento,—,530244,3,2.0,157,157,157,0,5.0,0,2,2,8,2009,0,95325,-28.81917720817947,-51.63784740910021
Porto Alegre,Capital,Cristal,Apartamento,—,724078,3,2.0,96,96,96,0,8.0,0,3,4,7,1987,2011,90010,-30.01335510196076,-51.24545587807134
Caxias do Sul,Serra Gaúcha,Santa Catarina,Casa,—,1556579,2,3.5,178,637,178,0,2.0,0,1,2,6,1994,2005,95014,-29.192145165496434,-51.22620705216791
Caxias do Sul,Serra Gaúcha,Desvio Rizzo,Apartamento,—,595047,1,2.0,70,70,70,0,7.0,0,2,5,10,1991,0,95017,-29.16747711500445,-51.21757582696113
Porto Alegre,Capital,Moinhos de Vento,Apartamento,—,1064157,1,1.0,143,143,143,0,6.0,0,3,4,6,1977,2012,90015,-30.051168430729494,-51.218757802458626
Farroupilha,Serra Gaúcha,Centro,Casa,—,1015885,3,3.5,170,266,104,66,1.0,0,1,5,10,2004,2012,95183,-29.218457408480845,-51.34297375687129
Nova Prata,Serra Gaúcha,São Cristóvão,Comercial,—,308093,0,2.0,110,272,110,0,2.0,0,0,2,6,2013,0,95323,-28.82279206673294,-51.63455233856426
Farroupilha,Serra Gaúcha,São Caetano,Comercial,—,1994736,0,2.0,387,399,387,0,1.0,0,0,4,7,1993,0,95187,-29.22647481284003,-51.29914349872392
Nova Prata,Serra Gaúcha,São Cristóvão,Terreno,Lot. Colinas do Caravaggio,159692,0,0.0,0,382,0,0,0.0,0,1,2,5,2014,0,95323,-28.831727682546905,-51.63138355616734
Veranópolis,Serra Gaúcha,Femaçã,Terreno,Femaçã médio,320892,0,0.0,0,488,0,0,0.0,0,0,1,4,2018,0,95338,-28.892785782459075,-51.535350400500874
Garibaldi,Serra Gaúcha,São João,Casa,—,1507653,4,1.0,292,741,292,0,2.0,0,2,4,8,2010,0,95726,-29.262862828452445,-51.529227244386206
Caxias do Sul,Serra Gaúcha,Marechal Floriano,Apartamento,—,831402,3,1.0,107,107,107,0,2.0,0,4,4,7,1972,0,95012,-29.131779863713128,-51.17329509705878
Vila Flores,Serra Gaúcha,Centro,Comercial,—,256215,0,2.0,109,240,109,0,3.0,0,0,2,7,1985,0,95335,-28.898365927827005,-51.605252928791955
Veranópolis,Serra Gaúcha,Centro,Terreno,Centro (avulso),134226,0,0.0,0,370,0,0,0.0,0,3,1,4,2020,0,95332,-28.897984732370507,-51.55129668592098
Bento Gonçalves,Serra Gaúcha,São Bento,Casa,—,564711,3,3.0,84,336,84,0,1.0,0,1,5,7,1975,0,95708,-29.194813879080996,-51.527791971347156
Canela,Serra Gaúcha,Reserva da Serra,Apartamento,—,782340,3,1.0,54,54,54,0,1.0,0,4,2,6,1971,2019,95685,-29.32147816866106,-50.83575605824356
Farroupilha,Serra Gaúcha,Centro,Casa,—,480950,2,2.0,85,662,28,57,1.0,0,3,2,8,2000,0,95189,-29.27163990587682,-51.30790167139194
Garibaldi,Serra Gaúcha,Centro,Condomínio Residencial,—,1987840,2,3.0,335,659,335,0,2.0,0,3,4,11,2009,0,95729,-29.285604233341896,-51.49401200785071
Nova Petrópolis,Serra Gaúcha,Pinhal Alto,Casa,—,734051,2,1.0,150,444,150,0,1.0,0,1,2,8,1977,0,95152,-29.35227338052528,-51.0714024878738
Farroupilha,Serra Gaúcha,São Caetano,Casa,—,717059,4,3.0,133,719,133,0,1.0,0,2,5,6,1984,0,95180,-29.21779233684227,-51.39602059096319
Gramado,Serra Gaúcha,Três Pinheiros,Condomínio Residencial,—,6096052,4,2.5,222,393,222,0,2.0,0,3,4,8,1988,0,95670,-29.402170033118942,-50.90390477485529
Caxias do Sul,Serra Gaúcha,Sanvitto,Terreno,—,1594527,0,0.0,0,792,0,0,0.0,0,0,1,4,2000,0,95012,-29.189462073457992,-51.195598516784216
Bento Gonçalves,Serra Gaúcha,Planalto,Casa,—,1919083,2,1.5,290,511,290,0,1.0,0,3,3,7,2000,0,95709,-29.15111335224758,-51.55312565294696
Porto Alegre,Capital,Cristal,Casa,—,841209,2,2.5,107,223,107,0,2.0,0,1,4,9,1994,0,90011,-30.039461771679342,-51.26585016269141
Nova Petrópolis,Serra Gaúcha,Centro,Casa,—,968072,2,1.5,215,377,215,0,1.0,0,4,3,6,2016,0,95152,-29.392998213905397,-51.09718953263814
Bento Gonçalves,Serra Gaúcha,Fátima,Casa,—,1858969,2,1.5,272,677,272,0,1.0,0,0,4,9,1998,0,95706,-29.16786700083313,-51.47302049725597
Porto Alegre,Capital,Petrópolis,Apartamento,—,1017824,2,1.0,132,132,132,0,5.0,0,3,2,7,1970,0,90014,-29.997435089185846,-51.200588399234945
Veranópolis,Serra Gaúcha,São Pelegrino,Casa,—,411101,4,1.0,135,632,135,0,1.0,0,2,4,10,2023,0,95335,-28.908429088660093,-51.59302337029672
Vila Flores,Serra Gaúcha,Centro,Casa,—,453077,2,1.0,193,311,193,0,2.0,0,2,2,6,2015,0,95341,-28.84010070700153,-51.58327857303674
Caxias do Sul,Serra Gaúcha,Sagrada Família,Apartamento,—,682864,2,1.0,89,89,89,0,5.0,0,4,4,6,2009,2021,95018,-29.207708496895954,-51.14305088662376
Bento Gonçalves,Serra Gaúcha,Centro,Casa,—,683905,2,1.0,107,589,107,0,1.0,0,3,2,9,1983,0,95705,-29.139140897558427,-51.488074041845586
Bento Gonçalves,Serra Gaúcha,São Roque,Terreno,—,1506571,0,0.0,0,1071,0,0,0.0,0,0,3,6,2006,0,95706,-29.14681289401866,-51.53549702473626
Bento Gonçalves,Serra Gaúcha,Planalto,Apartamento,—,873362,3,2.0,126,126,126,0,7.0,0,2,2,9,2019,0,95707,-29.15242981533858,-51.53998174981043
Caxias do Sul,Serra Gaúcha,São Pelegrino,Terreno,—,707032,0,0.0,0,427,0,0,0.0,0,1,1,3,1998,0,95018,-29.145178215787105,-51.16736702085292
Canela,Serra Gaúcha,Centro,Terreno,—,3356353,0,0.0,0,1196,0,0,0.0,0,0,1,3,2010,0,95683,-29.319524296817015,-50.854377832422344
Veranópolis,Serra Gaúcha,Interior,Condomínio Residencial,—,968603,3,2.5,280,781,280,0,3.0,0,2,4,10,1973,2011,95339,-28.9643562113678,-51.53685806528472
Caxias do Sul,Serra Gaúcha,Marechal Floriano,Comercial,—,707848,0,1.0,105,204,105,0,2.0,0,0,2,8,2004,0,95019,-29.1472557890148,-51.22927262537491
Canela,Serra Gaúcha,Jardim,Condomínio Residencial,—,5298882,2,2.5,308,866,308,0,2.0,0,4,5,11,2006,0,95681,-29.406608420817726,-50.83477540331258
Veranópolis,Serra Gaúcha,Centro,Apartamento,—,153117,2,2.0,48,48,48,0,4.0,0,1,4,7,1984,0,95333,-28.950798918375416,-51.55934643525736
Farroupilha,Serra Gaúcha,Pio X,Casa,—,798298,4,2.0,148,656,148,0,1.0,0,1,4,7,1999,0,95187,-29.245341089870767,-51.31269155119756
Nova Petrópolis,Serra Gaúcha,Centro,Casa,—,415588,3,2.5,85,300,85,0,2.0,0,2,2,10,2006,0,95156,-29.342651601785548,-51.13646547736623
Canela,Serra Gaúcha,Fontes do Ipê,Terreno,—,2387285,0,0.0,0,803,0,0,0.0,0,2,2,4,2004,0,95683,-29.37753051902624,-50.79411629400705
Canela,Serra Gaúcha,Reserva da Serra,Casa,—,1147262,4,1.0,86,220,86,0,2.0,0,3,2,5,2018,0,95685,-29.327732551017544,-50.8531787362215
Porto Alegre,Capital,Chácara das Pedras,Casa,—,1466463,2,2.0,188,645,140,48,1.0,0,1,5,6,2022,0,90012,-30.0165728587122,-51.207965994263894
Veranópolis,Serra Gaúcha,Renovação,Terreno,Renovação,376150,0,0.0,0,476,0,0,0.0,0,2,1,4,1997,0,95331,-28.941612467281804,-51.53130830165241
Nova Prata,Serra Gaúcha,Clivatti,Apartamento,—,527960,3,1.0,150,150,150,0,7.0,0,0,5,9,1989,0,95320,-28.817602757349388,-51.65993411175282
Vila Flores,Serra Gaúcha,Linha Aimoré,Casa,—,408713,4,2.0,173,750,173,0,2.0,0,3,3,7,2022,0,95337,-28.89858939622663,-51.61370428442028
Vila Flores,Serra Gaúcha,Centro,Casa,—,598022,4,3.0,258,364,258,0,1.0,0,0,2,10,2010,0,95340,-28.862710096634252,-51.58450072211301
Veranópolis,Serra Gaúcha,Medianeira,Condomínio Residencial,—,1129289,2,3.5,308,762,308,0,2.0,0,4,3,9,1997,2018,95330,-28.93783169487739,-51.56673948859312
Vila Flores,Serra Gaúcha,Centro,Terreno,Florescer Parque Residencial,298000,0,0.0,0,420,0,0,0.0,0,1,3,6,2019,0,95335,-28.86188532095935,-51.6091933653249
Garibaldi,Serra Gaúcha,São João,Casa,—,1335270,2,3.0,275,579,275,0,3.0,0,0,2,10,1993,0,95723,-29.26871738915264,-51.577132042353
Caxias do Sul,Serra Gaúcha,Sanvitto,Casa,—,1752807,2,3.5,212,807,212,0,1.0,0,0,2,10,2000,0,95018,-29.2017569018178,-51.16801940523779
Vila Flores,Serra Gaúcha,Centro,Terreno,Florescer Parque Residencial,320000,0,0.0,0,475,0,0,0.0,0,2,3,6,2022,0,95335,-28.87418343600189,-51.592692306319485
Gramado,Serra Gaúcha,Três Pinheiros,Terreno,—,4714012,0,0.0,0,1043,0,0,0.0,0,1,2,5,2000,0,95676,-29.36397668447547,-50.83204055903045
Nova Prata,Serra Gaúcha,Interior,Casa,—,617075,2,1.0,185,370,185,0,1.0,0,3,3,5,2009,0,95322,-28.81663238059915,-51.589268355588956
Caxias do Sul,Serra Gaúcha,Centro,Apartamento,—,1223447,3,1.0,164,164,164,0,6.0,0,0,5,6,1997,0,95017,-29.204943779453536,-51.167781325261416
Porto Alegre,Capital,Cristal,Casa,—,1984137,4,3.0,273,678,201,72,2.0,0,4,4,5,2017,0,90018,-30.031817533241828,-51.19514638879981
Vila Flores,Serra Gaúcha,Linha Aimoré,Terreno,Linha Aimoré,172149,0,0.0,0,908,0,0,0.0,0,3,2,5,1999,0,95335,-28.852168453004975,-51.554831090978006
Nova Prata,Serra Gaúcha,Centro,Casa,—,569083,3,1.0,160,462,160,0,1.0,0,3,2,10,1980,2015,95329,-28.822552068704464,-51.5876292795172
Veranópolis,Serra Gaúcha,São Pelegrino,Casa,—,314715,4,3.0,96,552,96,0,2.0,0,1,3,5,2018,2004,95337,-28.970870302288304,-51.515274996003306
Garibaldi,Serra Gaúcha,São João,Condomínio Residencial,—,1515184,4,3.0,263,794,263,0,1.0,0,0,4,12,1973,2012,95726,-29.258192022054168,-51.49061902678617
Porto Alegre,Capital,Centro Histórico,Apartamento,—,825633,2,1.0,110,110,110,0,12.0,0,4,5,8,2016,2013,90014,-30.009692891326175,-51.196870270719515
Gramado,Serra Gaúcha,Canavial,Condomínio Residencial,—,5514669,2,2.5,202,421,202,0,3.0,0,0,4,9,1979,0,95671,-29.425685060489947,-50.88676981163007
Caxias do Sul,Serra Gaúcha,Marechal Floriano,Casa,—,2110841,4,2.5,278,644,278,0,2.0,0,2,5,6,1988,0,95016,-29.187803356750315,-51.141942267215676
Bento Gonçalves,Serra Gaúcha,Planalto,Comercial,—,1944644,0,2.0,317,509,317,0,3.0,0,2,4,9,2004,2002,95705,-29.19233350577868,-51.50692671857762
Porto Alegre,Capital,Chácara das Pedras,Apartamento,—,980638,3,1.0,131,131,131,0,4.0,0,4,5,8,1984,0,90015,-30.022599813066503,-51.22700656035301
Gramado,Serra Gaúcha,Mato Queimado,Condomínio Residencial,—,8182032,4,3.5,339,900,339,0,2.0,0,0,5,9,2002,0,95676,-29.403119159029767,-50.8675038625904
Veranópolis,Serra Gaúcha,Centro,Comercial,—,434458,0,1.0,155,344,155,0,2.0,0,2,4,9,2020,2017,95332,-28.901593390080286,-51.560153627103745
Caxias do Sul,Serra Gaúcha,Sanvitto,Apartamento,—,671869,3,1.0,84,84,84,0,2.0,0,1,4,7,1995,0,95011,-29.173105568460713,-51.19417207703732
Bento Gonçalves,Serra Gaúcha,Planalto,Casa,—,1466514,2,3.0,233,734,233,0,2.0,0,3,5,9,2017,0,95701,-29.155488547049767,-51.496371132841496
Veranópolis,Serra Gaúcha,Renovação,Casa,—,657403,2,2.5,220,684,220,0,1.0,0,4,2,10,2020,0,95333,-28.927730344212097,-51.51081894828373
Farroupilha,Serra Gaúcha,Centro,Comercial,—,1567100,0,2.0,306,365,306,0,1.0,0,0,5,5,2010,0,95183,-29.198083513237563,-51.37269597152342
Nova Prata,Serra Gaúcha,Centro,Terreno,Lot. Gênova,246141,0,0.0,0,361,0,0,0.0,0,2,3,6,1996,0,95325,-28.81988817556844,-51.65013637620554
Vila Flores,Serra Gaúcha,Centro,Terreno,Florescer Parque Residencial,230000,0,0.0,0,417,0,0,0.0,0,0,3,6,2023,0,95335,-28.863030698977095,-51.593909097072114
Gramado,Serra Gaúcha,Mato Queimado,Condomínio Residencial,—,4245813,4,3.0,165,721,165,0,3.0,0,2,5,12,1988,0,95676,-29.42065720105429,-50.876443510285284
Bento Gonçalves,Serra Gaúcha,Centro,Comercial,—,371703,0,1.0,77,254,77,0,2.0,0,0,2,8,2010,0,95706,-29.123188668062085,-51.53366790798328
Garibaldi,Serra Gaúcha,Santa Marta,Comercial,—,1577795,0,2.0,351,545,351,0,2.0,0,1,4,7,2005,2007,95729,-29.240306564154636,-51.49580827282105
Caxias do Sul,Serra Gaúcha,Centro,Casa,—,1061296,2,1.0,137,613,137,0,1.0,0,3,3,8,1988,0,95018,-29.135260312826535,-51.20846687811029
Farroupilha,Serra Gaúcha,Pio X,Casa,—,670243,3,2.0,125,231,125,0,1.0,0,1,2,7,1999,0,95187,-29.208843050606237,-51.37391014128742
Nova Petrópolis,Serra Gaúcha,Linha Imperial,Apartamento,—,481463,2,2.0,110,110,110,0,1.0,0,4,3,7,1983,0,95154,-29.4105790197911,-51.128241795403646
Porto Alegre,Capital,Boa Vista,Apartamento,—,521997,1,2.0,64,64,64,0,10.0,0,0,3,8,1973,0,90011,-30.016380567506513,-51.225950068611276
Farroupilha,Serra Gaúcha,São Caetano,Casa,—,1646665,3,1.0,281,871,281,0,1.0,0,3,4,8,2004,2021,95187,-29.186048462539407,-51.31513537426524
Canela,Serra Gaúcha,Reserva da Serra,Condomínio Residencial,—,6317016,2,3.0,336,817,336,0,1.0,0,3,3,12,1998,2008,95683,-29.31023045074796,-50.833445064620996
Vila Flores,Serra Gaúcha,Centro,Terreno,Florescer Parque Residencial,330000,0,0.0,0,480,0,0,0.0,0,1,3,6,2020,0,95335,-28.855207141418692,-51.5925649983756
Porto Alegre,Capital,Menino Deus,Condomínio Residencial,—,2582960,4,2.5,271,614,270,1,2.0,0,4,5,10,1986,0,90019,-29.98982618125688,-51.21818582418665
Farroupilha,Serra Gaúcha,Cinquentenário,Apartamento,—,384482,3,2.0,76,76,76,0,1.0,0,1,3,6,1985,0,95185,-29.237840491423533,-51.34672607557194
Veranópolis,Serra Gaúcha,Medianeira,Casa,—,310020,3,2.0,101,522,101,0,1.0,0,1,4,9,2013,0,95335,-28.928326715708813,-51.545427190488546
Canela,Serra Gaúcha,São José,Casa,—,2885431,2,3.0,185,498,138,47,2.0,0,4,3,8,1997,2001,95688,-29.406547008197098,-50.806949062252706
Caxias do Sul,Serra Gaúcha,Centro,Apartamento,—,338374,1,1.0,46,46,46,0,7.0,0,0,5,8,2019,0,95019,-29.16932707453328,-51.21126379521551
Gramado,Serra Gaúcha,Morada da Serra,Terreno,—,3465750,0,0.0,0,700,0,0,0.0,0,0,1,6,1994,0,95677,-29.41920654582107,-50.836072190038465
Caxias do Sul,Serra Gaúcha,São Pelegrino,Apartamento,—,341053,3,1.0,47,47,47,0,7.0,0,4,2,9,2008,0,95015,-29.17145344345389,-51.19327255989487
Nova Prata,Serra Gaúcha,Clivatti,Terreno,Lot. Clivatti I,193783,0,0.0,0,372,0,0,0.0,0,2,3,5,2004,0,95327,-28.82523921630862,-51.60790612381798
Vila Flores,Serra Gaúcha,Centro,Terreno,Florescer Parque Residencial,380000,0,0.0,0,596,0,0,0.0,0,0,3,6,2023,0,95335,-28.851832983791198,-51.59248202712469
Gramado,Serra Gaúcha,Mato Queimado,Casa,—,5491274,4,2.0,285,817,285,0,2.0,0,0,4,8,1989,0,95671,-29.331700565729825,-50.90137434266932
Canela,Serra Gaúcha,Jardim,Terreno,—,2755996,0,0.0,0,831,0,0,0.0,0,0,3,5,2002,0,95687,-29.3434821347885,-50.842521902905325
Bento Gonçalves,Serra Gaúcha,Charqueadas,Apartamento,—,451110,2,2.0,67,67,67,0,12.0,0,4,2,8,2018,0,95704,-29.120966116752943,-51.49819777850306
Gramado,Serra Gaúcha,Morada da Serra,Casa,—,3553047,4,3.5,186,568,186,0,1.0,0,1,4,9,1988,0,95677,-29.35671636677664,-50.83431400033743
Gramado,Serra Gaúcha,Mato Queimado,Casa,—,4719792,2,2.5,215,484,215,0,1.0,0,3,2,10,1972,0,95677,-29.417149561774742,-50.92011756626827
Caxias do Sul,Serra Gaúcha,Exposição,Casa,—,2181398,4,2.0,283,860,283,0,1.0,0,2,2,5,1995,2014,95010,-29.198229048481068,-51.15973364000099
Canela,Serra Gaúcha,Reserva da Serra,Condomínio Residencial,—,2179099,3,3.0,134,499,134,0,2.0,0,1,3,12,1985,0,95689,-29.381016344965396,-50.76312426857672
Vila Flores,Serra Gaúcha,Centro,Terreno,Urbano avulso,168088,0,0.0,0,415,0,0,0.0,0,0,2,4,2002,0,95337,-28.85502894235115,-51.64114248836173
Porto Alegre,Capital,Menino Deus,Condomínio Residencial,—,1269334,4,2.0,132,553,132,0,1.0,0,1,4,8,2005,0,90016,-30.03269232566477,-51.252188223548124
Nova Prata,Serra Gaúcha,Centro,Terreno,Lot. Gênova,214858,0,0.0,0,361,0,0,0.0,0,0,1,4,2020,0,95325,-28.788395467822372,-51.59775139647659
Vila Flores,Serra Gaúcha,Bairro Alto,Apartamento,—,318406,3,2.0,121,121,121,0,2.0,0,2,5,10,2019,0,95336,-28.86945288822329,-51.57986951109451
Caxias do Sul,Serra Gaúcha,Centro,Condomínio Residencial,—,3193732,3,3.0,293,660,293,0,2.0,0,4,4,9,1976,0,95018,-29.16588514134144,-51.166925776221284
Canela,Serra Gaúcha,Centro,Casa,—,3777452,2,1.5,253,783,253,0,1.0,0,3,4,6,1974,0,95683,-29.36446890203948,-50.79693075214589
Bento Gonçalves,Serra Gaúcha,Planalto,Terreno,—,854759,0,0.0,0,508,0,0,0.0,0,2,3,6,2006,0,95702,-29.195225748410476,-51.55808922914713
Canela,Serra Gaúcha,Jardim,Apartamento,—,1694746,2,1.0,123,123,123,0,12.0,0,2,4,7,1984,0,95684,-29.39500802446706,-50.79151907857973
Veranópolis,Serra Gaúcha,Centro,Apartamento,—,436123,1,2.0,145,145,145,0,3.0,0,0,2,9,2012,0,95337,-28.923747711494862,-51.537993984938126
Caxias do Sul,Serra Gaúcha,Santa Catarina,Casa,—,1356701,3,3.5,169,503,169,0,2.0,0,0,3,7,2018,0,95018,-29.195403814846994,-51.17135813627891
Gramado,Serra Gaúcha,Várzea Grande,Casa,—,3724528,4,1.0,199,656,199,0,1.0,0,2,3,8,2006,0,95677,-29.426923355465732,-50.89344531573282
Gramado,Serra Gaúcha,Canavial,Casa,—,1687382,3,3.0,90,555,90,0,1.0,0,3,5,9,1970,0,95672,-29.426585990541806,-50.828177536629276
Nova Prata,Serra Gaúcha,Interior,Casa,—,253575,4,3.5,75,488,75,0,1.0,0,4,5,10,2005,2002,95323,-28.825730117289414,-51.57455776708321
Caxias do Sul,Serra Gaúcha,Centro,Terreno,—,1717640,0,0.0,0,856,0,0,0.0,0,3,2,6,1995,0,95016,-29.120477432519117,-51.163218794514364
Vila Flores,Serra Gaúcha,Centro,Casa,—,614620,4,1.5,222,619,222,0,2.0,0,4,4,6,1970,0,95344,-28.844837962588187,-51.55746532313261
Garibaldi,Serra Gaúcha,Progresso,Apartamento,—,806815,3,1.0,156,156,156,0,4.0,0,4,2,8,1972,0,95722,-29.225190095596282,-51.58099549216057
Vila Flores,Serra Gaúcha,Centro,Apartamento,—,399842,1,1.0,157,157,157,0,5.0,0,4,3,10,2012,2005,95341,-28.85674457981087,-51.584060712989086
Gramado,Serra Gaúcha,Morada da Serra,Comercial,—,1720479,0,1.0,97,147,97,0,3.0,0,1,4,9,2006,0,95677,-29.341390010293853,-50.86473945649531
Canela,Serra Gaúcha,São José,Apartamento,—,2558819,1,1.0,170,170,170,0,6.0,0,1,3,7,1995,0,95682,-29.394545420006274,-50.849983580389754
Caxias do Sul,Serra Gaúcha,Desvio Rizzo,Casa,—,927715,2,3.0,107,664,107,0,1.0,0,1,5,7,1996,2011,95010,-29.12397025084822,-51.19304457049197
Farroupilha,Serra Gaúcha,Desvio Rizzo,Apartamento,—,675063,1,2.0,124,124,124,0,4.0,0,0,3,10,1994,2006,95184,-29.246053392237627,-51.39622623096966
Canela,Serra Gaúcha,São José,Comercial,—,2588210,0,1.0,204,274,204,0,3.0,0,1,4,5,2001,0,95686,-29.320265769379755,-50.79296876243059
Garibaldi,Serra Gaúcha,São João,Condomínio Residencial,—,822394,2,3.0,139,496,139,0,2.0,0,3,3,9,1970,0,95729,-29.252446436495596,-51.48374895900644
Nova Prata,Serra Gaúcha,Centro,Apartamento,—,560559,3,2.0,171,171,171,0,8.0,0,2,4,7,2004,2022,95328,-28.810334637449902,-51.62064245218545
Porto Alegre,Capital,Três Figueiras,Apartamento,—,1297120,3,1.0,172,172,172,0,8.0,0,4,5,10,2014,0,90012,-30.065243080805796,-51.25236216085044
Farroupilha,Serra Gaúcha,Cinquentenário,Casa,—,387775,3,2.0,71,638,71,0,1.0,0,1,2,5,2019,2005,95181,-29.207522374699778,-51.34771189620393
Veranópolis,Serra Gaúcha,Centro,Apartamento,—,175151,2,1.0,61,61,61,0,2.0,0,3,3,9,2020,0,95339,-28.90974127629821,-51.52298111374894
Bento Gonçalves,Serra Gaúcha,Fátima,Apartamento,—,877475,2,1.0,146,146,146,0,8.0,0,2,5,6,2012,0,95707,-29.212817192469277,-51.55841769205462
Nova Prata,Serra Gaúcha,Santa Cruz,Apartamento,—,538058,2,1.0,151,151,151,0,7.0,0,0,2,6,1998,0,95328,-28.754995522142288,-51.6330554074586
Garibaldi,Serra Gaúcha,Progresso,Casa,—,519624,4,1.5,101,486,101,0,1.0,0,2,2,5,2016,0,95725,-29.214737506756293,-51.51387994625257
Veranópolis,Serra Gaúcha,São Pelegrino,Condomínio Residencial,—,1086588,2,2.5,297,724,297,0,1.0,0,0,3,11,1973,0,95330,-28.919552875871133,-51.532859056036145
Caxias do Sul,Serra Gaúcha,Centro,Apartamento,—,1197031,1,2.0,150,150,150,0,1.0,0,1,5,8,1984,0,95017,-29.16342725386424,-51.200716047826354
Gramado,Serra Gaúcha,Várzea Grande,Casa,—,2332834,2,3.0,109,408,109,0,2.0,0,4,4,10,1986,2010,95676,-29.33792033772668,-50.89659807912876
Nova Prata,Serra Gaúcha,Sagrada Família,Casa,—,411816,4,2.0,120,632,120,0,1.0,0,4,5,9,2011,0,95324,-28.825822585169394,-51.612718580503525
Vila Flores,Serra Gaúcha,Linha Aimoré,Casa,—,413963,2,3.0,151,446,84,67,1.0,0,0,4,8,1981,2005,95337,-28.90886080895935,-51.57822112036177
Farroupilha,Serra Gaúcha,Centro,Condomínio Residencial,—,2148453,4,3.5,300,413,300,0,3.0,0,2,3,10,2010,0,95186,-29.220894865735772,-51.36666438695902
Vila Flores,Serra Gaúcha,Centro,Terreno,Florescer Parque Residencial,285000,0,0.0,0,420,0,0,0.0,0,1,3,6,2025,0,95335,-28.868321857195706,-51.61266450566151
Caxias do Sul,Serra Gaúcha,Marechal Floriano,Comercial,—,2036871,0,2.0,285,469,285,0,1.0,0,0,4,7,1992,0,95013,-29.19417971106291,-51.213826803364725
Porto Alegre,Capital,Petrópolis,Apartamento,—,754771,3,2.0,103,103,103,0,4.0,0,3,5,10,1987,0,90016,-30.021735777244267,-51.24285791025243
Canela,Serra Gaúcha,Centro,Casa,—,1286104,2,1.5,94,388,94,0,1.0,0,2,3,5,1984,0,95683,-29.40981286889052,-50.820108627951
Bento Gonçalves,Serra Gaúcha,Planalto,Comercial,—,1150513,0,1.0,236,353,236,0,1.0,0,0,5,7,1976,0,95707,-29.125776123159884,-51.51555858983805
Nova Prata,Serra Gaúcha,Interior,Terreno,Roteiro das Águas,273536,0,0.0,0,2049,0,0,0.0,0,0,1,5,2006,0,95326,-28.78561259132013,-51.577389866975565
Caxias do Sul,Serra Gaúcha,Centro,Comercial,—,384973,0,1.0,51,228,51,0,1.0,0,0,2,9,1971,0,95014,-29.145510696777087,-51.13002947389855
Veranópolis,Serra Gaúcha,São Pelegrino,Terreno,Solar Norte,178242,0,0.0,0,437,0,0,0.0,0,0,3,6,2003,0,95330,-28.94174765415057,-51.59137825578263
Vila Flores,Serra Gaúcha,Bairro Alto,Casa,—,743161,4,2.5,281,601,281,0,2.0,0,3,4,7,2013,0,95341,-28.905465008510575,-51.55534172733312
Nova Prata,Serra Gaúcha,Centro,Apartamento,—,358603,2,1.0,96,96,96,0,3.0,0,0,2,8,2013,2021,95326,-28.741535262522632,-51.646189230905144
Vila Flores,Serra Gaúcha,Centro,Terreno,Florescer Parque Residencial,298000,0,0.0,0,420,0,0,0.0,0,2,3,6,2023,0,95335,-28.861669544150068,-51.593262715226736
Gramado,Serra Gaúcha,Várzea Grande,Apartamento,—,1342905,2,1.0,64,64,64,0,3.0,0,4,3,6,1985,2016,95677,-29.36118240383367,-50.90661623135186
Porto Alegre,Capital,Menino Deus,Terreno,—,760308,0,0.0,0,465,0,0,0.0,0,1,3,5,1993,0,90016,-29.986294378071932,-51.212440477085956
Porto Alegre,Capital,Petrópolis,Apartamento,—,478016,1,2.0,67,67,67,0,3.0,0,2,2,10,2009,2018,90017,-30.07820100489079,-51.239986043471916
Canela,Serra Gaúcha,Jardim,Condomínio Residencial,—,5316667,3,3.5,286,882,286,0,2.0,0,2,4,9,2016,2002,95683,-29.405233254515917,-50.859936811402356
Porto Alegre,Capital,Cidade Baixa,Comercial,—,300257,0,2.0,46,47,46,0,2.0,0,0,3,5,2010,0,90016,-30.019346782852423,-51.25076103350137
Porto Alegre,Capital,Petrópolis,Terreno,—,1168548,0,0.0,0,592,0,0,0.0,0,0,2,6,2011,0,90018,-30.04290648916171,-51.24223992701534
Porto Alegre,Capital,Cidade Baixa,Terreno,—,1231618,0,0.0,0,746,0,0,0.0,0,3,3,5,2007,0,90011,-30.03150416925943,-51.26263134591132
Gramado,Serra Gaúcha,Canavial,Terreno,—,4687488,0,0.0,0,1138,0,0,0.0,0,3,2,6,2012,0,95674,-29.408659472049624,-50.87215622413356
Caxias do Sul,Serra Gaúcha,Marechal Floriano,Casa,—,2154478,2,2.0,262,843,262,0,1.0,0,3,5,10,1985,2009,95019,-29.166843248223834,-51.226006046771076
Vila Flores,Serra Gaúcha,Centro,Casa,—,588788,3,1.0,248,354,248,0,1.0,0,2,4,6,1991,2000,95343,-28.83209575804527,-51.606848599147035
Gramado,Serra Gaúcha,Três Pinheiros,Condomínio Residencial,—,7630437,3,2.0,297,858,297,0,3.0,0,4,5,10,1981,0,95676,-29.425512220485746,-50.8577985043551
Bento Gonçalves,Serra Gaúcha,São Roque,Casa,—,1924377,4,2.5,285,586,224,61,1.0,0,2,3,10,1993,0,95707,-29.15954828231857,-51.48252844832998
Gramado,Serra Gaúcha,Canavial,Apartamento,—,1161938,1,1.0,56,56,56,0,2.0,0,0,5,6,2012,0,95676,-29.354109839785185,-50.89061980808624
Caxias do Sul,Serra Gaúcha,Sanvitto,Condomínio Residencial,—,2408250,4,2.5,232,522,232,0,1.0,0,2,3,12,1979,0,95013,-29.18390731551563,-51.14599929946988
Caxias do Sul,Serra Gaúcha,Sanvitto,Casa,—,1813304,3,3.0,213,485,170,43,1.0,0,1,2,7,2008,2011,95010,-29.187420047819295,-51.21368636951411
Nova Prata,Serra Gaúcha,Frizon,Terreno,Lot. Frizon / Chiomento,130944,0,0.0,0,368,0,0,0.0,0,3,3,3,1997,0,95327,-28.816064418572,-51.589259712879176
Caxias do Sul,Serra Gaúcha,Desvio Rizzo,Casa,—,1282671,3,3.0,152,426,152,0,2.0,0,2,5,9,2008,0,95015,-29.19847218361301,-51.1614359158381
Porto Alegre,Capital,Centro Histórico,Apartamento,—,1263015,1,1.0,178,178,178,0,10.0,0,0,2,10,2009,0,90011,-30.080607604864895,-51.256271988222316
Vila Flores,Serra Gaúcha,Linha Aimoré,Comercial,—,926187,0,2.0,393,499,393,0,2.0,0,0,4,8,2021,0,95337,-28.820338818326444,-51.60977087057842
Garibaldi,Serra Gaúcha,Santa Marta,Apartamento,—,547116,2,2.0,116,116,116,0,8.0,0,0,5,9,1983,2002,95726,-29.255652654846227,-51.56730102457014
Gramado,Serra Gaúcha,Mato Queimado,Terreno,—,3191594,0,0.0,0,754,0,0,0.0,0,2,2,4,2010,0,95674,-29.36872252441323,-50.83256186304335
Garibaldi,Serra Gaúcha,Santa Marta,Apartamento,—,801754,2,2.0,176,176,176,0,4.0,0,3,5,6,2016,0,95727,-29.20818221023752,-51.55818241776072
Gramado,Serra Gaúcha,Três Pinheiros,Apartamento,—,2199734,2,2.0,120,120,120,0,5.0,0,0,4,10,1970,0,95673,-29.35555335572002,-50.92288509121971
Caxias do Sul,Serra Gaúcha,Centro,Condomínio Residencial,—,3413710,3,3.5,339,722,339,0,2.0,0,1,3,9,1988,0,95012,-29.152005585777534,-51.163820615089996
Veranópolis,Serra Gaúcha,São Pelegrino,Condomínio Residencial,—,894902,4,2.0,233,820,233,0,2.0,0,2,4,10,2006,0,95335,-28.966060739827682,-51.57181782034351
Nova Prata,Serra Gaúcha,Sagrada Família,Terreno,Sagrada Família / Centro,334474,0,0.0,0,353,0,0,0.0,0,0,3,4,1999,0,95320,-28.799375704154144,-51.59752187273681
Farroupilha,Serra Gaúcha,Centro,Casa,—,602197,2,2.0,108,425,108,0,1.0,1,3,4,9,1975,0,95180,-29.256797848445853,-51.30113161526406
Porto Alegre,Capital,Cidade Baixa,Apartamento,—,1394268,2,2.0,172,172,172,0,5.0,0,4,3,9,2020,2011,90011,-30.02741437732129,-51.26128298294177
Gramado,Serra Gaúcha,Morada da Serra,Condomínio Residencial,—,3400851,3,3.5,131,609,131,0,2.0,0,3,5,11,1975,2020,95675,-29.34160127845983,-50.858194844371205
Caxias do Sul,Serra Gaúcha,Desvio Rizzo,Casa,—,924869,4,3.0,125,547,125,0,1.0,0,4,4,9,2011,0,95013,-29.13781424550918,-51.211406420842266
Vila Flores,Serra Gaúcha,Centro,Terreno,Clube Residencial Paraíso,208816,0,0.0,0,990,0,0,0.0,0,1,2,5,2003,0,95342,-28.88831822117895,-51.59193361130003
Caxias do Sul,Serra Gaúcha,Marechal Floriano,Casa,—,1638511,2,3.0,190,570,158,32,1.0,0,2,4,9,2013,0,95016,-29.175012683876638,-51.14470823272857
Nova Prata,Serra Gaúcha,Clivatti,Condomínio Residencial,—,807984,4,2.5,187,304,187,0,2.0,0,4,4,11,1984,2008,95328,-28.752728490067504,-51.638830916883315
Gramado,Serra Gaúcha,Três Pinheiros,Apartamento,—,2474291,2,2.0,121,121,121,0,4.0,0,1,5,7,1998,0,95673,-29.35522943115178,-50.83745971132763
Caxias do Sul,Serra Gaúcha,Centro,Comercial,—,2346756,0,2.0,383,385,383,0,1.0,0,2,2,8,1991,0,95016,-29.21620575610333,-51.13059773686232
Nova Prata,Serra Gaúcha,Santa Cruz,Condomínio Residencial,—,1278180,4,3.5,285,817,285,0,3.0,0,1,5,11,2008,0,95327,-28.75627390418233,-51.58702475042881
Vila Flores,Serra Gaúcha,Bairro Alto,Terreno,Residencial Horizontes,223192,0,0.0,0,590,0,0,0.0,0,2,3,3,1996,0,95339,-28.82590363120689,-51.59364638081503
Nova Prata,Serra Gaúcha,Centro,Condomínio Residencial,—,820227,2,2.5,189,522,189,0,1.0,0,3,5,8,1982,0,95329,-28.761668421914695,-51.62541541190132
Garibaldi,Serra Gaúcha,Bela Vista,Comercial,—,783133,0,1.0,182,257,182,0,1.0,0,0,5,6,2022,0,95724,-29.223199842890335,-51.49426596700535
Porto Alegre,Capital,Cidade Baixa,Comercial,—,636661,0,2.0,93,216,93,0,1.0,0,0,3,6,2014,0,90012,-30.059526202899104,-51.16788015092035
Garibaldi,Serra Gaúcha,Santa Marta,Casa,—,1078530,4,2.0,205,611,205,0,2.0,1,0,5,5,2003,0,95727,-29.251775951285982,-51.56236879828659
Nova Prata,Serra Gaúcha,Interior,Comercial,—,1083588,0,1.0,365,422,365,0,2.0,0,1,4,7,1998,0,95322,-28.74165570427618,-51.60012904235186
Caxias do Sul,Serra Gaúcha,Exposição,Casa,—,1200022,3,3.5,149,568,149,0,2.0,0,3,2,6,2009,0,95019,-29.206854287245722,-51.17847279248133
Farroupilha,Serra Gaúcha,São Caetano,Comercial,—,767942,0,2.0,155,158,155,0,1.0,0,0,5,9,1983,0,95185,-29.185163543099023,-51.34563167068797
Vila Flores,Serra Gaúcha,Centro,Terreno,Urbano avulso,137473,0,0.0,0,329,0,0,0.0,0,1,2,6,2017,0,95335,-28.816701584580333,-51.62826287561628
Porto Alegre,Capital,Centro Histórico,Condomínio Residencial,—,1228844,4,2.5,134,528,134,0,1.0,0,0,5,12,1977,2013,90018,-30.058215923780327,-51.22219757181004
Vila Flores,Serra Gaúcha,Linha Aimoré,Casa,—,502274,4,3.5,209,402,209,0,1.0,0,1,5,5,2019,0,95340,-28.853101652630954,-51.593229419454005
Porto Alegre,Capital,Chácara das Pedras,Casa,—,587612,3,3.0,72,307,72,0,1.0,0,4,3,10,1991,2018,90019,-30.035057446383377,-51.18221869508689
Porto Alegre,Capital,Boa Vista,Condomínio Residencial,—,3023193,4,2.5,322,657,265,57,3.0,0,3,3,12,2023,0,90016,-29.990882313431346,-51.21382788957101
Garibaldi,Serra Gaúcha,Progresso,Casa,—,1088624,2,2.5,230,718,230,0,1.0,0,0,4,8,1978,0,95729,-29.238459373256326,-51.52609027363313
Canela,Serra Gaúcha,Industrial,Condomínio Residencial,—,5659301,3,3.5,315,687,315,0,3.0,0,2,3,11,2003,0,95686,-29.351638678778414,-50.86195642723723
Vila Flores,Serra Gaúcha,Linha Aimoré,Apartamento,—,327763,3,1.0,143,143,143,0,4.0,0,3,4,6,2015,2020,95339,-28.870354660641198,-51.56074298664214
Bento Gonçalves,Serra Gaúcha,Charqueadas,Comercial,—,2292644,0,2.0,375,544,375,0,1.0,0,2,5,6,1971,0,95700,-29.128309507634228,-51.5243455087315
Canela,Serra Gaúcha,Industrial,Casa,—,2955113,2,1.5,199,444,199,0,2.0,0,2,3,9,1977,0,95680,-29.388366819784164,-50.856623672206936
Nova Prata,Serra Gaúcha,Clivatti,Comercial,—,124564,0,1.0,40,180,40,0,1.0,0,0,4,8,2003,0,95322,-28.824111456779598,-51.64446474103092
Gramado,Serra Gaúcha,Várzea Grande,Apartamento,—,2101927,2,1.0,113,113,113,0,4.0,0,1,3,6,2006,0,95670,-29.40454032546414,-50.91620754948951
Vila Flores,Serra Gaúcha,Linha Aimoré,Apartamento,—,373684,1,1.0,161,161,161,0,4.0,0,1,4,8,1976,2023,95335,-28.86067800068311,-51.63638637324435
Farroupilha,Serra Gaúcha,Pio X,Casa,—,1454443,4,3.0,260,548,198,62,2.0,0,0,2,8,1996,0,95180,-29.23526415973452,-51.338103942098705
Porto Alegre,Capital,Chácara das Pedras,Apartamento,—,477939,1,1.0,60,60,60,0,5.0,0,4,3,10,1999,0,90012,-30.0559551082114,-51.175826284660154
Garibaldi,Serra Gaúcha,Santa Marta,Condomínio Residencial,—,1330739,3,3.0,199,756,199,0,2.0,1,2,3,12,2012,2013,95729,-29.212865444134422,-51.50275343999035
Vila Flores,Serra Gaúcha,Centro,Condomínio Residencial,—,537720,2,3.5,165,721,165,0,2.0,0,1,5,12,2019,0,95336,-28.834632162923423,-51.64762937670972
Farroupilha,Serra Gaúcha,Centro,Apartamento,—,598555,3,2.0,120,120,120,0,7.0,0,0,3,6,1991,0,95187,-29.217708873876134,-51.37998480874587
Caxias do Sul,Serra Gaúcha,Centro,Apartamento,—,576806,1,1.0,72,72,72,0,8.0,0,3,4,10,2007,0,95013,-29.149193437035372,-51.198341176213106
Farroupilha,Serra Gaúcha,Desvio Rizzo,Terreno,—,653096,0,0.0,0,598,0,0,0.0,0,0,2,3,2000,0,95180,-29.26739867298372,-51.312963852206295
Veranópolis,Serra Gaúcha,Medianeira,Apartamento,—,406403,2,2.0,143,143,143,0,12.0,0,0,4,8,1996,0,95339,-28.93294369397882,-51.53989156472042
Caxias do Sul,Serra Gaúcha,Sagrada Família,Terreno,—,1041041,0,0.0,0,566,0,0,0.0,0,3,1,6,1994,0,95013,-29.17222860744808,-51.17411140452277
Vila Flores,Serra Gaúcha,Bairro Alto,Terreno,Residencial Horizontes,169456,0,0.0,0,489,0,0,0.0,0,3,2,5,2014,0,95339,-28.90684326323726,-51.596105864997035
Gramado,Serra Gaúcha,Centro,Casa,—,3824802,2,1.5,176,654,176,0,2.0,0,0,4,5,1982,2013,95670,-29.424174966114354,-50.84987486516965
Bento Gonçalves,Serra Gaúcha,São Roque,Apartamento,—,698253,3,1.0,118,118,118,0,1.0,0,2,5,7,1975,2022,95702,-29.145321359063452,-51.53032965294993
Vila Flores,Serra Gaúcha,Linha Aimoré,Terreno,Linha Aimoré,199806,0,0.0,0,912,0,0,0.0,0,3,1,3,2008,0,95342,-28.877510579837224,-51.63694849963402
Nova Prata,Serra Gaúcha,Sagrada Família,Apartamento,—,598399,3,2.0,171,171,171,0,8.0,0,0,4,10,1998,0,95328,-28.740805033014208,-51.63240702070048
Veranópolis,Serra Gaúcha,Renovação,Casa,—,553248,4,1.5,195,610,195,0,3.0,0,0,4,6,2016,2021,95330,-28.96560293340577,-51.53752084666688
Veranópolis,Serra Gaúcha,Femaçã,Terreno,Femaçã médio,196001,0,0.0,0,418,0,0,0.0,0,1,1,3,2015,0,95336,-28.89032415435554,-51.58088877486395
Garibaldi,Serra Gaúcha,São João,Apartamento,—,579087,2,1.0,120,120,120,0,4.0,0,2,4,9,2011,0,95728,-29.28515700919304,-51.53701555436561
Veranópolis,Serra Gaúcha,Renovação,Comercial,—,583192,0,1.0,266,441,266,0,2.0,0,0,2,6,2005,2010,95339,-28.894458058620092,-51.59759682119878
Caxias do Sul,Serra Gaúcha,Exposição,Terreno,—,1386685,0,0.0,0,873,0,0,0.0,0,3,2,4,2005,0,95017,-29.11814657620743,-51.172735732306876
Nova Prata,Serra Gaúcha,São Cristóvão,Terreno,Lot. Colinas do Caravaggio,166799,0,0.0,0,408,0,0,0.0,0,2,3,3,1993,0,95323,-28.80451794316322,-51.57384508015777
Canela,Serra Gaúcha,Industrial,Terreno,—,3062586,0,0.0,0,1116,0,0,0.0,0,3,1,4,1998,0,95688,-29.3850490963911,-50.76646759131152
Farroupilha,Serra Gaúcha,São Caetano,Casa,—,1214564,2,1.0,225,552,151,74,2.0,0,2,4,7,1997,0,95188,-29.264156498107265,-51.373544708781914
Canela,Serra Gaúcha,Fontes do Ipê,Condomínio Residencial,—,4387215,4,2.5,252,732,252,0,1.0,0,2,5,8,2002,0,95683,-29.409253848091065,-50.853413796988875
Farroupilha,Serra Gaúcha,São Caetano,Apartamento,—,405891,3,1.0,69,69,69,0,7.0,0,1,3,6,2015,0,95189,-29.259759585328514,-51.39160974065012
Veranópolis,Serra Gaúcha,Medianeira,Casa,—,898982,4,1.0,291,580,291,0,2.0,0,2,3,6,2013,2002,95334,-28.98619372436849,-51.596019288987044
Porto Alegre,Capital,Petrópolis,Casa,—,1169247,4,1.5,150,682,101,49,3.0,0,3,2,9,2007,0,90013,-30.035630907260796,-51.1778693108403
Garibaldi,Serra Gaúcha,Bela Vista,Casa,—,908150,3,1.0,185,661,185,0,1.0,0,0,5,6,1984,2006,95729,-29.2936414706186,-51.56052679790201
Veranópolis,Serra Gaúcha,Medianeira,Condomínio Residencial,—,915571,4,2.5,229,482,229,0,3.0,0,4,3,10,1975,0,95331,-28.90133764642011,-51.60697492209011
Porto Alegre,Capital,Boa Vista,Terreno,—,1138449,0,0.0,0,765,0,0,0.0,0,3,1,3,2007,0,90013,-30.018506047113924,-51.16951798771792
Porto Alegre,Capital,Menino Deus,Apartamento,—,618783,1,2.0,83,83,83,0,3.0,0,0,2,7,2014,2000,90013,-30.081662617398262,-51.260189178785936
Canela,Serra Gaúcha,Fontes do Ipê,Condomínio Residencial,—,4529168,2,2.5,266,602,257,9,1.0,0,4,5,8,1996,0,95687,-29.36085001513219,-50.8586969358568
Bento Gonçalves,Serra Gaúcha,São Roque,Apartamento,—,873771,2,1.0,150,150,150,0,3.0,0,2,3,10,1991,0,95705,-29.135537716923064,-51.49456096653213
Bento Gonçalves,Serra Gaúcha,Planalto,Condomínio Residencial,—,2907800,3,2.5,329,430,329,0,2.0,0,0,4,11,2021,0,95701,-29.157371315187515,-51.513253493322274
Veranópolis,Serra Gaúcha,Centro,Apartamento,—,407222,3,1.0,135,135,135,0,1.0,0,2,5,10,1976,0,95339,-28.95642136962038,-51.54305578386733
Gramado,Serra Gaúcha,Canavial,Condomínio Residencial,—,6361540,4,2.5,231,680,231,0,1.0,0,2,3,10,2013,0,95679,-29.336076135188783,-50.884429589691756
Gramado,Serra Gaúcha,Mato Queimado,Terreno,—,3300335,0,0.0,0,690,0,0,0.0,0,1,2,6,2008,0,95674,-29.415724516710796,-50.913533614713145
Farroupilha,Serra Gaúcha,São Caetano,Condomínio Residencial,—,1505992,3,2.0,215,348,215,0,1.0,0,4,3,10,1976,0,95186,-29.197233812590756,-51.343962134551205
Nova Petrópolis,Serra Gaúcha,Vila Nova,Comercial,—,448737,0,1.0,120,147,120,0,1.0,0,1,3,5,1977,0,95154,-29.388682147615658,-51.08804404175138
Canela,Serra Gaúcha,Reserva da Serra,Casa,—,3362112,4,3.5,218,354,218,0,2.0,0,3,3,5,1989,0,95688,-29.398214201042975,-50.80598265732612
Canela,Serra Gaúcha,Reserva da Serra,Condomínio Residencial,—,4183539,3,2.0,252,576,252,0,1.0,0,1,3,10,1993,0,95684,-29.396336521486763,-50.86245509751911
Garibaldi,Serra Gaúcha,Santa Marta,Condomínio Residencial,—,2266070,3,3.5,349,700,349,0,2.0,0,3,5,11,1973,0,95728,-29.297420964977306,-51.52225107714819
Nova Prata,Serra Gaúcha,Clivatti,Casa,—,789374,4,3.0,221,509,171,50,3.0,0,0,2,9,2023,0,95326,-28.75813560360051,-51.57259143993098
Nova Prata,Serra Gaúcha,Frizon,Casa,—,918540,2,2.5,267,438,267,0,1.0,0,0,5,6,1982,0,95322,-28.8303232185921,-51.63286164324241
Porto Alegre,Capital,Centro Histórico,Terreno,—,1201291,0,0.0,0,636,0,0,0.0,0,1,1,3,2009,0,90015,-30.078326137388185,-51.20134343980012
Porto Alegre,Capital,Mont'Serrat,Condomínio Residencial,—,2233291,2,2.0,220,774,214,6,1.0,0,2,5,10,2012,0,90018,-29.98729064254169,-51.25571860914779
Gramado,Serra Gaúcha,Várzea Grande,Condomínio Residencial,—,4614343,3,2.5,191,315,191,0,1.0,0,4,4,9,2010,2009,95677,-29.3699014777757,-50.91502496816036
Canela,Serra Gaúcha,Reserva da Serra,Comercial,—,1949482,0,2.0,164,338,164,0,1.0,0,1,2,7,2009,2007,95682,-29.392495668010675,-50.843625710920925
Nova Prata,Serra Gaúcha,Centro,Casa,—,330882,3,1.5,99,505,99,0,2.0,0,1,3,7,1976,0,95320,-28.753913595588127,-51.65253331476167
Canela,Serra Gaúcha,Reserva da Serra,Terreno,—,2421728,0,0.0,0,766,0,0,0.0,0,3,3,3,2023,0,95686,-29.389108043667605,-50.85051137969661
Nova Prata,Serra Gaúcha,Frizon,Apartamento,—,165206,3,2.0,49,49,49,0,4.0,0,3,3,7,2001,0,95322,-28.75206808557108,-51.6279069368205
Bento Gonçalves,Serra Gaúcha,São Roque,Comercial,—,651228,0,2.0,136,200,136,0,3.0,0,2,2,7,2023,0,95703,-29.186552379613254,-51.500246372170565
Nova Prata,Serra Gaúcha,Centro,Casa,—,808070,2,3.5,234,412,234,0,1.0,0,3,2,9,1984,0,95322,-28.814541252316847,-51.57597375981645
Veranópolis,Serra Gaúcha,Interior,Condomínio Residencial,—,686310,4,2.0,188,492,188,0,2.0,1,2,3,10,2002,0,95336,-28.963880131514742,-51.50942463234059
Farroupilha,Serra Gaúcha,Pio X,Comercial,—,815861,0,2.0,158,203,158,0,2.0,0,1,2,5,2021,0,95187,-29.26473505592024,-51.310173895502054
Garibaldi,Serra Gaúcha,Centro,Apartamento,—,670061,3,1.0,132,132,132,0,3.0,0,3,2,9,1990,2002,95724,-29.279417830874355,-51.56257928619524
Caxias do Sul,Serra Gaúcha,Exposição,Casa,—,782298,3,1.5,105,272,105,0,2.0,0,4,5,7,1977,2007,95010,-29.125913775467687,-51.157713125560036
Bento Gonçalves,Serra Gaúcha,São Roque,Apartamento,—,366583,2,1.0,60,60,60,0,8.0,0,0,4,6,1995,0,95702,-29.166022211358097,-51.504410658856784
Vila Flores,Serra Gaúcha,Centro,Terreno,Urbano avulso,158294,0,0.0,0,351,0,0,0.0,0,0,2,3,2008,0,95338,-28.908783433730356,-51.63301697765565
Nova Petrópolis,Serra Gaúcha,Pinhal Alto,Terreno,—,951673,0,0.0,0,1007,0,0,0.0,0,2,3,5,1994,0,95150,-29.368093638620827,-51.13593693191844
Nova Petrópolis,Serra Gaúcha,Pinhal Alto,Apartamento,—,467636,1,2.0,104,104,104,0,3.0,0,2,4,10,1975,0,95153,-29.38234976561818,-51.12718553999462
Garibaldi,Serra Gaúcha,São João,Apartamento,—,493794,3,1.0,104,104,104,0,3.0,0,1,2,10,1974,2000,95724,-29.282857943193353,-51.498306523052165
Veranópolis,Serra Gaúcha,Femaçã,Terreno,Cond. Jardim Europa,777125,0,0.0,0,1308,0,0,0.0,0,0,3,4,2005,0,95333,-28.911587945949417,-51.59940586957971
Gramado,Serra Gaúcha,Mato Queimado,Casa,—,2983637,3,2.5,152,573,152,0,2.0,0,2,4,8,1985,0,95679,-29.4011488880566,-50.88100847328379
Garibaldi,Serra Gaúcha,Bela Vista,Casa,—,1091236,4,1.5,208,801,208,0,1.0,0,4,5,7,1993,0,95725,-29.242072031849464,-51.50785815862639
Gramado,Serra Gaúcha,Canavial,Apartamento,—,2948983,2,1.0,154,154,154,0,5.0,0,4,5,9,1995,0,95677,-29.42430367506599,-50.89087875064349
Nova Prata,Serra Gaúcha,Centro,Apartamento,—,630793,3,1.0,171,171,171,0,5.0,0,1,4,9,1974,2004,95328,-28.801861954932804,-51.57026031058478
Nova Prata,Serra Gaúcha,Interior,Terreno,Condomínio fechado interior,348436,0,0.0,0,1529,0,0,0.0,0,2,1,5,2001,0,95329,-28.81744403698459,-51.63639404124441
Gramado,Serra Gaúcha,Três Pinheiros,Terreno,—,3678212,0,0.0,0,949,0,0,0.0,0,1,3,5,2001,0,95670,-29.388472354366957,-50.86780217379344
Porto Alegre,Capital,Bela Vista,Casa,—,2132136,3,1.0,257,754,257,0,1.0,0,0,3,9,2007,0,90017,-30.00251043082216,-51.24875574004834
Gramado,Serra Gaúcha,Várzea Grande,Casa,—,2383945,3,3.5,120,310,120,0,1.0,0,1,3,6,1975,0,95675,-29.367817544953404,-50.89647452646207
Canela,Serra Gaúcha,Centro,Terreno,—,2018239,0,0.0,0,758,0,0,0.0,0,0,3,3,2008,0,95686,-29.37426032656942,-50.86232690992868
Nova Prata,Serra Gaúcha,Centro,Casa,—,1133335,2,2.0,292,788,292,0,1.0,0,2,4,8,2015,0,95322,-28.777294710132473,-51.612328181667884
Gramado,Serra Gaúcha,Morada da Serra,Condomínio Residencial,—,4010035,2,2.5,171,512,129,42,2.0,0,2,5,11,2016,0,95674,-29.404343396119057,-50.92184481823532
Gramado,Serra Gaúcha,Morada da Serra,Comercial,—,567214,0,2.0,31,67,31,0,1.0,0,0,3,6,1996,0,95678,-29.422202198686804,-50.885772641706964
Gramado,Serra Gaúcha,Canavial,Condomínio Residencial,—,3719553,2,2.0,154,724,154,0,2.0,0,2,5,9,2015,0,95675,-29.361879674464866,-50.84980969809605
Caxias do Sul,Serra Gaúcha,Sagrada Família,Casa,—,2296705,4,2.0,280,515,280,0,2.0,0,3,3,8,1992,0,95014,-29.120466126772985,-51.18107167239953
Gramado,Serra Gaúcha,Morada da Serra,Casa,—,3687650,2,2.5,189,588,189,0,2.0,0,2,5,6,2017,0,95679,-29.36244202904727,-50.84146569830101
Bento Gonçalves,Serra Gaúcha,Charqueadas,Condomínio Residencial,—,1826840,3,3.0,205,709,153,52,3.0,0,1,4,8,1978,0,95705,-29.157223325089156,-51.52575995360064
Veranópolis,Serra Gaúcha,Renovação,Casa,—,335295,3,2.0,121,693,121,0,3.0,0,0,2,5,1987,0,95338,-28.97968676714674,-51.562916861968496
Gramado,Serra Gaúcha,Centro,Apartamento,—,3709076,3,2.0,176,176,176,0,3.0,0,2,5,7,2002,0,95676,-29.36716529000743,-50.910933629122056
Gramado,Serra Gaúcha,Várzea Grande,Apartamento,—,2498864,1,2.0,135,135,135,0,8.0,0,1,5,6,2006,0,95674,-29.401279263654345,-50.829648111386085
Porto Alegre,Capital,Mont'Serrat,Apartamento,—,765046,1,2.0,106,106,106,0,5.0,0,4,4,6,2005,0,90012,-30.004305220807453,-51.25631123395916
Porto Alegre,Capital,Chácara das Pedras,Apartamento,—,626958,1,1.0,88,88,88,0,5.0,0,4,3,6,2015,0,90017,-30.059740775093644,-51.22584464328184
Nova Prata,Serra Gaúcha,Clivatti,Apartamento,—,482311,2,2.0,129,129,129,0,7.0,0,4,3,6,2004,0,95324,-28.823124907951772,-51.650860098111764
Caxias do Sul,Serra Gaúcha,Sagrada Família,Condomínio Residencial,—,2215546,3,3.0,237,830,194,43,1.0,0,1,5,9,2008,2021,95011,-29.14569456312335,-51.14462844459047
Porto Alegre,Capital,Três Figueiras,Casa,—,1298896,3,3.0,188,745,188,0,2.0,0,0,2,8,2014,2017,90011,-29.998539281314706,-51.205364885361135
Caxias do Sul,Serra Gaúcha,Exposição,Casa,—,1089786,3,3.5,123,294,103,20,2.0,0,1,5,8,1980,0,95011,-29.187020799238443,-51.197250699694614
Porto Alegre,Capital,Cidade Baixa,Terreno,—,632052,0,0.0,0,412,0,0,0.0,0,3,3,4,2007,0,90018,-30.038064097376775,-51.17809331867347
Caxias do Sul,Serra Gaúcha,Exposição,Casa,—,1009128,4,2.5,128,499,128,0,2.0,0,3,2,8,1987,2017,95017,-29.212263191566645,-51.16193147562355
Caxias do Sul,Serra Gaúcha,Exposição,Terreno,—,575460,0,0.0,0,378,0,0,0.0,0,2,1,6,1993,0,95019,-29.20815900656341,-51.21691126548893
Bento Gonçalves,Serra Gaúcha,Charqueadas,Apartamento,—,718639,2,2.0,116,116,116,0,5.0,0,2,4,8,1990,0,95704,-29.219904418441537,-51.560066337666996
Nova Petrópolis,Serra Gaúcha,Recanto Suíço,Casa,—,925509,3,3.0,204,793,204,0,2.0,0,1,3,9,1982,0,95157,-29.34534554537901,-51.16104440011242
Farroupilha,Serra Gaúcha,Desvio Rizzo,Terreno,—,840752,0,0.0,0,816,0,0,0.0,0,2,3,4,1990,0,95186,-29.198079808187835,-51.32529797653038
Nova Petrópolis,Serra Gaúcha,Vila Nova,Comercial,—,827006,0,2.0,236,239,236,0,1.0,0,1,3,7,2021,0,95155,-29.365379964303223,-51.12205389010285
Nova Petrópolis,Serra Gaúcha,Pinhal Alto,Casa,—,1052584,3,3.5,221,301,221,0,1.0,0,1,5,9,1981,0,95151,-29.363851630516226,-51.13013279074846
Nova Prata,Serra Gaúcha,Santa Cruz,Comercial,—,998045,0,1.0,321,412,321,0,1.0,0,2,4,7,1982,0,95323,-28.80734788903677,-51.61921878453901
Farroupilha,Serra Gaúcha,Pio X,Terreno,—,403280,0,0.0,0,356,0,0,0.0,0,1,1,6,2001,0,95185,-29.19461076126044,-51.302847332008895
Porto Alegre,Capital,Chácara das Pedras,Apartamento,—,809452,3,1.0,110,110,110,0,5.0,0,2,3,9,2018,0,90014,-30.00055565788722,-51.184896135815094
Canela,Serra Gaúcha,São José,Comercial,—,4605285,0,2.0,340,382,340,0,1.0,0,1,5,6,2016,0,95689,-29.396932324796285,-50.783298360790845
Garibaldi,Serra Gaúcha,Santa Marta,Casa,—,822518,3,2.0,153,660,153,0,1.0,0,2,3,5,1974,0,95721,-29.235745998831472,-51.53293918316335
Gramado,Serra Gaúcha,Várzea Grande,Casa,—,2905858,4,2.5,135,565,135,0,2.0,0,4,3,9,1999,0,95679,-29.33171961813533,-50.855616167695686
Vila Flores,Serra Gaúcha,Centro,Apartamento,—,216981,2,1.0,86,86,86,0,8.0,0,1,2,8,2008,2010,95343,-28.890355292003925,-51.61911313373808
Vila Flores,Serra Gaúcha,Centro,Terreno,Clube Residencial Paraíso,267295,0,0.0,0,1183,0,0,0.0,0,3,2,6,1991,0,95341,-28.896097181031998,-51.585176794809925
Bento Gonçalves,Serra Gaúcha,São Bento,Apartamento,—,1255489,1,2.0,179,179,179,0,6.0,0,0,2,7,2001,2007,95701,-29.17221356164958,-51.54612334202089
Veranópolis,Serra Gaúcha,Renovação,Terreno,Renovação,415937,0,0.0,0,474,0,0,0.0,0,3,1,5,2018,0,95333,-28.985119111957268,-51.52702287714817
Canela,Serra Gaúcha,Centro,Apartamento,—,1847942,2,2.0,130,130,130,0,3.0,0,0,5,7,2023,0,95685,-29.310487274236138,-50.85217891541398
Caxias do Sul,Serra Gaúcha,São Pelegrino,Apartamento,—,1259794,3,1.0,156,156,156,0,1.0,0,1,2,7,2019,0,95017,-29.174940246644436,-51.22574578009204
Porto Alegre,Capital,Boa Vista,Apartamento,—,1215768,1,2.0,151,151,151,0,2.0,0,0,5,9,1971,2017,90012,-30.075119306748974,-51.25844419564573
Caxias do Sul,Serra Gaúcha,Sagrada Família,Terreno,—,2063871,0,0.0,0,1057,0,0,0.0,0,3,2,4,2018,0,95017,-29.13398239852379,-51.13520365114115
Gramado,Serra Gaúcha,Centro,Casa,—,2605116,4,3.5,136,657,76,60,2.0,0,4,5,10,1976,0,95675,-29.365898815542362,-50.84098689002381
Vila Flores,Serra Gaúcha,Centro,Terreno,Florescer Parque Residencial,258000,0,0.0,0,420,0,0,0.0,0,1,3,6,2018,0,95335,-28.855686162260437,-51.60392354541117
Veranópolis,Serra Gaúcha,Renovação,Terreno,Renovação,369436,0,0.0,0,474,0,0,0.0,0,2,3,5,1997,0,95335,-28.951828236977455,-51.54382588629204
Nova Prata,Serra Gaúcha,Interior,Terreno,Condomínio fechado interior,438599,0,0.0,0,2159,0,0,0.0,0,3,3,5,2014,0,95327,-28.800887725143035,-51.61241083493802
Veranópolis,Serra Gaúcha,Femaçã,Terreno,Femaçã médio,205000,0,0.0,0,383,0,0,0.0,0,2,3,5,2008,0,95334,-28.919536188163022,-51.6033158353971
Bento Gonçalves,Serra Gaúcha,Fátima,Casa,—,869917,3,3.0,140,494,140,0,1.0,0,1,2,9,1978,0,95705,-29.13054610915792,-51.484358146812205
Bento Gonçalves,Serra Gaúcha,Fátima,Condomínio Residencial,—,1235268,4,2.5,144,497,144,0,2.0,0,2,4,8,2021,0,95702,-29.19620686876492,-51.51930076163096
Porto Alegre,Capital,Petrópolis,Apartamento,—,1107242,2,2.0,135,135,135,0,10.0,0,1,4,6,1996,2001,90012,-30.07466034464373,-51.196283060976675
Vila Flores,Serra Gaúcha,Linha Aimoré,Condomínio Residencial,—,828207,2,3.0,287,832,287,0,2.0,0,1,5,10,1988,0,95338,-28.834366962459626,-51.650840277184585
Gramado,Serra Gaúcha,Várzea Grande,Condomínio Residencial,—,7434141,4,3.0,296,756,254,42,2.0,0,2,4,8,2023,0,95675,-29.386723393728545,-50.919417424529854
Caxias do Sul,Serra Gaúcha,Centro,Terreno,—,1909990,0,0.0,0,1032,0,0,0.0,0,1,1,5,1997,0,95011,-29.15032028602131,-51.180099935221705
Nova Prata,Serra Gaúcha,São Cristóvão,Casa,—,455296,3,3.0,140,372,140,0,3.0,0,1,3,10,2022,0,95321,-28.782137826180595,-51.636762363017155
Caxias do Sul,Serra Gaúcha,Sagrada Família,Terreno,—,1271828,0,0.0,0,825,0,0,0.0,0,1,3,3,1996,0,95018,-29.167898051450095,-51.2168213644646
Porto Alegre,Capital,Partenon,Casa,—,1799218,3,1.0,254,431,234,20,2.0,0,0,2,5,1978,0,90018,-30.034360168412846,-51.2187936491447
Nova Prata,Serra Gaúcha,Clivatti,Apartamento,—,522404,3,2.0,138,138,138,0,7.0,0,1,3,6,1994,0,95321,-28.81437162845251,-51.565311025016555
Caxias do Sul,Serra Gaúcha,Sanvitto,Apartamento,—,438030,2,1.0,59,59,59,0,1.0,0,4,4,8,1993,0,95019,-29.165343755964773,-51.22504764179329
Vila Flores,Serra Gaúcha,Centro,Terreno,Florescer Parque Residencial,220000,0,0.0,0,418,0,0,0.0,0,0,3,6,2021,0,95335,-28.864234053344127,-51.611817361894126
Bento Gonçalves,Serra Gaúcha,Centro,Comercial,—,1467300,0,2.0,290,324,290,0,1.0,0,2,5,9,1970,0,95709,-29.20175165641583,-51.509290668854476
Canela,Serra Gaúcha,Industrial,Casa,—,3491157,4,1.0,265,526,265,0,2.0,0,0,4,5,1972,0,95685,-29.396139721421374,-50.80761380264648
Canela,Serra Gaúcha,Centro,Casa,—,3708400,4,1.0,267,696,205,62,1.0,0,1,2,6,2001,0,95680,-29.347434481799663,-50.85581995282263
Nova Prata,Serra Gaúcha,Centro,Casa,—,398913,4,2.0,123,623,87,36,1.0,0,2,4,10,1984,2010,95321,-28.77238004898878,-51.58372606175473
Veranópolis,Serra Gaúcha,Renovação,Casa,—,379986,2,1.0,116,625,116,0,2.0,0,2,2,10,2001,0,95335,-28.915699457780995,-51.526574438546476
Gramado,Serra Gaúcha,Várzea Grande,Comercial,—,5496625,0,1.0,305,394,305,0,2.0,0,0,2,5,1998,0,95679,-29.423449968500872,-50.864469103007245
Vila Flores,Serra Gaúcha,Centro,Apartamento,—,391796,3,2.0,145,145,145,0,8.0,0,2,4,8,2021,0,95342,-28.836130367839957,-51.59044611226755
Porto Alegre,Capital,Chácara das Pedras,Apartamento,—,499509,1,1.0,61,61,61,0,4.0,0,0,2,8,1976,2018,90016,-29.989513798746493,-51.17430006958785
Bento Gonçalves,Serra Gaúcha,Planalto,Casa,—,756512,2,1.0,119,230,119,0,1.0,0,1,5,8,1997,2005,95701,-29.155654874076518,-51.55766247481316
Vila Flores,Serra Gaúcha,Centro,Terreno,Florescer Parque Residencial,320000,0,0.0,0,475,0,0,0.0,0,2,3,6,2018,0,95335,-28.86189068154319,-51.61217429034666
Vila Flores,Serra Gaúcha,Bairro Alto,Casa,—,625156,3,2.0,251,840,251,0,3.0,0,4,2,9,2006,2002,95342,-28.8309048611475,-51.56787168429493
Nova Petrópolis,Serra Gaúcha,Linha Imperial,Apartamento,—,420832,2,1.0,101,101,101,0,12.0,0,4,3,6,2009,2021,95156,-29.346392087165704,-51.13625761366168
Porto Alegre,Capital,Menino Deus,Apartamento,—,1283246,2,2.0,167,167,167,0,4.0,0,3,3,7,2014,0,90011,-30.08188565369272,-51.19778271423109
Porto Alegre,Capital,Boa Vista,Condomínio Residencial,—,1127601,4,3.5,123,426,116,7,2.0,0,0,3,9,1984,0,90011,-30.007807368948725,-51.22289187689476
Gramado,Serra Gaúcha,Canavial,Condomínio Residencial,—,3407476,2,2.0,143,320,143,0,1.0,1,3,5,10,2002,0,95679,-29.413896042175182,-50.905820954739085
Gramado,Serra Gaúcha,Mato Queimado,Condomínio Residencial,—,8663798,4,3.5,312,414,262,50,2.0,0,3,4,11,1985,2007,95675,-29.332462680510854,-50.916671394651196
Nova Prata,Serra Gaúcha,Centro,Terreno,Lot. Gênova,250370,0,0.0,0,375,0,0,0.0,0,0,1,4,1991,0,95329,-28.776895170569823,-51.583463146607706
Veranópolis,Serra Gaúcha,Medianeira,Casa,—,200194,2,2.5,71,173,71,0,2.0,0,1,2,5,1975,0,95336,-28.92880829060341,-51.51916467388258
Porto Alegre,Capital,Boa Vista,Apartamento,—,762683,2,2.0,94,94,94,0,4.0,0,3,5,8,2019,0,90015,-30.003358217235647,-51.25803681056333
Bento Gonçalves,Serra Gaúcha,Charqueadas,Condomínio Residencial,—,2500901,3,3.5,281,594,281,0,3.0,0,1,3,11,1973,0,95700,-29.12882596146854,-51.51200460694374
Canela,Serra Gaúcha,Reserva da Serra,Casa,—,2106177,3,1.0,144,664,85,59,2.0,0,4,4,7,2017,0,95681,-29.315820923587232,-50.858235309574134
Nova Petrópolis,Serra Gaúcha,Vila Nova,Casa,—,959130,4,1.0,208,652,180,28,1.0,0,1,3,5,2015,0,95158,-29.393042456567674,-51.10921741574689
Caxias do Sul,Serra Gaúcha,Desvio Rizzo,Apartamento,—,998585,3,2.0,138,138,138,0,8.0,0,2,3,8,2004,0,95012,-29.202118509767555,-51.17099319551068
Vila Flores,Serra Gaúcha,Linha Aimoré,Casa,—,410294,2,3.0,151,256,151,0,2.0,0,2,2,10,2005,0,95344,-28.908598951223833,-51.580547053419814
Veranópolis,Serra Gaúcha,Femaçã,Casa,—,693036,2,3.0,243,808,243,0,1.0,0,2,5,8,1980,0,95333,-28.930571838349472,-51.564772492625885
Gramado,Serra Gaúcha,Centro,Casa,—,1672267,2,1.0,85,535,85,0,2.0,0,4,3,6,1972,2001,95677,-29.397689725064634,-50.82787693025264
Caxias do Sul,Serra Gaúcha,Marechal Floriano,Terreno,—,784766,0,0.0,0,477,0,0,0.0,0,2,3,6,2007,0,95013,-29.211885967799418,-51.13360275586582
Veranópolis,Serra Gaúcha,Renovação,Terreno,Renovação,376000,0,0.0,0,458,0,0,0.0,0,1,2,6,2003,0,95337,-28.945241878533185,-51.60276211588347
Gramado,Serra Gaúcha,Três Pinheiros,Apartamento,—,1279142,1,2.0,70,70,70,0,4.0,0,4,2,10,2005,0,95678,-29.38599738786426,-50.88299236423621
Porto Alegre,Capital,Centro Histórico,Comercial,—,1474648,0,1.0,266,352,266,0,1.0,0,2,4,5,2003,2021,90017,-29.98681095171561,-51.22474701405853
Farroupilha,Serra Gaúcha,Desvio Rizzo,Condomínio Residencial,—,1880455,4,3.5,294,599,294,0,1.0,0,2,5,11,2014,0,95186,-29.17969244601038,-51.370452163327094
Porto Alegre,Capital,Bela Vista,Comercial,—,2424392,0,1.0,366,466,366,0,3.0,0,1,2,7,1973,0,90014,-30.021285572050793,-51.26728100233642
Garibaldi,Serra Gaúcha,Santa Marta,Terreno,—,502322,0,0.0,0,547,0,0,0.0,0,3,3,4,1996,0,95725,-29.22207889723416,-51.5334857216431
Canela,Serra Gaúcha,Jardim,Apartamento,—,813331,1,2.0,57,57,57,0,3.0,0,1,4,9,2009,0,95681,-29.387449441806883,-50.78108870814744
Bento Gonçalves,Serra Gaúcha,Fátima,Casa,—,718175,4,2.0,116,477,116,0,1.0,0,0,2,8,1987,0,95706,-29.179647050243155,-51.56806997939652
Veranópolis,Serra Gaúcha,Centro,Condomínio Residencial,—,872278,3,2.0,213,777,213,0,1.0,0,4,5,9,1994,2000,95335,-28.92834538126188,-51.56294911244715
Nova Prata,Serra Gaúcha,Centro,Casa,—,765941,2,2.5,227,382,227,0,2.0,0,1,5,8,1974,2001,95329,-28.779496357941145,-51.6152650889905
Porto Alegre,Capital,Partenon,Apartamento,—,960171,1,1.0,130,130,130,0,2.0,0,3,4,9,2020,2023,90017,-29.988671479594565,-51.18774951666382
Porto Alegre,Capital,Centro Histórico,Casa,—,1464597,2,1.0,184,359,184,0,2.0,0,3,3,7,2019,0,90010,-30.059863147686674,-51.173595401303174
Veranópolis,Serra Gaúcha,Centro,Casa,—,794982,3,1.0,288,745,288,0,1.0,0,3,4,5,2011,2018,95332,-28.96426457932098,-51.57387589840351
Gramado,Serra Gaúcha,Três Pinheiros,Condomínio Residencial,—,7026628,4,2.0,262,711,262,0,1.0,0,0,4,8,2004,2009,95671,-29.408237017394764,-50.894861218779795
Caxias do Sul,Serra Gaúcha,Santa Catarina,Apartamento,—,921808,3,1.0,111,111,111,0,7.0,0,0,4,8,2023,2009,95015,-29.16712012531344,-51.17659633524877
Farroupilha,Serra Gaúcha,Pio X,Comercial,—,867711,0,1.0,190,305,190,0,1.0,0,1,5,6,1978,0,95180,-29.273989120371656,-51.343113068390664
Bento Gonçalves,Serra Gaúcha,Fátima,Apartamento,—,394744,1,2.0,64,64,64,0,2.0,0,1,4,9,2020,0,95700,-29.19812314898561,-51.49041049260555
Nova Petrópolis,Serra Gaúcha,Recanto Suíço,Terreno,—,1273737,0,0.0,0,1183,0,0,0.0,0,3,3,6,2009,0,95150,-29.400265995481593,-51.107383232678984
Porto Alegre,Capital,Três Figueiras,Condomínio Residencial,—,1433268,3,2.5,141,530,141,0,3.0,0,3,4,8,1987,2020,90011,-30.062823942597593,-51.21687437609654
Garibaldi,Serra Gaúcha,São João,Condomínio Residencial,—,1903092,3,2.0,342,746,342,0,1.0,0,4,4,11,2005,0,95720,-29.23684980167746,-51.57146827920133
Canela,Serra Gaúcha,Centro,Casa,—,3365806,4,3.0,228,405,228,0,2.0,0,1,2,5,1998,0,95682,-29.328126145971762,-50.86259388951359
Nova Prata,Serra Gaúcha,Interior,Terreno,Roteiro das Águas,372938,0,0.0,0,2443,0,0,0.0,0,1,1,5,2006,0,95324,-28.76231100154799,-51.64027537328801
Nova Petrópolis,Serra Gaúcha,Centro,Terreno,—,377593,0,0.0,0,326,0,0,0.0,0,1,3,5,1996,0,95158,-29.36831376979883,-51.14776538046019
Vila Flores,Serra Gaúcha,Centro,Terreno,Florescer Parque Residencial,279000,0,0.0,0,507,0,0,0.0,0,1,3,6,2025,0,95335,-28.850882698467395,-51.59200376808048
Caxias do Sul,Serra Gaúcha,Centro,Condomínio Residencial,—,2753942,2,3.5,279,828,279,0,2.0,0,1,3,9,2012,2005,95018,-29.141066310573585,-51.143263619609854
Porto Alegre,Capital,Cidade Baixa,Apartamento,—,688447,3,1.0,92,92,92,0,3.0,0,2,4,10,2015,0,90018,-30.05716993865003,-51.253387234931985
Nova Prata,Serra Gaúcha,Interior,Terreno,Roteiro das Águas,311920,0,0.0,0,2416,0,0,0.0,0,1,2,6,2005,0,95328,-28.8056668878239,-51.63880798158439
Porto Alegre,Capital,Centro Histórico,Apartamento,—,1262942,3,1.0,170,170,170,0,7.0,0,2,5,10,1976,2004,90013,-30.0674883334395,-51.18987075613979
Porto Alegre,Capital,Cristal,Apartamento,—,731523,2,2.0,102,102,102,0,7.0,0,1,5,10,1982,2018,90018,-30.030814751979264,-51.20858159449261
Bento Gonçalves,Serra Gaúcha,São Roque,Casa,—,1445190,4,3.0,213,441,213,0,2.0,0,1,4,6,1994,0,95700,-29.17383950561999,-51.480762939405096
Veranópolis,Serra Gaúcha,Centro,Casa,—,563250,4,2.5,180,367,180,0,1.0,0,2,5,10,2021,0,95330,-28.9512281592242,-51.55798286959544
Caxias do Sul,Serra Gaúcha,Sagrada Família,Comercial,—,909836,0,2.0,124,215,124,0,2.0,0,2,2,9,1973,0,95013,-29.157650703653502,-51.215081972077314
Nova Petrópolis,Serra Gaúcha,Recanto Suíço,Condomínio Residencial,—,1892185,2,2.0,326,665,268,58,1.0,0,3,4,8,1971,0,95150,-29.329803132457652,-51.0860153294335
Canela,Serra Gaúcha,Industrial,Casa,—,4594640,2,2.0,295,605,295,0,1.0,0,3,3,7,1986,2003,95689,-29.329043938988182,-50.82858623751565
Caxias do Sul,Serra Gaúcha,Exposição,Terreno,—,1606546,0,0.0,0,781,0,0,0.0,0,3,3,4,2006,0,95010,-29.16057276524151,-51.13697015869856
Farroupilha,Serra Gaúcha,Cinquentenário,Comercial,—,1373147,0,1.0,315,373,315,0,1.0,0,0,5,6,1985,0,95185,-29.24988987652779,-51.36508519390199
Porto Alegre,Capital,Boa Vista,Condomínio Residencial,—,2299965,2,2.5,231,655,231,0,2.0,0,2,4,12,1976,2006,90019,-29.992155764603496,-51.22186343672107
Caxias do Sul,Serra Gaúcha,Centro,Apartamento,—,1270229,1,2.0,150,150,150,0,5.0,0,0,3,8,2001,2011,95014,-29.201269485246247,-51.21811184468196
Gramado,Serra Gaúcha,Mato Queimado,Terreno,—,3015422,0,0.0,0,690,0,0,0.0,0,2,2,4,2002,0,95679,-29.339934357832462,-50.88659927599595
Nova Prata,Serra Gaúcha,Interior,Comercial,—,134500,0,1.0,45,172,45,0,3.0,0,0,4,5,2012,0,95326,-28.74997276335979,-51.56719033799856
Caxias do Sul,Serra Gaúcha,São Pelegrino,Apartamento,—,972418,2,2.0,118,118,118,0,5.0,0,3,4,6,1991,0,95018,-29.165031875417323,-51.20871495916644
Gramado,Serra Gaúcha,Três Pinheiros,Apartamento,—,2268507,3,1.0,104,104,104,0,12.0,0,1,3,6,1973,0,95673,-29.358460312102256,-50.911181581611366
Caxias do Sul,Serra Gaúcha,Exposição,Apartamento,—,735900,3,1.0,100,100,100,0,4.0,0,3,5,9,1983,0,95010,-29.11837432784428,-51.198009118492784
Caxias do Sul,Serra Gaúcha,Desvio Rizzo,Apartamento,—,1407431,1,2.0,163,163,163,0,7.0,0,3,2,10,2020,0,95016,-29.164172141611832,-51.22790630557718
Porto Alegre,Capital,Petrópolis,Comercial,—,2062311,0,1.0,355,479,355,0,1.0,0,0,3,5,2018,0,90012,-30.05316883312722,-51.25662256229888
Garibaldi,Serra Gaúcha,São João,Apartamento,—,773250,3,1.0,169,169,169,0,6.0,0,3,3,10,2000,0,95724,-29.227885864080925,-51.545843900985545
Vila Flores,Serra Gaúcha,Bairro Alto,Terreno,Residencial Horizontes,190431,0,0.0,0,445,0,0,0.0,0,2,3,3,2016,0,95340,-28.814990692860952,-51.64807864485401
Nova Prata,Serra Gaúcha,Sagrada Família,Terreno,Sagrada Família / Centro,370502,0,0.0,0,365,0,0,0.0,0,3,1,6,2013,0,95321,-28.790136549711853,-51.646486845760904
Veranópolis,Serra Gaúcha,Femaçã,Casa,—,588138,3,2.0,212,753,150,62,1.0,0,4,5,8,2004,0,95338,-28.922456739119077,-51.596474909488194
Farroupilha,Serra Gaúcha,Pio X,Casa,—,1063923,2,1.5,183,637,183,0,1.0,0,1,4,5,1997,0,95182,-29.269925090649952,-51.32063409368049
Vila Flores,Serra Gaúcha,Bairro Alto,Casa,—,725055,2,3.0,291,458,291,0,2.0,0,0,2,10,1986,0,95338,-28.85032264584024,-51.593558547101914
Gramado,Serra Gaúcha,Centro,Condomínio Residencial,—,7281707,4,2.5,306,665,306,0,3.0,0,3,5,12,1999,0,95675,-29.342076087159434,-50.91513441008083
Veranópolis,Serra Gaúcha,Renovação,Apartamento,—,227286,2,2.0,81,81,81,0,5.0,0,4,3,9,2012,0,95335,-28.965958411750467,-51.52055077708583
Gramado,Serra Gaúcha,Três Pinheiros,Casa,—,2195190,2,1.0,119,370,68,51,2.0,0,2,3,6,1996,2022,95677,-29.41424531734899,-50.82797234760068
Gramado,Serra Gaúcha,Morada da Serra,Terreno,—,2098050,0,0.0,0,452,0,0,0.0,0,0,3,5,1991,0,95670,-29.428414266222273,-50.8531504912139
Vila Flores,Serra Gaúcha,Bairro Alto,Terreno,Residencial Horizontes,170592,0,0.0,0,476,0,0,0.0,0,3,2,3,2018,0,95342,-28.841989657613837,-51.580531289293425
Nova Prata,Serra Gaúcha,Clivatti,Apartamento,—,470161,2,2.0,124,124,124,0,10.0,0,4,3,10,2010,2005,95325,-28.77230060312099,-51.58606265470984
Gramado,Serra Gaúcha,Morada da Serra,Apartamento,—,2010697,2,2.0,104,104,104,0,12.0,0,4,3,6,1970,2002,95675,-29.37993002581831,-50.82754598305051
Gramado,Serra Gaúcha,Centro,Casa,—,3453713,4,2.0,167,297,167,0,1.0,0,2,3,5,1998,0,95677,-29.391774736291175,-50.88561450355735
Nova Prata,Serra Gaúcha,Sagrada Família,Condomínio Residencial,—,1126242,3,2.0,243,440,243,0,1.0,0,2,3,12,1983,2010,95322,-28.781166618379743,-51.62553711161397
Nova Prata,Serra Gaúcha,Frizon,Condomínio Residencial,—,786522,4,3.0,187,397,163,24,2.0,0,3,3,8,2012,0,95325,-28.754699502714757,-51.63145998821209
Caxias do Sul,Serra Gaúcha,Centro,Apartamento,—,1187273,3,1.0,150,150,150,0,6.0,0,0,5,9,2004,0,95010,-29.19154322875321,-51.15918430047175
Vila Flores,Serra Gaúcha,Linha Aimoré,Terreno,Linha Aimoré,175057,0,0.0,0,821,0,0,0.0,0,3,3,5,2017,0,95343,-28.817002234508365,-51.611950473275115
Vila Flores,Serra Gaúcha,Centro,Terreno,Clube Residencial Paraíso,229352,0,0.0,0,1072,0,0,0.0,0,1,1,4,2004,0,95336,-28.872924483898725,-51.60303031220223
Canela,Serra Gaúcha,Jardim,Casa,—,1998105,3,2.0,149,365,149,0,1.0,0,2,3,8,1994,0,95687,-29.348855448466015,-50.855883990051474
Nova Prata,Serra Gaúcha,Centro,Apartamento,—,228438,3,2.0,65,65,65,0,7.0,0,2,2,7,2013,0,95320,-28.769707892566622,-51.60055911346076
Nova Prata,Serra Gaúcha,Frizon,Terreno,Lot. Frizon / Chiomento,132652,0,0.0,0,372,0,0,0.0,0,3,1,6,2005,0,95320,-28.78288086027213,-51.662424493879186
Bento Gonçalves,Serra Gaúcha,São Roque,Apartamento,—,698594,2,2.0,108,108,108,0,5.0,0,4,5,7,1989,0,95706,-29.150821034388592,-51.53071968662756
Vila Flores,Serra Gaúcha,Centro,Terreno,Florescer Parque Residencial,595000,0,0.0,0,1095,0,0,0.0,0,0,3,6,2019,0,95335,-28.852286681825436,-51.61177632482836
Vila Flores,Serra Gaúcha,Centro,Terreno,Florescer Parque Residencial,495000,0,0.0,0,877,0,0,0.0,0,2,3,6,2023,0,95335,-28.8740517784079,-51.603370524132174
Gramado,Serra Gaúcha,Várzea Grande,Apartamento,—,947810,3,2.0,49,49,49,0,2.0,0,1,4,8,1986,0,95677,-29.392770110114732,-50.840837728096055
Vila Flores,Serra Gaúcha,Centro,Terreno,Florescer Parque Residencial,263000,0,0.0,0,426,0,0,0.0,0,2,3,6,2024,0,95335,-28.867277927174918,-51.60904221962265
Caxias do Sul,Serra Gaúcha,Exposição,Casa,—,1516097,3,2.5,172,753,110,62,2.0,0,1,3,6,2013,0,95014,-29.129112172597296,-51.225962719957366
Vila Flores,Serra Gaúcha,Centro,Terreno,Florescer Parque Residencial,326000,0,0.0,0,420,0,0,0.0,0,1,3,6,2018,0,95335,-28.85890496645226,-51.60511887011134
Gramado,Serra Gaúcha,Três Pinheiros,Apartamento,—,1736967,1,2.0,91,91,91,0,12.0,0,4,2,7,2011,0,95677,-29.335983736772896,-50.82799951886463
Canela,Serra Gaúcha,Reserva da Serra,Condomínio Residencial,—,4114019,4,2.0,235,486,186,49,2.0,0,2,3,10,1993,2010,95687,-29.39439886758482,-50.7850697405249
Porto Alegre,Capital,Menino Deus,Apartamento,—,850286,1,1.0,104,104,104,0,3.0,0,4,3,10,1989,0,90017,-30.07321760801605,-51.2381378711272
Garibaldi,Serra Gaúcha,Centro,Comercial,—,773478,0,1.0,209,404,209,0,1.0,0,0,5,6,1971,0,95726,-29.253693869453382,-51.48453308808324
Farroupilha,Serra Gaúcha,Desvio Rizzo,Apartamento,—,492370,2,2.0,84,84,84,0,4.0,0,2,3,6,2006,2003,95185,-29.195246799980175,-51.307676624844746
Porto Alegre,Capital,Partenon,Condomínio Residencial,—,3202544,2,2.0,340,563,340,0,2.0,0,4,5,10,2023,0,90016,-30.064125095351294,-51.199010053415854
Vila Flores,Serra Gaúcha,Centro,Terreno,Florescer Parque Residencial,440000,0,0.0,0,690,0,0,0.0,0,2,3,6,2022,0,95335,-28.859823681520925,-51.61347609506812
Farroupilha,Serra Gaúcha,São Caetano,Casa,—,406924,3,2.0,77,435,77,0,2.0,0,2,5,5,1977,2001,95183,-29.206244375473545,-51.29971658467386
Canela,Serra Gaúcha,Reserva da Serra,Casa,—,3653182,4,2.0,262,518,262,0,1.0,0,4,2,7,1993,0,95681,-29.351660755261136,-50.79498866334279
Nova Petrópolis,Serra Gaúcha,Recanto Suíço,Comercial,—,1456833,0,2.0,372,461,372,0,1.0,0,2,2,9,2001,0,95155,-29.358951981241706,-51.12687574365255
Gramado,Serra Gaúcha,Canavial,Condomínio Residencial,—,3248574,3,3.0,121,242,121,0,1.0,0,1,3,11,1983,0,95676,-29.414386974533496,-50.831497554644194
Vila Flores,Serra Gaúcha,Centro,Terreno,Clube Residencial Paraíso,275010,0,0.0,0,1161,0,0,0.0,0,1,2,4,2005,0,95342,-28.87610203079865,-51.559761123605156
Veranópolis,Serra Gaúcha,Femaçã,Terreno,Femaçã médio,275413,0,0.0,0,396,0,0,0.0,0,3,3,6,2003,0,95334,-28.89541834503978,-51.51198419110743
Porto Alegre,Capital,Partenon,Casa,—,1227877,3,2.5,162,411,162,0,1.0,0,2,5,7,2009,0,90017,-30.02145862834302,-51.18651414272656
Porto Alegre,Capital,Partenon,Condomínio Residencial,—,1516464,3,3.0,161,669,161,0,1.0,0,4,4,12,1986,0,90017,-29.991661761119484,-51.17423001677007
Gramado,Serra Gaúcha,Morada da Serra,Apartamento,—,1818103,3,1.0,87,87,87,0,1.0,0,3,2,9,2014,0,95673,-29.369516945197155,-50.913497365825336
Nova Petrópolis,Serra Gaúcha,Centro,Casa,—,1071182,2,2.0,227,561,227,0,1.0,0,3,3,10,2002,0,95151,-29.36411215025196,-51.09124487944071
Caxias do Sul,Serra Gaúcha,Centro,Terreno,—,1237321,0,0.0,0,787,0,0,0.0,0,0,2,6,2006,0,95016,-29.20533928345556,-51.21314668117831
Porto Alegre,Capital,Mont'Serrat,Condomínio Residencial,—,2185790,3,3.5,221,356,189,32,1.0,0,0,4,12,1998,0,90014,-30.075011470145558,-51.24193680364827
Caxias do Sul,Serra Gaúcha,Sagrada Família,Apartamento,—,591822,1,2.0,75,75,75,0,7.0,0,1,5,8,2006,0,95011,-29.124391528562025,-51.13449095087687
Nova Prata,Serra Gaúcha,Interior,Terreno,Roteiro das Águas,300229,0,0.0,0,2443,0,0,0.0,0,2,2,4,2020,0,95321,-28.758008430321244,-51.628055256137785
Caxias do Sul,Serra Gaúcha,São Pelegrino,Terreno,—,1167143,0,0.0,0,605,0,0,0.0,0,0,2,4,1998,0,95015,-29.213380918083853,-51.15242078196227
Porto Alegre,Capital,Cristal,Terreno,—,2025394,0,0.0,0,1053,0,0,0.0,0,0,3,4,2014,0,90011,-30.057114456659644,-51.181273868678716
Gramado,Serra Gaúcha,Morada da Serra,Terreno,—,3361816,0,0.0,0,854,0,0,0.0,0,2,3,3,1993,0,95676,-29.36388749844412,-50.91705592730158
Nova Petrópolis,Serra Gaúcha,Vila Nova,Casa,—,441490,4,3.0,98,466,98,0,1.0,0,0,5,7,1994,0,95151,-29.369802403970496,-51.112986359824326
Bento Gonçalves,Serra Gaúcha,São Bento,Apartamento,—,814636,1,2.0,118,118,118,0,1.0,0,3,5,8,2017,0,95703,-29.131041062525362,-51.55389930251805
Caxias do Sul,Serra Gaúcha,Desvio Rizzo,Apartamento,—,1275433,1,1.0,156,156,156,0,10.0,0,0,2,6,1981,2004,95014,-29.18171049085401,-51.16174243329802
Nova Prata,Serra Gaúcha,Clivatti,Casa,—,834119,3,1.0,250,664,250,0,3.0,1,4,4,7,2012,0,95320,-28.778414466490666,-51.6473416798905
Caxias do Sul,Serra Gaúcha,Santa Catarina,Condomínio Residencial,—,2080504,2,2.0,223,660,223,0,2.0,0,0,3,9,1976,0,95010,-29.187097446066044,-51.216689366956786
Nova Prata,Serra Gaúcha,Sagrada Família,Casa,—,547144,3,3.0,152,647,152,0,2.0,0,2,4,5,2002,2006,95323,-28.77172445597645,-51.66072318034312
Farroupilha,Serra Gaúcha,Pio X,Casa,—,995414,4,1.0,194,517,194,0,1.0,0,2,3,5,2006,0,95181,-29.22088123504466,-51.31345879917715
Veranópolis,Serra Gaúcha,São Pelegrino,Casa,—,747076,2,3.0,237,532,237,0,2.0,0,2,3,7,1985,0,95336,-28.93155925344832,-51.57385991386122
Porto Alegre,Capital,Petrópolis,Apartamento,—,709418,1,2.0,86,86,86,0,6.0,0,3,2,10,1982,2005,90013,-30.010704545962618,-51.24399896457338
Canela,Serra Gaúcha,Fontes do Ipê,Apartamento,—,966634,2,2.0,69,69,69,0,2.0,0,0,3,10,2016,0,95686,-29.389954343775265,-50.85260609529526
Gramado,Serra Gaúcha,Três Pinheiros,Condomínio Residencial,—,6699340,2,3.5,285,741,285,0,2.0,0,4,5,10,2020,0,95673,-29.393383511300616,-50.880854976516524
Canela,Serra Gaúcha,Jardim,Condomínio Residencial,—,3669059,2,3.5,206,711,206,0,1.0,0,2,5,9,1973,0,95680,-29.335349411223604,-50.84544476164247
Farroupilha,Serra Gaúcha,Desvio Rizzo,Apartamento,—,751276,3,2.0,126,126,126,0,3.0,0,2,2,10,2001,2018,95186,-29.264692193110097,-51.32968222264624
Vila Flores,Serra Gaúcha,Centro,Casa,—,383816,2,1.5,152,356,152,0,1.0,0,0,4,5,1997,0,95339,-28.87815785474044,-51.64326221674032
Bento Gonçalves,Serra Gaúcha,Charqueadas,Condomínio Residencial,—,2004092,2,2.5,248,789,248,0,2.0,0,4,3,11,1980,0,95701,-29.150905901032175,-51.515270986099786
Porto Alegre,Capital,Moinhos de Vento,Apartamento,—,563329,2,1.0,77,77,77,0,4.0,0,3,2,8,1998,0,90013,-30.023563285925018,-51.19012420359369
Caxias do Sul,Serra Gaúcha,Sagrada Família,Apartamento,—,526224,1,2.0,61,61,61,0,1.0,0,3,4,8,1984,0,95013,-29.15710335339861,-51.198619182012784
Canela,Serra Gaúcha,Centro,Condomínio Residencial,—,3256250,4,2.5,196,465,196,0,1.0,0,4,5,11,2022,0,95684,-29.342582928361892,-50.81619816425868
Porto Alegre,Capital,Cristal,Condomínio Residencial,—,1673089,3,3.5,165,620,165,0,1.0,0,0,5,11,1984,2021,90011,-30.06960821781714,-51.19571812043673
Gramado,Serra Gaúcha,Canavial,Condomínio Residencial,—,4093531,4,2.5,158,568,158,0,1.0,1,4,4,9,1978,0,95672,-29.40353354934382,-50.86502298667646
Porto Alegre,Capital,Chácara das Pedras,Apartamento,—,639973,1,2.0,86,86,86,0,12.0,0,3,3,7,1991,2012,90019,-30.07102089992178,-51.236273301848435
Veranópolis,Serra Gaúcha,Centro,Terreno,Centro (avulso),132856,0,0.0,0,345,0,0,0.0,0,1,3,3,2012,0,95335,-28.973198100899733,-51.597913694470144
Porto Alegre,Capital,Centro Histórico,Apartamento,—,478965,1,1.0,67,67,67,0,5.0,0,3,3,10,2001,0,90011,-30.005249830267147,-51.2664913530632
Canela,Serra Gaúcha,Reserva da Serra,Comercial,—,3582643,0,1.0,290,404,290,0,2.0,0,2,3,9,2013,2001,95685,-29.397305795246826,-50.83713475086522
Gramado,Serra Gaúcha,Várzea Grande,Casa,—,5606798,3,2.0,274,852,274,0,2.0,0,2,2,7,2023,0,95677,-29.36355607909905,-50.896161670848514
Porto Alegre,Capital,Chácara das Pedras,Apartamento,—,790627,3,1.0,108,108,108,0,5.0,1,2,2,6,1971,0,90015,-30.015628997172808,-51.20032343749419
Caxias do Sul,Serra Gaúcha,Centro,Casa,—,797272,4,3.5,101,594,101,0,1.0,0,4,2,10,2007,2023,95018,-29.118070272351225,-51.15189302219101
Porto Alegre,Capital,Três Figueiras,Apartamento,—,913987,3,1.0,117,117,117,0,12.0,0,1,5,8,2000,0,90010,-30.00253531052123,-51.2333108668713
Nova Petrópolis,Serra Gaúcha,Recanto Suíço,Comercial,—,948470,0,2.0,246,279,246,0,2.0,0,0,3,5,1971,0,95153,-29.34137332205559,-51.133452015713296
Nova Prata,Serra Gaúcha,Santa Cruz,Condomínio Residencial,—,880344,2,3.0,200,689,200,0,2.0,0,2,5,11,1994,0,95323,-28.7573934411138,-51.625154995958965
Caxias do Sul,Serra Gaúcha,Desvio Rizzo,Terreno,—,622577,0,0.0,0,392,0,0,0.0,0,2,1,5,1993,0,95014,-29.191989173919364,-51.19355027589406
Vila Flores,Serra Gaúcha,Bairro Alto,Casa,—,630302,3,1.0,258,360,258,0,2.0,0,1,2,10,1972,0,95340,-28.899884370960855,-51.624875904211336
Garibaldi,Serra Gaúcha,Santa Marta,Casa,—,621883,2,1.0,119,682,119,0,2.0,0,2,3,5,2010,0,95726,-29.30274304314212,-51.50063317503612
Porto Alegre,Capital,Centro Histórico,Apartamento,—,1039349,3,1.0,152,152,152,0,3.0,0,0,5,9,2009,0,90019,-30.017457795712744,-51.17327420981462
Gramado,Serra Gaúcha,Várzea Grande,Apartamento,—,1348168,2,1.0,67,67,67,0,5.0,0,1,2,10,1999,2021,95671,-29.38180478615432,-50.87809199248055
Caxias do Sul,Serra Gaúcha,Centro,Apartamento,—,1485519,2,2.0,170,170,170,0,12.0,0,1,3,8,1979,0,95017,-29.15671680976289,-51.13160818857944
Veranópolis,Serra Gaúcha,Medianeira,Terreno,Medianeira,267305,0,0.0,0,638,0,0,0.0,0,1,1,4,2000,0,95339,-28.928163310634456,-51.52935590275196
Caxias do Sul,Serra Gaúcha,Santa Catarina,Casa,—,2011704,4,1.0,243,637,243,0,2.0,0,2,2,10,1998,0,95018,-29.1204366233752,-51.14226469166513
Canela,Serra Gaúcha,São José,Condomínio Residencial,—,2904100,2,3.5,150,367,150,0,1.0,0,2,5,10,1979,2016,95682,-29.3294768511277,-50.852318547231526
Bento Gonçalves,Serra Gaúcha,Charqueadas,Casa,—,503396,3,1.5,75,487,2,73,1.0,0,1,3,6,2006,0,95709,-29.174246488769082,-51.472411901138855
Porto Alegre,Capital,Menino Deus,Terreno,—,1511136,0,0.0,0,1013,0,0,0.0,0,1,1,4,2004,0,90017,-30.049365291983793,-51.220036364302665
Caxias do Sul,Serra Gaúcha,Centro,Comercial,—,1166417,0,2.0,153,237,153,0,2.0,0,1,2,6,2009,0,95017,-29.17881414617947,-51.14654257217997
Bento Gonçalves,Serra Gaúcha,Fátima,Casa,—,1109701,2,1.5,184,371,156,28,3.0,0,4,5,9,1986,0,95708,-29.210648915379576,-51.51500312698828
Caxias do Sul,Serra Gaúcha,Desvio Rizzo,Apartamento,—,468794,1,1.0,57,57,57,0,5.0,0,2,3,6,2017,0,95018,-29.15457785764753,-51.15467134705449
Nova Prata,Serra Gaúcha,Santa Cruz,Terreno,Lot. Schneider,222947,0,0.0,0,351,0,0,0.0,0,0,3,3,2012,0,95328,-28.780255166408015,-51.63670331804212
Porto Alegre,Capital,Cristal,Apartamento,—,412271,1,2.0,55,55,55,0,10.0,0,2,4,7,1984,0,90011,-30.039389310945193,-51.169139635402956
Nova Petrópolis,Serra Gaúcha,Linha Imperial,Comercial,—,874510,0,1.0,212,274,212,0,1.0,0,1,5,6,1998,2006,95153,-29.357176094757683,-51.158156575617944
Farroupilha,Serra Gaúcha,Desvio Rizzo,Comercial,—,156394,0,2.0,30,90,30,0,1.0,0,0,3,7,2006,0,95184,-29.23075395420106,-51.37308574314908
Canela,Serra Gaúcha,Reserva da Serra,Casa,—,2533116,2,1.0,187,609,123,64,3.0,0,1,5,6,1990,0,95685,-29.373642375225693,-50.80030290199572
Gramado,Serra Gaúcha,Três Pinheiros,Terreno,—,2366790,0,0.0,0,458,0,0,0.0,0,1,1,3,1998,0,95679,-29.41239213979122,-50.82728235754429
Canela,Serra Gaúcha,Reserva da Serra,Apartamento,—,1105110,1,2.0,74,74,74,0,5.0,0,0,5,6,1978,0,95689,-29.359507998657513,-50.81306761758779
Porto Alegre,Capital,Petrópolis,Casa,—,1326133,4,2.0,184,302,184,0,1.0,0,4,4,9,1975,0,90013,-30.007977799716297,-51.20496082847301
Porto Alegre,Capital,Moinhos de Vento,Casa,—,685844,2,1.0,86,611,86,0,2.0,0,2,2,5,1988,2009,90014,-30.07325675020645,-51.17108418258741
Veranópolis,Serra Gaúcha,Medianeira,Casa,—,596983,2,2.0,192,586,192,0,1.0,0,1,2,5,1982,2003,95332,-28.90049041072108,-51.57249855648966
Canela,Serra Gaúcha,Jardim,Condomínio Residencial,—,2732738,3,3.0,152,567,152,0,2.0,0,2,3,12,2015,0,95683,-29.33281742855025,-50.81027092149996
Porto Alegre,Capital,Três Figueiras,Comercial,—,1197913,0,2.0,171,259,171,0,3.0,0,2,4,8,1994,2015,90014,-30.058472699213986,-51.19334361928281
Porto Alegre,Capital,Bela Vista,Casa,—,643706,3,2.0,80,361,80,0,1.0,0,4,2,10,2009,0,90016,-30.001290462497806,-51.177212132685966
Caxias do Sul,Serra Gaúcha,Marechal Floriano,Casa,—,1296466,3,3.0,157,452,92,65,2.0,0,0,5,7,1984,0,95013,-29.187670958939336,-51.22066123185033
Farroupilha,Serra Gaúcha,Pio X,Apartamento,—,455689,1,1.0,76,76,76,0,10.0,0,4,5,10,1994,0,95187,-29.23042592479815,-51.34840015542631
Vila Flores,Serra Gaúcha,Linha Aimoré,Condomínio Residencial,—,849686,3,3.0,253,834,253,0,2.0,0,2,5,11,1985,0,95339,-28.881932843738966,-51.64624543475631
Caxias do Sul,Serra Gaúcha,Marechal Floriano,Apartamento,—,555225,2,1.0,72,72,72,0,10.0,0,3,3,9,1970,0,95018,-29.182710471191747,-51.137983973875286
Garibaldi,Serra Gaúcha,Centro,Casa,—,987732,4,1.5,213,662,167,46,1.0,0,3,3,7,1999,2015,95727,-29.234724830267997,-51.51928318371533
Farroupilha,Serra Gaúcha,São Caetano,Comercial,—,360370,0,2.0,73,76,73,0,1.0,0,0,3,5,2012,2003,95189,-29.27100770621939,-51.327959607220556
Vila Flores,Serra Gaúcha,Linha Aimoré,Comercial,—,770931,0,1.0,357,468,357,0,1.0,0,0,5,6,1986,0,95344,-28.894379413956855,-51.56880473891077
Porto Alegre,Capital,Petrópolis,Apartamento,—,1141755,1,2.0,154,154,154,0,3.0,0,4,3,6,2018,2000,90012,-30.071704169718025,-51.223456770167665
Veranópolis,Serra Gaúcha,Femaçã,Terreno,Femaçã médio,300214,0,0.0,0,451,0,0,0.0,0,1,1,5,2002,0,95334,-28.89573537440782,-51.5188621963219
Vila Flores,Serra Gaúcha,Centro,Terreno,Florescer Parque Residencial,730000,0,0.0,0,1721,0,0,0.0,0,1,3,6,2020,0,95335,-28.857170209830507,-51.60085774112402
Caxias do Sul,Serra Gaúcha,Marechal Floriano,Condomínio Residencial,—,2141360,4,2.0,224,494,224,0,2.0,1,1,4,11,1975,2016,95017,-29.188516786596956,-51.15369600490549
Veranópolis,Serra Gaúcha,Femaçã,Condomínio Residencial,—,755259,4,2.0,191,769,191,0,2.0,0,4,3,11,1981,2022,95338,-28.90474318972251,-51.59047936928109
Nova Petrópolis,Serra Gaúcha,Linha Imperial,Apartamento,—,591529,3,1.0,126,126,126,0,7.0,0,0,2,7,1984,0,95151,-29.39214726658085,-51.065233730716095
Nova Petrópolis,Serra Gaúcha,Vila Nova,Casa,—,565351,4,2.5,128,581,128,0,1.0,0,1,3,10,1974,2012,95150,-29.365785902057816,-51.123375263518874
Porto Alegre,Capital,Partenon,Apartamento,—,1182476,1,1.0,161,161,161,0,5.0,0,4,5,6,2023,2000,90019,-30.06158642212815,-51.25087813983835
Farroupilha,Serra Gaúcha,Cinquentenário,Casa,—,1427616,4,1.0,271,732,271,0,1.0,0,3,2,6,1998,0,95188,-29.256147734586897,-51.36636702201103
Nova Prata,Serra Gaúcha,São Cristóvão,Apartamento,—,315017,1,1.0,97,97,97,0,7.0,0,2,3,10,2008,2013,95323,-28.73819908735392,-51.60528020962935
Vila Flores,Serra Gaúcha,Linha Aimoré,Casa,—,216760,2,1.5,80,546,80,0,1.0,0,3,4,7,1980,0,95342,-28.881823118413113,-51.613789418722924
Veranópolis,Serra Gaúcha,Renovação,Casa,—,882609,3,1.0,294,767,294,0,1.0,0,0,3,8,2009,0,95336,-28.979015080458932,-51.57447837550937
Porto Alegre,Capital,Bela Vista,Casa,—,567962,3,2.5,78,585,7,71,1.0,0,4,2,7,1975,0,90019,-30.046466566853777,-51.249675618690524
Garibaldi,Serra Gaúcha,Bela Vista,Casa,—,841993,4,2.0,165,298,165,0,1.0,0,2,2,9,2019,0,95720,-29.258196461268668,-51.490439733023734
Nova Prata,Serra Gaúcha,Sagrada Família,Condomínio Residencial,—,1281752,3,3.0,272,543,272,0,3.0,0,0,5,12,2023,0,95328,-28.80465391757469,-51.62534466339808
Nova Prata,Serra Gaúcha,Clivatti,Condomínio Residencial,—,1052502,4,3.0,240,792,240,0,2.0,0,2,4,9,1980,0,95321,-28.8048133120752,-51.636199175862586
Canela,Serra Gaúcha,Fontes do Ipê,Condomínio Residencial,—,2734529,2,3.0,142,603,142,0,2.0,0,3,5,9,1989,0,95682,-29.31470332828531,-50.776275808024245
Bento Gonçalves,Serra Gaúcha,São Roque,Condomínio Residencial,—,1455901,4,3.0,196,629,196,0,2.0,0,4,3,12,1975,2013,95702,-29.14046857939379,-51.48934532392519
Porto Alegre,Capital,Boa Vista,Comercial,—,804604,0,1.0,135,150,135,0,2.0,0,1,5,8,2009,0,90011,-30.072866646170944,-51.17671962819883
Garibaldi,Serra Gaúcha,Progresso,Casa,—,959790,2,3.0,209,364,209,0,1.0,0,0,2,7,2022,0,95727,-29.304458621960055,-51.550618493890184
Porto Alegre,Capital,Boa Vista,Condomínio Residencial,—,2638278,4,3.5,299,662,249,50,1.0,0,0,4,8,1988,0,90019,-30.017389472717365,-51.224706701683004
Canela,Serra Gaúcha,Reserva da Serra,Condomínio Residencial,—,3098928,3,2.0,180,651,180,0,2.0,0,3,5,9,2017,2008,95686,-29.35185702650778,-50.83308777081163
Porto Alegre,Capital,Bela Vista,Apartamento,—,1176522,1,1.0,155,155,155,0,8.0,0,1,3,10,1996,0,90018,-30.0391356199824,-51.239712808086495
Porto Alegre,Capital,Cidade Baixa,Condomínio Residencial,—,3317832,4,2.0,328,703,313,15,3.0,0,2,5,11,2020,2023,90010,-30.023671992735945,-51.19442199607817
Farroupilha,Serra Gaúcha,Centro,Terreno,—,1336235,0,0.0,0,1049,0,0,0.0,0,2,3,5,2007,0,95185,-29.264667468707838,-51.37700153064669
Caxias do Sul,Serra Gaúcha,Centro,Condomínio Residencial,—,1919164,2,2.0,206,615,192,14,1.0,0,4,4,9,1979,2009,95015,-29.148957573448097,-51.156266245035624
Veranópolis,Serra Gaúcha,São Pelegrino,Condomínio Residencial,—,1136747,4,2.5,308,815,308,0,2.0,0,4,4,10,1985,0,95339,-28.928990109175793,-51.56907450592176
Nova Prata,Serra Gaúcha,Clivatti,Terreno,Lot. Clivatti I,220687,0,0.0,0,374,0,0,0.0,0,3,3,5,2019,0,95327,-28.83314031502071,-51.65467836020794
Veranópolis,Serra Gaúcha,São Pelegrino,Terreno,Solar Norte,172937,0,0.0,0,394,0,0,0.0,0,1,1,4,2020,0,95339,-28.897782412096053,-51.55421084468568
Garibaldi,Serra Gaúcha,Centro,Casa,—,596088,4,3.0,114,647,114,0,2.0,0,1,5,7,1991,0,95721,-29.300803222652707,-51.484171752926684
Caxias do Sul,Serra Gaúcha,Sanvitto,Apartamento,—,479348,1,1.0,55,55,55,0,1.0,0,4,2,6,2010,0,95016,-29.136254606347435,-51.13519365546862
Porto Alegre,Capital,Cidade Baixa,Terreno,—,1777456,0,0.0,0,1054,0,0,0.0,0,3,3,5,1994,0,90013,-29.99356776769343,-51.254733772291495
Bento Gonçalves,Serra Gaúcha,Charqueadas,Apartamento,—,1101360,2,1.0,161,161,161,0,3.0,0,0,3,9,1972,0,95709,-29.122527368584887,-51.56129792364634
Farroupilha,Serra Gaúcha,Centro,Casa,—,683899,3,2.0,127,621,127,0,2.0,0,1,3,5,2003,0,95187,-29.208463953583426,-51.32244230561733
Canela,Serra Gaúcha,São José,Casa,—,2176261,2,2.0,165,759,165,0,3.0,0,0,3,6,1995,2016,95684,-29.38506234010102,-50.78828957679285
Nova Petrópolis,Serra Gaúcha,Pinhal Alto,Casa,—,1081379,3,1.0,237,414,237,0,2.0,0,2,4,10,1971,0,95159,-29.41924881620601,-51.11353052864042
Caxias do Sul,Serra Gaúcha,São Pelegrino,Casa,—,1923438,3,3.5,251,826,251,0,1.0,0,4,4,7,1983,0,95012,-29.208910034091232,-51.15616328230834
Gramado,Serra Gaúcha,Centro,Apartamento,—,2429227,3,2.0,112,112,112,0,8.0,0,4,3,9,1973,0,95675,-29.382639993928922,-50.88412346329012
Porto Alegre,Capital,Chácara das Pedras,Terreno,—,1754876,0,0.0,0,1123,0,0,0.0,0,3,2,5,2020,0,90016,-30.0836384182472,-51.21968117860591
Caxias do Sul,Serra Gaúcha,Santa Catarina,Apartamento,—,931982,2,1.0,114,114,114,0,3.0,0,3,2,8,1977,0,95015,-29.200578148897826,-51.22193956918423
Nova Prata,Serra Gaúcha,Santa Cruz,Comercial,—,349564,0,2.0,126,157,126,0,1.0,0,1,3,9,1987,0,95327,-28.745459147253925,-51.62748509044381
Bento Gonçalves,Serra Gaúcha,Fátima,Casa,—,1187500,3,1.0,195,726,195,0,1.0,0,3,2,8,2013,0,95706,-29.20135990714846,-51.48086497653936
Caxias do Sul,Serra Gaúcha,Santa Catarina,Condomínio Residencial,—,1907197,2,2.0,174,440,174,0,3.0,0,4,3,8,1977,0,95015,-29.177138037075903,-51.20466647932826
Caxias do Sul,Serra Gaúcha,Sanvitto,Apartamento,—,1024605,2,1.0,126,126,126,0,12.0,0,4,4,6,2013,0,95013,-29.145259548964738,-51.19177273483139
Veranópolis,Serra Gaúcha,Renovação,Apartamento,—,388385,2,2.0,143,143,143,0,5.0,0,4,2,9,1980,2006,95335,-28.9677865948414,-51.60649513753396
Caxias do Sul,Serra Gaúcha,Desvio Rizzo,Condomínio Residencial,—,3138240,2,3.5,334,881,334,0,1.0,0,1,3,10,2004,2023,95010,-29.158085125709828,-51.1742632037846
Nova Prata,Serra Gaúcha,Santa Cruz,Casa,—,748779,3,3.5,211,685,211,0,2.0,0,1,3,5,2006,0,95325,-28.76506784172009,-51.632296286284976
Porto Alegre,Capital,Boa Vista,Apartamento,—,481539,3,1.0,71,71,71,0,4.0,0,4,5,10,1982,0,90011,-30.062311204193964,-51.18955301457626
Vila Flores,Serra Gaúcha,Centro,Terreno,Florescer Parque Residencial,298000,0,0.0,0,480,0,0,0.0,0,2,3,6,2019,0,95335,-28.874274058079607,-51.610384515189295
Nova Prata,Serra Gaúcha,Sagrada Família,Casa,—,524903,3,2.5,160,463,120,40,1.0,0,3,2,10,1989,2008,95322,-28.765653117151118,-51.615836149922316
Veranópolis,Serra Gaúcha,Medianeira,Casa,—,523040,2,2.5,170,600,170,0,2.0,0,0,5,10,2015,0,95336,-28.933189815897332,-51.589553305778495
Porto Alegre,Capital,Três Figueiras,Apartamento,—,797187,1,1.0,103,103,103,0,4.0,0,2,2,10,1981,0,90018,-30.019360216753878,-51.258661773056055
Nova Prata,Serra Gaúcha,Clivatti,Casa,—,831645,4,1.5,232,367,232,0,2.0,0,2,3,8,1972,0,95323,-28.73540648469993,-51.65286314222559
Caxias do Sul,Serra Gaúcha,Exposição,Casa,—,1757336,3,1.0,218,534,218,0,2.0,0,4,2,7,2010,0,95018,-29.20951679070357,-51.13018004588274
Canela,Serra Gaúcha,Fontes do Ipê,Condomínio Residencial,—,5564487,4,2.0,287,614,287,0,1.0,0,3,5,12,2007,0,95685,-29.361484169079837,-50.78873096349549
Caxias do Sul,Serra Gaúcha,Marechal Floriano,Apartamento,—,932237,2,2.0,114,114,114,0,12.0,0,0,3,7,2000,0,95018,-29.172928381572074,-51.19242443174341
Porto Alegre,Capital,Moinhos de Vento,Apartamento,—,794633,1,1.0,114,114,114,0,7.0,0,3,4,7,1971,0,90012,-30.01436856433771,-51.1968744900469
Canela,Serra Gaúcha,Centro,Apartamento,—,2541615,1,1.0,175,175,175,0,10.0,0,3,5,8,2014,0,95684,-29.370909032333365,-50.82804943214042
Porto Alegre,Capital,Cristal,Casa,—,1671852,2,2.0,200,453,200,0,2.0,0,4,2,7,2012,2013,90012,-29.993667475024605,-51.187565691840064
Caxias do Sul,Serra Gaúcha,Desvio Rizzo,Casa,—,936942,3,3.5,112,257,112,0,1.0,0,4,4,5,2007,2003,95017,-29.16777243343109,-51.20559633402685
Veranópolis,Serra Gaúcha,Femaçã,Casa,—,253515,3,3.5,80,255,80,0,1.0,0,3,3,6,2011,0,95336,-28.963669809536736,-51.59520062238627
Veranópolis,Serra Gaúcha,São Pelegrino,Terreno,Solar Norte,199852,0,0.0,0,443,0,0,0.0,0,1,2,5,2010,0,95333,-28.9177518202598,-51.518470136178955
Veranópolis,Serra Gaúcha,Medianeira,Terreno,Medianeira,237423,0,0.0,0,594,0,0,0.0,0,3,2,6,1997,0,95335,-28.95375315582437,-51.557507835304044
Nova Prata,Serra Gaúcha,Clivatti,Comercial,—,225347,0,2.0,80,133,80,0,1.0,0,1,4,7,2001,0,95321,-28.766898250314274,-51.59514059429961
Gramado,Serra Gaúcha,Canavial,Apartamento,—,3617676,2,1.0,177,177,177,0,5.0,0,3,3,7,1977,0,95676,-29.360641187778313,-50.918692944726125
Garibaldi,Serra Gaúcha,Bela Vista,Comercial,—,1181321,0,1.0,332,348,332,0,3.0,0,2,2,8,1970,0,95728,-29.246957616239257,-51.57920139159343
Gramado,Serra Gaúcha,Canavial,Casa,—,4917710,2,3.0,246,774,246,0,1.0,0,4,5,10,2006,0,95677,-29.425741866930704,-50.91168428510786
Porto Alegre,Capital,Chácara das Pedras,Comercial,—,2111823,0,1.0,383,468,383,0,2.0,0,2,4,5,1996,2013,90012,-30.028436728696764,-51.205961011954265
Canela,Serra Gaúcha,Reserva da Serra,Casa,—,3259188,2,1.5,210,669,155,55,1.0,0,1,4,9,2011,0,95681,-29.333800973066694,-50.838825704647576
Porto Alegre,Capital,Cidade Baixa,Comercial,—,435405,0,2.0,63,100,63,0,1.0,0,0,4,5,2018,0,90015,-29.98480009160317,-51.26299677617716
Porto Alegre,Capital,Moinhos de Vento,Apartamento,—,1058273,1,1.0,130,130,130,0,7.0,0,2,4,8,1990,2008,90011,-30.040778869953257,-51.21326241043044
Vila Flores,Serra Gaúcha,Bairro Alto,Casa,—,700093,2,2.5,281,522,281,0,2.0,0,3,3,5,1991,0,95338,-28.878293902744417,-51.565749892328455
Caxias do Sul,Serra Gaúcha,Marechal Floriano,Apartamento,—,1117088,3,2.0,153,153,153,0,7.0,0,4,4,8,1975,0,95013,-29.141538094607828,-51.1959292181209
Nova Prata,Serra Gaúcha,Frizon,Apartamento,—,167340,1,1.0,51,51,51,0,3.0,0,2,3,7,1970,2000,95324,-28.832040396840753,-51.62307321224514
Bento Gonçalves,Serra Gaúcha,Fátima,Casa,—,829126,3,3.5,137,420,137,0,2.0,0,1,4,6,1976,0,95700,-29.124678737602302,-51.540586489838795
Farroupilha,Serra Gaúcha,Desvio Rizzo,Casa,—,472820,4,1.0,78,287,56,22,2.0,0,1,3,6,1993,0,95188,-29.175998854971123,-51.36563035619405
Porto Alegre,Capital,Chácara das Pedras,Casa,—,1948141,4,3.5,238,730,238,0,2.0,0,0,5,10,2012,0,90011,-30.02692528881673,-51.20283097954781
Porto Alegre,Capital,Partenon,Apartamento,—,1234613,2,2.0,169,169,169,0,1.0,0,2,4,7,2014,0,90013,-30.078583125099417,-51.18964798840475
Caxias do Sul,Serra Gaúcha,Marechal Floriano,Apartamento,—,338574,1,2.0,45,45,45,0,1.0,0,1,5,10,1989,0,95013,-29.131604345166455,-51.21187146204757
Gramado,Serra Gaúcha,Mato Queimado,Condomínio Residencial,—,6990896,3,2.0,285,503,285,0,2.0,0,0,3,11,1983,0,95670,-29.424163622670072,-50.91991145229744
Porto Alegre,Capital,Cidade Baixa,Comercial,—,1488046,0,1.0,221,309,221,0,1.0,0,0,5,5,1986,0,90016,-29.991096926088954,-51.193925763674294
Bento Gonçalves,Serra Gaúcha,São Bento,Casa,—,1685669,2,3.0,274,489,274,0,2.0,0,4,2,9,1999,0,95700,-29.141337246072673,-51.468816670962205
Porto Alegre,Capital,Três Figueiras,Casa,—,1821815,4,2.5,247,470,247,0,2.0,1,4,4,5,1986,2014,90017,-29.985940342415926,-51.19394393081999
Veranópolis,Serra Gaúcha,São Pelegrino,Terreno,Solar Norte,187280,0,0.0,0,447,0,0,0.0,0,1,3,3,2019,0,95339,-28.913735178655607,-51.558614772227585
Nova Prata,Serra Gaúcha,Santa Cruz,Terreno,Lot. Schneider,242329,0,0.0,0,372,0,0,0.0,0,2,2,6,1992,0,95322,-28.758943876538094,-51.61146267701316
Farroupilha,Serra Gaúcha,Cinquentenário,Casa,—,1574848,3,1.0,287,692,287,0,2.0,0,2,4,5,1977,0,95188,-29.26278895883746,-51.39081665738139
Gramado,Serra Gaúcha,Centro,Condomínio Residencial,—,3720272,3,2.5,159,304,148,11,2.0,0,3,4,9,2012,0,95675,-29.386541465170524,-50.89615885051835
Nova Prata,Serra Gaúcha,Frizon,Terreno,Lot. Frizon / Chiomento,121306,0,0.0,0,360,0,0,0.0,0,3,3,5,1994,0,95328,-28.753061703394167,-51.57019129297141
Porto Alegre,Capital,Centro Histórico,Casa,—,677677,2,3.5,90,557,90,0,1.0,0,3,3,5,1971,0,90013,-30.069738351586626,-51.17977880179407
Caxias do Sul,Serra Gaúcha,Sanvitto,Condomínio Residencial,—,1205126,3,2.5,128,459,128,0,1.0,0,1,5,10,2012,2006,95014,-29.202459766263132,-51.16951382962719
Vila Flores,Serra Gaúcha,Linha Aimoré,Terreno,Linha Aimoré,154495,0,0.0,0,763,0,0,0.0,0,2,2,6,2008,0,95336,-28.904566054959187,-51.612913798871766
Gramado,Serra Gaúcha,Várzea Grande,Casa,—,3377056,3,1.0,158,668,158,0,2.0,0,3,3,7,1975,0,95678,-29.390363051914292,-50.89903032385049
Gramado,Serra Gaúcha,Morada da Serra,Casa,—,2793536,3,2.5,149,416,98,51,1.0,0,4,5,6,1975,2011,95676,-29.41670310357904,-50.84086176820698
Veranópolis,Serra Gaúcha,Medianeira,Casa,—,826233,3,3.0,272,760,227,45,1.0,0,3,5,10,1993,0,95335,-28.953135498247903,-51.58245855488014
Porto Alegre,Capital,Menino Deus,Casa,—,1589638,4,2.0,190,432,190,0,2.0,0,0,3,5,2016,2016,90019,-30.076593209033984,-51.21354679042316
Porto Alegre,Capital,Cristal,Apartamento,—,972593,2,1.0,128,128,128,0,5.0,0,4,4,6,1996,0,90014,-30.011600826461322,-51.25450145422584
Porto Alegre,Capital,Menino Deus,Comercial,—,1205760,0,1.0,218,272,218,0,2.0,0,1,4,5,2014,0,90011,-30.05051163810629,-51.20737509101727
Vila Flores,Serra Gaúcha,Linha Aimoré,Casa,—,473028,4,2.5,205,329,205,0,3.0,0,3,3,5,1997,0,95337,-28.87666737604854,-51.57210059053137
Porto Alegre,Capital,Cristal,Terreno,—,694608,0,0.0,0,357,0,0,0.0,0,1,1,4,2001,0,90015,-30.065056830938442,-51.2602237194182
Canela,Serra Gaúcha,Jardim,Condomínio Residencial,—,4452577,3,2.5,271,470,271,0,2.0,0,1,4,8,1986,0,95680,-29.362426574462113,-50.8364683747669
Veranópolis,Serra Gaúcha,São Pelegrino,Casa,—,578838,4,3.0,200,414,200,0,3.0,0,1,5,10,1983,0,95331,-28.8913601668311,-51.5816536079195
Porto Alegre,Capital,Cristal,Condomínio Residencial,—,2072349,2,2.0,223,583,223,0,2.0,0,0,3,11,1975,2015,90012,-29.993227607492795,-51.25832357222187
Nova Petrópolis,Serra Gaúcha,Centro,Condomínio Residencial,—,1590451,2,2.0,275,377,261,14,1.0,0,3,5,12,2000,2016,95150,-29.38893162234828,-51.11145654607289
Farroupilha,Serra Gaúcha,Cinquentenário,Apartamento,—,527246,2,1.0,92,92,92,0,5.0,0,1,3,8,1987,0,95181,-29.21060557214718,-51.345920976912225
Nova Prata,Serra Gaúcha,Frizon,Terreno,Lot. Frizon / Chiomento,124926,0,0.0,0,372,0,0,0.0,0,0,1,4,2001,0,95320,-28.799149191248766,-51.572156670454795
Garibaldi,Serra Gaúcha,Bela Vista,Casa,—,536517,3,3.5,109,263,109,0,1.0,0,2,4,10,2003,0,95720,-29.274418484255428,-51.54329887490659
Canela,Serra Gaúcha,Industrial,Terreno,—,2972314,0,0.0,0,830,0,0,0.0,0,3,1,4,2008,0,95686,-29.312176978574502,-50.85066048645238
Porto Alegre,Capital,Mont'Serrat,Apartamento,—,1022632,2,1.0,151,151,151,0,8.0,0,1,4,6,2008,0,90015,-30.043747378473405,-51.18525842145097
Vila Flores,Serra Gaúcha,Bairro Alto,Casa,—,713734,4,2.0,265,710,265,0,1.0,0,2,5,9,1970,2009,95343,-28.863616901239798,-51.60106265653205
Gramado,Serra Gaúcha,Mato Queimado,Condomínio Residencial,—,3596623,2,2.5,149,323,149,0,2.0,0,2,3,11,1989,2005,95674,-29.389693997758457,-50.90200728835857
Nova Prata,Serra Gaúcha,Sagrada Família,Condomínio Residencial,—,1181418,3,2.5,263,665,263,0,2.0,1,2,4,11,1998,0,95324,-28.779903209030504,-51.617996769525995
Veranópolis,Serra Gaúcha,Centro,Condomínio Residencial,—,1041789,4,2.5,259,625,259,0,2.0,0,0,3,10,1977,0,95335,-28.9871805720003,-51.515729545182374
Bento Gonçalves,Serra Gaúcha,São Bento,Apartamento,—,719007,3,2.0,110,110,110,0,1.0,0,3,4,6,1987,0,95707,-29.22013517264299,-51.51081172630575
Caxias do Sul,Serra Gaúcha,São Pelegrino,Casa,—,2419018,4,2.5,272,728,249,23,1.0,0,1,2,7,1972,2004,95018,-29.204355802897034,-51.21674180348642
Caxias do Sul,Serra Gaúcha,São Pelegrino,Apartamento,—,371717,1,1.0,50,50,50,0,5.0,0,2,5,6,1970,0,95015,-29.163878919770443,-51.218625024962776
Canela,Serra Gaúcha,São José,Condomínio Residencial,—,3297439,3,3.5,179,501,179,0,1.0,0,4,4,11,1973,2021,95685,-29.40421989421765,-50.78875531934123
Porto Alegre,Capital,Chácara das Pedras,Casa,—,2038022,4,3.0,274,714,274,0,2.0,0,3,3,7,1984,0,90013,-30.022388842424316,-51.206544607622945
Veranópolis,Serra Gaúcha,Femaçã,Terreno,Cond. Jardim Europa,302858,0,0.0,0,1104,0,0,0.0,0,0,1,4,2003,0,95332,-28.911382968577477,-51.601248722515635
Veranópolis,Serra Gaúcha,Centro,Terreno,Centro (avulso),118840,0,0.0,0,340,0,0,0.0,0,0,1,5,1999,0,95331,-28.907783346448085,-51.51161818458152
Nova Prata,Serra Gaúcha,Clivatti,Apartamento,—,449309,1,1.0,138,138,138,0,5.0,0,4,4,8,1999,2010,95328,-28.75049318331126,-51.65053528787073
Farroupilha,Serra Gaúcha,São Caetano,Casa,—,809377,3,1.0,140,415,140,0,2.0,0,3,3,9,2009,2003,95183,-29.23336939520658,-51.319204260294015
Farroupilha,Serra Gaúcha,Cinquentenário,Casa,—,449905,3,2.0,87,376,87,0,2.0,0,0,5,6,1987,0,95185,-29.196266169595347,-51.350629606199995
Canela,Serra Gaúcha,Jardim,Apartamento,—,1865367,1,1.0,140,140,140,0,2.0,0,4,3,10,1998,0,95686,-29.393436385697154,-50.85851417165821
Porto Alegre,Capital,Mont'Serrat,Condomínio Residencial,—,3183527,3,2.5,311,662,311,0,1.0,0,0,3,9,1990,0,90015,-30.0781813610853,-51.230441358517616
Farroupilha,Serra Gaúcha,Desvio Rizzo,Terreno,—,1221693,0,0.0,0,970,0,0,0.0,0,1,2,5,1993,0,95188,-29.211531675599563,-51.298338591817476
Nova Petrópolis,Serra Gaúcha,Vila Nova,Casa,—,580394,3,1.0,140,228,140,0,2.0,0,0,4,8,2019,0,95157,-29.38204537658622,-51.142141804820696
Gramado,Serra Gaúcha,Três Pinheiros,Comercial,—,6682326,0,2.0,385,405,385,0,3.0,0,1,5,6,2018,0,95671,-29.40339825372966,-50.85362637815487
Bento Gonçalves,Serra Gaúcha,Fátima,Casa,—,1298156,3,3.5,199,506,199,0,2.0,0,2,4,8,1971,0,95705,-29.1812041502953,-51.541423192824375
Veranópolis,Serra Gaúcha,Centro,Terreno,Centro (avulso),141525,0,0.0,0,380,0,0,0.0,0,3,1,3,1990,0,95331,-28.95262388984295,-51.55002121311022
Porto Alegre,Capital,Partenon,Casa,—,1871696,3,1.0,245,646,245,0,2.0,0,3,2,10,1974,0,90011,-30.049236839223703,-51.248803283431236
Caxias do Sul,Serra Gaúcha,São Pelegrino,Casa,—,1488777,3,2.5,195,713,195,0,1.0,0,0,4,9,1981,0,95019,-29.184108175055115,-51.15173371110751
Bento Gonçalves,Serra Gaúcha,Charqueadas,Apartamento,—,516799,2,1.0,74,74,74,0,5.0,0,4,2,9,2012,2004,95708,-29.131623596254308,-51.52781428363072
Vila Flores,Serra Gaúcha,Centro,Terreno,Florescer Parque Residencial,280000,0,0.0,0,711,0,0,0.0,0,0,3,6,2024,0,95335,-28.86211395353836,-51.59243292650127
Caxias do Sul,Serra Gaúcha,Sagrada Família,Apartamento,—,1195349,1,2.0,144,144,144,0,12.0,1,2,2,9,1992,0,95010,-29.217559185618303,-51.19495037812544
Veranópolis,Serra Gaúcha,Femaçã,Apartamento,—,488539,1,1.0,151,151,151,0,8.0,0,4,3,7,2017,0,95337,-28.98758208016727,-51.59231577203162
Vila Flores,Serra Gaúcha,Bairro Alto,Casa,—,480670,3,1.0,180,457,123,57,2.0,0,1,4,10,1977,2003,95337,-28.888020043524133,-51.5554602066085
Porto Alegre,Capital,Chácara das Pedras,Casa,—,1203043,3,3.0,160,444,160,0,1.0,0,0,4,7,2019,0,90018,-29.991769546495753,-51.26579344709846
Nova Prata,Serra Gaúcha,Frizon,Apartamento,—,353893,1,2.0,95,95,95,0,5.0,0,4,3,10,1971,0,95328,-28.797692417078704,-51.63245479585367
Nova Petrópolis,Serra Gaúcha,Vila Nova,Casa,—,721500,3,2.0,170,551,128,42,1.0,0,1,3,8,1996,2012,95152,-29.407818232757506,-51.08325156386658
Farroupilha,Serra Gaúcha,Desvio Rizzo,Casa,—,1138731,4,1.0,206,624,206,0,2.0,0,1,3,5,1971,0,95184,-29.228400882294828,-51.30398291602262
Canela,Serra Gaúcha,Jardim,Terreno,—,3359107,0,0.0,0,1098,0,0,0.0,0,2,1,4,1993,0,95682,-29.402123335751444,-50.840731750977746
Nova Prata,Serra Gaúcha,Santa Cruz,Apartamento,—,250392,1,2.0,76,76,76,0,12.0,0,2,5,6,1974,0,95325,-28.787919556464246,-51.56418709745444
Caxias do Sul,Serra Gaúcha,Centro,Apartamento,—,1448535,2,2.0,169,169,169,0,6.0,0,0,5,7,1999,0,95019,-29.13902440763794,-51.20989196008788
Nova Prata,Serra Gaúcha,Centro,Terreno,Lot. Gênova,250735,0,0.0,0,354,0,0,0.0,0,2,2,6,2023,0,95323,-28.737836454054214,-51.59789351178091
Bento Gonçalves,Serra Gaúcha,Fátima,Apartamento,—,547036,2,2.0,78,78,78,0,10.0,0,2,4,7,1999,2023,95705,-29.12476509417769,-51.526078976915784
Caxias do Sul,Serra Gaúcha,Sagrada Família,Comercial,—,550262,0,2.0,94,123,94,0,2.0,0,1,3,8,2022,2009,95012,-29.120303271809526,-51.15229670033467
Gramado,Serra Gaúcha,Morada da Serra,Casa,—,5230290,4,1.0,264,494,264,0,2.0,0,1,2,10,2009,0,95678,-29.356921746497846,-50.875206584824866
Canela,Serra Gaúcha,São José,Apartamento,—,988383,1,1.0,74,74,74,0,4.0,0,1,3,7,2014,2015,95689,-29.38754765417169,-50.82073114452164
Nova Prata,Serra Gaúcha,Clivatti,Apartamento,—,556251,1,2.0,154,154,154,0,12.0,0,2,4,9,1987,0,95325,-28.799012788432364,-51.621314701072514
Bento Gonçalves,Serra Gaúcha,Centro,Condomínio Residencial,—,1729257,2,3.0,232,738,232,0,2.0,0,3,5,8,2012,0,95704,-29.130655700917444,-51.49074744413396
Porto Alegre,Capital,Chácara das Pedras,Apartamento,—,1176587,3,2.0,155,155,155,0,12.0,0,2,2,10,1998,2009,90016,-29.988072975164346,-51.25501971113984
Caxias do Sul,Serra Gaúcha,Marechal Floriano,Apartamento,—,1336034,1,2.0,161,161,161,0,3.0,0,3,4,8,1980,0,95011,-29.11793259719399,-51.1562232336926
Porto Alegre,Capital,Partenon,Casa,—,1346431,3,3.5,166,407,166,0,2.0,0,2,4,8,2008,0,90018,-30.01879204534463,-51.25927742997205
Caxias do Sul,Serra Gaúcha,Centro,Apartamento,—,1097607,3,2.0,138,138,138,0,8.0,0,0,3,9,2015,0,95014,-29.1965866024577,-51.210941530417536
Nova Petrópolis,Serra Gaúcha,Recanto Suíço,Apartamento,—,368782,3,2.0,75,75,75,0,3.0,0,3,2,7,2017,0,95154,-29.395224385704015,-51.11531198628074
Caxias do Sul,Serra Gaúcha,Sanvitto,Comercial,—,2483906,0,1.0,331,391,331,0,1.0,0,2,5,6,1978,0,95012,-29.140998965862977,-51.18051545082454
Porto Alegre,Capital,Moinhos de Vento,Apartamento,—,1105066,2,2.0,142,142,142,0,7.0,1,2,3,8,1973,0,90017,-30.024815982640135,-51.22228409038825
Porto Alegre,Capital,Cristal,Apartamento,—,1373931,3,2.0,179,179,179,0,12.0,0,4,4,8,1975,0,90016,-30.050736248913196,-51.24282048161648
Vila Flores,Serra Gaúcha,Centro,Terreno,Clube Residencial Paraíso,186595,0,0.0,0,914,0,0,0.0,0,0,2,4,2005,0,95342,-28.876285994012402,-51.64762198027466
Canela,Serra Gaúcha,Fontes do Ipê,Condomínio Residencial,—,2254186,2,3.5,129,504,129,0,2.0,0,4,4,8,2003,0,95681,-29.322199611519725,-50.832624514175436
Porto Alegre,Capital,Chácara das Pedras,Apartamento,—,440560,3,2.0,55,55,55,0,5.0,0,1,4,9,2023,0,90013,-30.014658194900225,-51.19100495102764
Vila Flores,Serra Gaúcha,Linha Aimoré,Comercial,—,666417,0,1.0,307,345,307,0,1.0,0,2,4,6,1993,0,95339,-28.81554622781184,-51.56547098029673
Veranópolis,Serra Gaúcha,Femaçã,Terreno,Femaçã médio,258325,0,0.0,0,414,0,0,0.0,0,3,2,6,2002,0,95335,-28.96402107007933,-51.56642675101976
Gramado,Serra Gaúcha,Centro,Casa,—,2976061,3,2.0,142,605,142,0,2.0,1,0,4,10,1988,0,95674,-29.333914862008413,-50.85124855331069
Caxias do Sul,Serra Gaúcha,São Pelegrino,Terreno,—,926474,0,0.0,0,568,0,0,0.0,0,0,1,5,2006,0,95010,-29.133180395725223,-51.228605031569884
Canela,Serra Gaúcha,Industrial,Comercial,—,2366915,0,1.0,173,225,173,0,2.0,0,0,5,5,2001,0,95685,-29.407345237870853,-50.7851847250593
Caxias do Sul,Serra Gaúcha,Exposição,Apartamento,—,499479,2,2.0,69,69,69,0,2.0,0,0,2,10,1979,0,95012,-29.166757475035237,-51.191025195377065
Caxias do Sul,Serra Gaúcha,Sanvitto,Apartamento,—,1047526,2,1.0,134,134,134,0,2.0,0,1,5,8,2022,0,95015,-29.161206310477628,-51.162492344457284
Canela,Serra Gaúcha,Centro,Condomínio Residencial,—,4605870,4,2.5,281,851,281,0,3.0,0,0,5,12,2003,0,95688,-29.358728145883294,-50.80745501180035
Garibaldi,Serra Gaúcha,Centro,Casa,—,1552967,4,3.0,292,472,292,0,1.0,0,3,5,5,2014,2004,95728,-29.247658266331722,-51.523084989598914
Veranópolis,Serra Gaúcha,Medianeira,Terreno,Medianeira,262682,0,0.0,0,669,0,0,0.0,0,0,2,5,2005,0,95335,-28.92243882406495,-51.5868071259073
Porto Alegre,Capital,Menino Deus,Apartamento,—,865662,1,2.0,112,112,112,0,4.0,0,0,2,9,1977,0,90015,-30.05021571392681,-51.20168755644413
Bento Gonçalves,Serra Gaúcha,São Roque,Terreno,—,1028733,0,0.0,0,645,0,0,0.0,0,0,3,5,1998,0,95701,-29.20372544523432,-51.50705380748355
Bento Gonçalves,Serra Gaúcha,São Roque,Condomínio Residencial,—,2938779,3,3.5,330,746,282,48,2.0,0,3,4,10,2023,0,95708,-29.148136770969998,-51.50389207578548
Nova Prata,Serra Gaúcha,Sagrada Família,Terreno,Sagrada Família / Centro,322119,0,0.0,0,356,0,0,0.0,0,3,1,3,1990,0,95325,-28.80836417743147,-51.61415160789872
Gramado,Serra Gaúcha,Canavial,Condomínio Residencial,—,8173772,4,3.5,333,795,330,3,2.0,0,3,5,11,2007,0,95670,-29.362465513156575,-50.88238719578002
Caxias do Sul,Serra Gaúcha,Marechal Floriano,Condomínio Residencial,—,2190045,4,3.5,214,373,214,0,1.0,0,1,4,11,1972,2015,95015,-29.19616611898643,-51.13910570955714
Nova Petrópolis,Serra Gaúcha,Recanto Suíço,Casa,—,1308648,2,1.5,281,622,281,0,1.0,0,1,3,8,2005,0,95156,-29.376024773578727,-51.12534638700631
Gramado,Serra Gaúcha,Canavial,Condomínio Residencial,—,5540224,3,3.0,239,636,239,0,1.0,0,4,4,10,1970,0,95670,-29.35838740540008,-50.84656765374723
Veranópolis,Serra Gaúcha,Medianeira,Apartamento,—,211593,2,1.0,74,74,74,0,1.0,0,0,5,6,2023,0,95332,-28.95838227160867,-51.5770637244968
Caxias do Sul,Serra Gaúcha,São Pelegrino,Casa,—,2020304,4,3.5,240,700,240,0,2.0,0,0,2,10,2023,0,95017,-29.194656307948733,-51.19723133326735
Nova Petrópolis,Serra Gaúcha,Recanto Suíço,Casa,—,740966,4,2.0,176,317,130,46,3.0,0,1,5,7,1998,2016,95150,-29.34299305405483,-51.13064030836584
Nova Petrópolis,Serra Gaúcha,Linha Imperial,Casa,—,934561,4,2.0,191,431,191,0,2.0,0,1,2,8,2006,0,95158,-29.40175521652289,-51.10721609433399
Caxias do Sul,Serra Gaúcha,Sanvitto,Apartamento,—,1175090,1,1.0,153,153,153,0,4.0,0,3,2,8,1992,0,95019,-29.19371073939489,-51.18905505228618
Nova Prata,Serra Gaúcha,Santa Cruz,Terreno,Lot. Schneider,236349,0,0.0,0,348,0,0,0.0,0,3,2,6,2014,0,95322,-28.77535194477728,-51.65832400414539
Porto Alegre,Capital,Cristal,Apartamento,—,1354254,3,1.0,177,177,177,0,3.0,0,2,3,8,1975,0,90012,-30.06647900222038,-51.18923396341692
Porto Alegre,Capital,Cristal,Casa,—,2184387,2,3.5,272,756,272,0,1.0,0,1,4,6,1985,0,90016,-30.053016305715,-51.24048525310877
Veranópolis,Serra Gaúcha,Centro,Apartamento,—,496188,1,1.0,178,178,178,0,3.0,0,1,2,6,1983,0,95336,-28.9031400371499,-51.578203496838675
Gramado,Serra Gaúcha,Centro,Condomínio Residencial,—,4778779,2,2.5,195,339,182,13,3.0,0,2,3,11,2011,0,95677,-29.339349542280313,-50.88266507517747
Garibaldi,Serra Gaúcha,Progresso,Casa,—,845376,4,2.5,184,639,184,0,3.0,0,2,5,10,1973,0,95724,-29.24574102855042,-51.50447508523288
Gramado,Serra Gaúcha,Canavial,Condomínio Residencial,—,7870900,4,3.5,308,657,266,42,1.0,0,1,5,10,2007,0,95679,-29.41611176156477,-50.89119957744445
Nova Petrópolis,Serra Gaúcha,Pinhal Alto,Terreno,—,378372,0,0.0,0,358,0,0,0.0,0,0,1,4,1999,0,95155,-29.42029944282323,-51.12562378517548
Gramado,Serra Gaúcha,Mato Queimado,Condomínio Residencial,—,4707366,4,3.0,200,431,200,0,1.0,0,1,3,12,1973,0,95670,-29.41564579190486,-50.84337454044093
Canela,Serra Gaúcha,Jardim,Apartamento,—,1177468,1,1.0,78,78,78,0,4.0,0,2,3,7,2008,2010,95683,-29.394258628655223,-50.79422758004419
Nova Petrópolis,Serra Gaúcha,Vila Nova,Casa,—,1044106,3,2.0,229,456,161,68,1.0,0,2,3,6,2008,0,95154,-29.384697344953725,-51.077828256643016
Canela,Serra Gaúcha,Fontes do Ipê,Condomínio Residencial,—,5220835,2,3.5,311,433,311,0,1.0,1,1,5,10,2023,0,95684,-29.340661698624643,-50.838834652443424
Porto Alegre,Capital,Partenon,Apartamento,—,1035991,1,2.0,129,129,129,0,8.0,0,4,2,6,2000,0,90017,-30.053765580236888,-51.2014773944147
Gramado,Serra Gaúcha,Centro,Casa,—,5611007,3,1.0,290,783,290,0,2.0,0,0,4,9,2016,0,95678,-29.408872916990987,-50.91761415564451
Nova Prata,Serra Gaúcha,Frizon,Apartamento,—,479815,1,2.0,139,139,139,0,6.0,0,4,3,6,1974,2003,95325,-28.8272777459344,-51.584652922438714
Gramado,Serra Gaúcha,Três Pinheiros,Apartamento,—,1969706,3,2.0,108,108,108,0,5.0,0,3,4,10,1992,0,95675,-29.336731501576242,-50.87674934195637
Nova Prata,Serra Gaúcha,São Cristóvão,Terreno,Lot. Colinas do Caravaggio,160714,0,0.0,0,397,0,0,0.0,0,2,2,3,1998,0,95321,-28.83369734662699,-51.574596977963985
Garibaldi,Serra Gaúcha,Bela Vista,Terreno,—,1426002,0,0.0,0,1174,0,0,0.0,0,0,2,3,2017,0,95729,-29.281331587944575,-51.57536021726869
Bento Gonçalves,Serra Gaúcha,Charqueadas,Apartamento,—,379218,3,1.0,56,56,56,0,4.0,0,2,3,10,1980,2012,95706,-29.215181270940523,-51.485821361951864
Caxias do Sul,Serra Gaúcha,Centro,Terreno,—,1476300,0,0.0,0,823,0,0,0.0,0,0,2,4,2016,0,95019,-29.2156023321059,-51.1313096931873
Porto Alegre,Capital,Três Figueiras,Apartamento,—,1296530,1,2.0,168,168,168,0,3.0,0,0,4,8,1983,2001,90013,-29.989413080892444,-51.264296122256674
Gramado,Serra Gaúcha,Várzea Grande,Condomínio Residencial,—,6027494,3,2.5,233,468,233,0,2.0,0,3,4,10,2017,2005,95670,-29.391253056559364,-50.88807644161007
Caxias do Sul,Serra Gaúcha,São Pelegrino,Comercial,—,304505,0,1.0,48,176,48,0,2.0,0,1,4,8,1983,2015,95010,-29.16015565589193,-51.21824964948741
Veranópolis,Serra Gaúcha,Medianeira,Apartamento,—,288929,3,1.0,89,89,89,0,4.0,0,4,4,9,1977,0,95337,-28.986781842071796,-51.59757742749257
Vila Flores,Serra Gaúcha,Centro,Terreno,Clube Residencial Paraíso,201816,0,0.0,0,922,0,0,0.0,0,0,3,3,2021,0,95340,-28.86392304861224,-51.648552147837755
Canela,Serra Gaúcha,Jardim,Condomínio Residencial,—,5591010,4,2.0,315,741,315,0,2.0,0,1,5,11,2012,0,95684,-29.339422174249066,-50.82698155507894
Veranópolis,Serra Gaúcha,Centro,Terreno,Centro (avulso),132670,0,0.0,0,347,0,0,0.0,0,2,3,3,1998,0,95336,-28.938566822908843,-51.60576165045898
Caxias do Sul,Serra Gaúcha,Exposição,Apartamento,—,1430846,3,1.0,174,174,174,0,5.0,0,1,5,7,1970,0,95016,-29.145352620979697,-51.17266613331545
Canela,Serra Gaúcha,Fontes do Ipê,Condomínio Residencial,—,4744411,3,2.0,290,570,290,0,1.0,0,2,3,9,1984,0,95680,-29.329483250324397,-50.80863119556192
Gramado,Serra Gaúcha,Várzea Grande,Apartamento,—,3211393,2,2.0,167,167,167,0,12.0,0,3,4,8,2008,0,95679,-29.3603572279239,-50.92377724176532
Caxias do Sul,Serra Gaúcha,Desvio Rizzo,Casa,—,1235789,4,3.0,149,540,149,0,2.0,0,3,5,5,1974,2012,95017,-29.162862356581012,-51.151128789726855
Caxias do Sul,Serra Gaúcha,Sagrada Família,Apartamento,—,1015737,2,1.0,128,128,128,0,2.0,0,2,2,9,1994,2002,95019,-29.216250785721186,-51.22839270551826
Veranópolis,Serra Gaúcha,Medianeira,Apartamento,—,217662,1,1.0,78,78,78,0,10.0,0,2,3,6,2007,2006,95339,-28.906985824934385,-51.57325877566061
Bento Gonçalves,Serra Gaúcha,Planalto,Comercial,—,1152432,0,2.0,242,361,242,0,1.0,0,2,5,8,2016,0,95705,-29.122925681130212,-51.47452657262712
Vila Flores,Serra Gaúcha,Linha Aimoré,Casa,—,395428,4,1.0,163,364,163,0,1.0,0,1,4,6,2016,0,95335,-28.891110732377584,-51.60439883963536
Porto Alegre,Capital,Centro Histórico,Terreno,—,684792,0,0.0,0,480,0,0,0.0,0,1,3,3,2020,0,90017,-30.056847064743437,-51.26023228638131
Porto Alegre,Capital,Menino Deus,Apartamento,—,452884,3,1.0,62,62,62,0,5.0,0,1,2,7,1975,0,90012,-30.080295754607455,-51.179277905500726
Nova Prata,Serra Gaúcha,São Cristóvão,Terreno,Lot. Colinas do Caravaggio,152107,0,0.0,0,379,0,0,0.0,0,2,2,3,2007,0,95323,-28.77049474882946,-51.58864827039582
Porto Alegre,Capital,Mont'Serrat,Terreno,—,1694173,0,0.0,0,1032,0,0,0.0,0,2,2,3,2003,0,90015,-30.02079835816902,-51.245310855615635
Porto Alegre,Capital,Chácara das Pedras,Apartamento,—,928116,3,1.0,134,134,134,0,5.0,0,4,2,8,2019,2021,90013,-30.06510537765677,-51.25930134772126
Porto Alegre,Capital,Petrópolis,Apartamento,—,1029180,1,1.0,148,148,148,0,1.0,0,4,5,8,2013,0,90019,-30.06114031303013,-51.21500110956968
Caxias do Sul,Serra Gaúcha,Sagrada Família,Comercial,—,829321,0,1.0,113,212,113,0,2.0,0,0,5,6,2012,2009,95013,-29.199671137751153,-51.17326855165914
Caxias do Sul,Serra Gaúcha,Sanvitto,Apartamento,—,1327409,3,2.0,154,154,154,0,4.0,0,1,2,7,2021,0,95013,-29.140931184819568,-51.192250157787925
Farroupilha,Serra Gaúcha,Pio X,Terreno,—,749293,0,0.0,0,606,0,0,0.0,0,1,1,6,2018,0,95182,-29.247721503172233,-51.32710144177422
Nova Prata,Serra Gaúcha,Santa Cruz,Casa,—,457027,4,1.5,118,222,92,26,2.0,0,2,5,7,2006,0,95328,-28.756605898966544,-51.581434181584505
Bento Gonçalves,Serra Gaúcha,Planalto,Apartamento,—,455723,2,2.0,66,66,66,0,2.0,0,1,5,10,2005,0,95708,-29.193023505554667,-51.551306052766186
Caxias do Sul,Serra Gaúcha,Sagrada Família,Apartamento,—,1156523,1,2.0,134,134,134,0,6.0,0,0,5,9,1992,2020,95012,-29.128625769768206,-51.1973072820492
Vila Flores,Serra Gaúcha,Centro,Apartamento,—,195151,3,2.0,74,74,74,0,4.0,0,4,3,9,1973,2003,95344,-28.813476357804735,-51.6239696006217
Porto Alegre,Capital,Cidade Baixa,Apartamento,—,640007,3,1.0,86,86,86,0,1.0,0,1,3,8,1992,0,90016,-30.048049443746244,-51.188690644715855
Porto Alegre,Capital,Centro Histórico,Terreno,—,1655701,0,0.0,0,1177,0,0,0.0,0,3,2,3,2018,0,90017,-30.01329398830838,-51.17886697711678
Porto Alegre,Capital,Bela Vista,Terreno,—,1730710,0,0.0,0,997,0,0,0.0,0,3,2,4,2017,0,90014,-29.999160926433984,-51.17286149259988
Porto Alegre,Capital,Cristal,Apartamento,—,1330770,2,1.0,166,166,166,0,7.0,0,4,3,8,2003,2007,90015,-30.053218239152557,-51.19733575844935
Garibaldi,Serra Gaúcha,Bela Vista,Apartamento,—,390538,2,1.0,75,75,75,0,7.0,0,2,2,9,1978,0,95720,-29.215103040854867,-51.56600935251893
Bento Gonçalves,Serra Gaúcha,São Roque,Casa,—,951323,3,3.0,156,715,156,0,1.0,0,3,3,7,1996,0,95705,-29.209632996895962,-51.55314728769573
Bento Gonçalves,Serra Gaúcha,Planalto,Terreno,—,1258162,0,0.0,0,866,0,0,0.0,0,1,3,4,2010,0,95704,-29.164595889534862,-51.49088800475016
Caxias do Sul,Serra Gaúcha,Sagrada Família,Casa,—,1205815,2,3.0,151,307,151,0,2.0,0,3,4,6,1980,2003,95017,-29.163089693414467,-51.210976462145794
Farroupilha,Serra Gaúcha,São Caetano,Condomínio Residencial,—,1732769,3,3.0,228,345,228,0,1.0,0,0,5,11,1971,0,95183,-29.21782600945155,-51.32183426422663
Nova Prata,Serra Gaúcha,Centro,Terreno,Lot. Gênova,214024,0,0.0,0,342,0,0,0.0,0,2,3,3,2016,0,95320,-28.777620842549844,-51.56769737982949
Caxias do Sul,Serra Gaúcha,Marechal Floriano,Casa,—,2099568,3,1.5,273,430,244,29,1.0,0,3,4,7,2020,0,95015,-29.16075946833549,-51.21078375327243
Nova Prata,Serra Gaúcha,Santa Cruz,Terreno,Lot. Schneider,226197,0,0.0,0,343,0,0,0.0,0,1,1,4,1998,0,95322,-28.775404179215272,-51.59641666789652
Porto Alegre,Capital,Moinhos de Vento,Casa,—,667887,4,1.0,92,427,92,0,1.0,0,4,4,10,1977,0,90016,-29.994452459673237,-51.253019410372204
Farroupilha,Serra Gaúcha,Centro,Casa,—,1623067,4,2.0,285,646,262,23,2.0,0,1,5,10,1995,0,95187,-29.183679732069272,-51.387461979116566
Gramado,Serra Gaúcha,Morada da Serra,Comercial,—,4705039,0,1.0,317,488,317,0,3.0,0,0,3,6,1981,0,95675,-29.33642983327801,-50.84384169093826
Nova Petrópolis,Serra Gaúcha,Recanto Suíço,Condomínio Residencial,—,726099,3,3.5,126,542,126,0,1.0,0,1,4,11,2011,0,95157,-29.38146008780045,-51.076816002456084
Nova Prata,Serra Gaúcha,São Cristóvão,Casa,—,1105563,3,1.5,295,548,295,0,3.0,0,1,3,8,1996,0,95325,-28.829379361355702,-51.65529430085085
Caxias do Sul,Serra Gaúcha,Desvio Rizzo,Terreno,—,1360744,0,0.0,0,669,0,0,0.0,0,2,3,3,1995,0,95017,-29.132288855951465,-51.16867382993006
Farroupilha,Serra Gaúcha,Centro,Apartamento,—,706583,1,1.0,117,117,117,0,4.0,0,3,5,9,2005,0,95184,-29.210564107951317,-51.34716977154836
Porto Alegre,Capital,Menino Deus,Apartamento,—,427020,2,2.0,53,53,53,0,5.0,0,4,5,7,2011,0,90018,-30.00273900324397,-51.20260303171633
Porto Alegre,Capital,Cristal,Comercial,—,1875784,0,2.0,283,326,283,0,2.0,0,2,3,6,1973,0,90011,-30.048727785012286,-51.225745417022395
Canela,Serra Gaúcha,Fontes do Ipê,Casa,—,1782535,3,3.0,133,293,133,0,1.0,0,4,3,7,2000,2012,95688,-29.378940094512444,-50.81767537079185
Nova Prata,Serra Gaúcha,Sagrada Família,Condomínio Residencial,—,985705,3,2.5,205,669,180,25,2.0,0,2,4,8,1991,0,95323,-28.812047085662478,-51.619990288215824
Garibaldi,Serra Gaúcha,São João,Comercial,—,888977,0,1.0,229,237,229,0,1.0,0,0,3,6,1982,2018,95720,-29.212915850595394,-51.4906343452293
Caxias do Sul,Serra Gaúcha,Marechal Floriano,Apartamento,—,811551,2,1.0,97,97,97,0,5.0,0,1,3,6,1988,0,95012,-29.136682530897087,-51.191246982945934
Vila Flores,Serra Gaúcha,Linha Aimoré,Terreno,Linha Aimoré,159362,0,0.0,0,855,0,0,0.0,0,1,1,5,2023,0,95343,-28.898225572933683,-51.631217790913986
Porto Alegre,Capital,Três Figueiras,Apartamento,—,577902,1,1.0,75,75,75,0,4.0,0,0,5,8,2015,2016,90018,-30.021127832779918,-51.17736514783244
Canela,Serra Gaúcha,Centro,Condomínio Residencial,—,2743948,3,3.0,148,423,148,0,1.0,0,4,5,11,1996,0,95683,-29.316368869602865,-50.76719595462674
Vila Flores,Serra Gaúcha,Centro,Terreno,Florescer Parque Residencial,285000,0,0.0,0,436,0,0,0.0,0,2,3,6,2021,0,95335,-28.85698964244501,-51.60585788710174
Porto Alegre,Capital,Três Figueiras,Casa,—,1439811,4,1.0,193,539,193,0,2.0,0,2,3,9,2007,0,90015,-30.07687382256207,-51.20788911351229
Caxias do Sul,Serra Gaúcha,São Pelegrino,Comercial,—,2806757,0,1.0,369,385,369,0,1.0,0,1,4,5,2012,2002,95013,-29.13977597353811,-51.17669075525309
Gramado,Serra Gaúcha,Três Pinheiros,Casa,—,1701230,4,2.5,78,383,78,0,2.0,0,1,2,10,1986,0,95675,-29.41607067414889,-50.8480161645481
Veranópolis,Serra Gaúcha,Medianeira,Casa,—,839347,2,1.0,274,642,274,0,1.0,0,1,2,6,1978,0,95339,-28.920332961158135,-51.55002161851116
Bento Gonçalves,Serra Gaúcha,Fátima,Apartamento,—,1076660,1,1.0,171,171,171,0,5.0,0,1,5,10,1997,0,95700,-29.183786982644612,-51.50425552014463
Farroupilha,Serra Gaúcha,Centro,Casa,—,929600,4,3.5,162,630,162,0,1.0,0,4,4,5,2003,0,95187,-29.224072917084676,-51.38342827765234
Farroupilha,Serra Gaúcha,Desvio Rizzo,Condomínio Residencial,—,1709444,3,2.0,233,827,233,0,3.0,0,2,5,12,1988,0,95187,-29.18258887180715,-51.358877325416
Vila Flores,Serra Gaúcha,Centro,Terreno,Florescer Parque Residencial,270000,0,0.0,0,420,0,0,0.0,0,0,3,6,2023,0,95335,-28.855386062059072,-51.60183291923367
Caxias do Sul,Serra Gaúcha,Sagrada Família,Terreno,—,606306,0,0.0,0,353,0,0,0.0,0,0,1,5,2000,0,95016,-29.152355228356676,-51.18762742121765
Porto Alegre,Capital,Chácara das Pedras,Casa,—,1995180,3,2.0,239,820,239,0,2.0,0,2,4,5,2023,0,90011,-30.055397599132842,-51.21608381734628
Caxias do Sul,Serra Gaúcha,Santa Catarina,Casa,—,1566159,4,1.5,209,722,209,0,1.0,0,0,5,8,2010,0,95018,-29.151208221999937,-51.13294584333066
Porto Alegre,Capital,Bela Vista,Comercial,—,1903681,0,1.0,310,316,310,0,2.0,0,2,5,6,2013,0,90016,-29.993701479097155,-51.19783172446002
Caxias do Sul,Serra Gaúcha,Sagrada Família,Apartamento,—,1246744,3,2.0,143,143,143,0,5.0,0,0,4,10,1972,0,95016,-29.126657760099942,-51.229138564298474
Farroupilha,Serra Gaúcha,Centro,Apartamento,—,920390,1,2.0,162,162,162,0,5.0,0,2,2,10,1985,0,95183,-29.27164417440727,-51.3341408992989
Bento Gonçalves,Serra Gaúcha,Charqueadas,Condomínio Residencial,—,954195,3,2.5,128,311,128,0,2.0,0,2,3,12,1987,2019,95708,-29.130813308132655,-51.56831505430021
Canela,Serra Gaúcha,Centro,Condomínio Residencial,—,2777565,4,2.0,168,388,142,26,3.0,0,1,3,8,1985,0,95682,-29.339636148106983,-50.85783333707171
Vila Flores,Serra Gaúcha,Centro,Casa,—,413687,4,1.0,160,276,160,0,3.0,0,1,4,5,1982,0,95335,-28.853886188901782,-51.602471604096294
Nova Petrópolis,Serra Gaúcha,Pinhal Alto,Casa,—,1216305,2,2.5,260,486,260,0,1.0,0,3,4,6,2022,2001,95159,-29.391284725233827,-51.142856619220346
Bento Gonçalves,Serra Gaúcha,Centro,Apartamento,—,426276,1,1.0,67,67,67,0,5.0,0,0,3,10,2004,0,95703,-29.204205577643595,-51.47119630968541
Vila Flores,Serra Gaúcha,Centro,Terreno,Florescer Parque Residencial,310000,0,0.0,0,420,0,0,0.0,0,1,3,6,2020,0,95335,-28.85081597315698,-51.611171781593335
Caxias do Sul,Serra Gaúcha,São Pelegrino,Casa,—,711746,4,1.0,90,651,90,0,2.0,0,3,4,5,1999,0,95015,-29.121391002534033,-51.17016023275082
Caxias do Sul,Serra Gaúcha,Exposição,Condomínio Residencial,—,2074522,4,2.0,216,768,216,0,2.0,0,3,4,11,1990,2017,95011,-29.200804417254066,-51.22474671904228
Garibaldi,Serra Gaúcha,Santa Marta,Casa,—,776937,4,3.5,165,397,165,0,1.0,0,4,3,6,1996,0,95721,-29.271183950411277,-51.50380081816148
Porto Alegre,Capital,Cristal,Terreno,—,898501,0,0.0,0,638,0,0,0.0,0,2,2,6,2009,0,90015,-30.012048815477986,-51.1833837876819
Bento Gonçalves,Serra Gaúcha,Charqueadas,Apartamento,—,694705,3,2.0,116,116,116,0,4.0,0,3,3,10,2012,2023,95704,-29.15883138995174,-51.56076316900785
Canela,Serra Gaúcha,São José,Condomínio Residencial,—,3876790,4,3.5,199,604,199,0,2.0,0,4,3,11,2022,2019,95689,-29.40313889982014,-50.81357551252554
Vila Flores,Serra Gaúcha,Centro,Casa,—,756226,4,3.0,297,649,297,0,2.0,0,2,4,9,1971,0,95340,-28.85323721885049,-51.58002586841272
Veranópolis,Serra Gaúcha,Renovação,Terreno,Renovação,393052,0,0.0,0,491,0,0,0.0,0,1,3,6,2023,0,95338,-28.90935430341667,-51.547355988180435
Porto Alegre,Capital,Cristal,Apartamento,—,421125,3,2.0,56,56,56,0,3.0,0,3,3,6,2000,2000,90015,-29.990663600313937,-51.26745241210172
Vila Flores,Serra Gaúcha,Centro,Terreno,Clube Residencial Paraíso,233254,0,0.0,0,1068,0,0,0.0,0,0,3,4,2022,0,95343,-28.84260456386088,-51.62504106381045
Vila Flores,Serra Gaúcha,Centro,Terreno,Clube Residencial Paraíso,239476,0,0.0,0,1119,0,0,0.0,0,2,3,3,2001,0,95336,-28.82977189411316,-51.64227111615703
Porto Alegre,Capital,Cidade Baixa,Apartamento,—,870387,2,1.0,119,119,119,0,10.0,0,2,5,7,1995,0,90018,-29.999736803202907,-51.177631173258305
Nova Prata,Serra Gaúcha,Frizon,Casa,—,384185,4,3.0,115,680,115,0,2.0,0,3,3,5,1994,0,95329,-28.75994748744785,-51.61806679683038
Canela,Serra Gaúcha,São José,Condomínio Residencial,—,2595415,2,2.5,135,427,135,0,2.0,0,3,4,8,1988,0,95683,-29.33866578985055,-50.80471951408595
Caxias do Sul,Serra Gaúcha,Exposição,Casa,—,1594672,2,1.0,214,329,214,0,2.0,0,3,4,8,2003,0,95019,-29.193223753367594,-51.148323478301776
Caxias do Sul,Serra Gaúcha,São Pelegrino,Apartamento,—,760956,2,1.0,92,92,92,0,5.0,0,1,2,10,2000,0,95010,-29.151004790857723,-51.16292413309768
Canela,Serra Gaúcha,Industrial,Condomínio Residencial,—,4556740,2,2.5,251,722,251,0,2.0,0,1,3,12,1983,2020,95681,-29.364182296339383,-50.84588755943843
Porto Alegre,Capital,Cidade Baixa,Terreno,—,1212089,0,0.0,0,852,0,0,0.0,0,0,2,4,2001,0,90015,-29.994999191516644,-51.19418544861371
Porto Alegre,Capital,Centro Histórico,Apartamento,—,1215244,2,1.0,156,156,156,0,7.0,0,1,3,8,1972,0,90010,-30.054997162286305,-51.257487452160774
Gramado,Serra Gaúcha,Morada da Serra,Apartamento,—,1468382,2,2.0,70,70,70,0,6.0,0,3,4,7,2023,0,95679,-29.42765301220588,-50.84649714436897
Canela,Serra Gaúcha,São José,Casa,—,2590486,2,1.5,172,658,172,0,2.0,0,1,4,8,2013,0,95681,-29.381796751193736,-50.8206482930421
Gramado,Serra Gaúcha,Centro,Terreno,—,5267025,0,0.0,0,1127,0,0,0.0,0,1,3,5,2014,0,95679,-29.39474617377984,-50.90981434487573
Canela,Serra Gaúcha,Reserva da Serra,Apartamento,—,1878346,2,2.0,143,143,143,0,4.0,0,4,2,8,1978,0,95689,-29.386552482959825,-50.77233826029325
Veranópolis,Serra Gaúcha,Medianeira,Casa,—,497699,2,1.5,179,307,179,0,2.0,0,0,3,8,2002,0,95331,-28.94314246640445,-51.60748081114331
Veranópolis,Serra Gaúcha,Medianeira,Apartamento,—,497130,3,1.0,178,178,178,0,1.0,0,1,3,6,2006,0,95334,-28.94976966246043,-51.55410439337165
Canela,Serra Gaúcha,Reserva da Serra,Terreno,—,3225904,0,0.0,0,940,0,0,0.0,0,1,3,4,2001,0,95681,-29.31715625733223,-50.82651532189745
Nova Petrópolis,Serra Gaúcha,Pinhal Alto,Casa,—,979258,2,2.0,201,557,201,0,2.0,0,0,4,5,1983,2023,95153,-29.330786005969294,-51.09412174384306
Veranópolis,Serra Gaúcha,Femaçã,Apartamento,—,254693,3,2.0,94,94,94,0,4.0,0,1,4,8,2016,0,95338,-28.934882659516703,-51.5822676097423
Veranópolis,Serra Gaúcha,Femaçã,Casa,—,569466,2,2.0,170,552,170,0,1.0,0,1,5,10,1985,0,95333,-28.970790721419483,-51.560564839886226
Gramado,Serra Gaúcha,Canavial,Terreno,—,5508249,0,0.0,0,1164,0,0,0.0,0,3,1,5,2009,0,95670,-29.360858119433008,-50.86983319861681
Veranópolis,Serra Gaúcha,São Pelegrino,Casa,—,815903,2,1.5,245,448,245,0,1.0,0,1,5,9,2010,2005,95334,-28.944387262971073,-51.524575689091314
Bento Gonçalves,Serra Gaúcha,São Bento,Apartamento,—,879508,3,2.0,127,127,127,0,1.0,0,3,3,10,2020,0,95702,-29.15767244246127,-51.55845112155149
Porto Alegre,Capital,Cristal,Casa,—,1197045,3,2.5,164,470,164,0,1.0,0,3,5,7,1992,0,90010,-30.035342107858764,-51.18980458396664
Porto Alegre,Capital,Três Figueiras,Comercial,—,2902808,0,1.0,397,403,397,0,2.0,0,2,2,6,2001,2010,90015,-30.057444631573983,-51.21459781246484
Vila Flores,Serra Gaúcha,Centro,Terreno,Florescer Parque Residencial,303000,0,0.0,0,420,0,0,0.0,0,0,3,6,2018,0,95335,-28.866818550963114,-51.60225142040113
Caxias do Sul,Serra Gaúcha,Marechal Floriano,Terreno,—,1293498,0,0.0,0,851,0,0,0.0,0,1,3,3,1992,0,95017,-29.197097439932346,-51.13622977336599
Caxias do Sul,Serra Gaúcha,Centro,Condomínio Residencial,—,2222326,3,2.5,222,560,211,11,2.0,0,2,5,8,2016,0,95010,-29.201809280027383,-51.19016915092925
Porto Alegre,Capital,Moinhos de Vento,Apartamento,—,954797,3,1.0,117,117,117,0,7.0,0,1,3,8,1995,0,90010,-30.000626600050285,-51.20803674023259
Farroupilha,Serra Gaúcha,Centro,Casa,—,1434624,4,2.0,274,612,227,47,2.0,0,2,4,7,1982,0,95189,-29.191523387367994,-51.312756648118956
Vila Flores,Serra Gaúcha,Bairro Alto,Comercial,—,236304,0,1.0,104,231,104,0,1.0,0,1,3,8,1998,0,95339,-28.827944524020353,-51.614858175640016
Garibaldi,Serra Gaúcha,São João,Casa,—,1234782,4,2.5,257,627,257,0,1.0,0,0,2,6,2005,2003,95722,-29.260401924184006,-51.515284678257125
Vila Flores,Serra Gaúcha,Centro,Comercial,—,85208,0,1.0,37,177,37,0,2.0,0,0,3,8,2021,2014,95342,-28.842247876256973,-51.606856667462935
Canela,Serra Gaúcha,Reserva da Serra,Casa,—,1207878,2,2.0,82,595,82,0,3.0,0,4,3,8,2011,0,95683,-29.341495249535242,-50.85248569873029
Canela,Serra Gaúcha,Jardim,Terreno,—,3162112,0,0.0,0,993,0,0,0.0,0,2,2,6,2012,0,95684,-29.34957556391824,-50.78687247153137
Caxias do Sul,Serra Gaúcha,Exposição,Apartamento,—,648435,3,2.0,89,89,89,0,7.0,0,2,2,6,2001,2010,95014,-29.171547354842694,-51.21364866023159
Caxias do Sul,Serra Gaúcha,Santa Catarina,Casa,—,2175886,2,2.0,255,786,255,0,1.0,0,1,3,9,1981,2018,95010,-29.15811403116905,-51.16050204517439
Porto Alegre,Capital,Centro Histórico,Casa,—,1926504,2,3.0,238,577,238,0,2.0,0,2,4,7,2020,0,90013,-30.006741965617074,-51.17100866597241
Porto Alegre,Capital,Cidade Baixa,Apartamento,—,1197783,1,2.0,156,156,156,0,4.0,0,4,2,6,1982,0,90011,-30.02543973869877,-51.16864785442469
Vila Flores,Serra Gaúcha,Centro,Terreno,Florescer Parque Residencial,285000,0,0.0,0,420,0,0,0.0,0,0,3,6,2023,0,95335,-28.857455237065924,-51.60142236174931
Bento Gonçalves,Serra Gaúcha,Fátima,Casa,—,1029003,4,2.0,159,277,159,0,3.0,0,2,5,8,1989,0,95703,-29.133349167068932,-51.55825609747304
Caxias do Sul,Serra Gaúcha,Marechal Floriano,Apartamento,—,397248,3,2.0,46,46,46,0,1.0,0,2,3,7,1979,2008,95018,-29.183909407121952,-51.20956248981777
Veranópolis,Serra Gaúcha,Femaçã,Terreno,Morada do Bosque,374251,0,0.0,0,453,0,0,0.0,0,2,2,4,2006,0,95336,-28.976434297231233,-51.53293950214875
Vila Flores,Serra Gaúcha,Linha Aimoré,Casa,—,351199,2,1.5,134,367,134,0,1.0,0,2,2,9,1991,0,95342,-28.8416629087345,-51.60013329386801
Vila Flores,Serra Gaúcha,Centro,Casa,—,383277,2,3.5,142,242,142,0,2.0,0,4,2,8,1975,0,95337,-28.827815239168523,-51.586139015062095
Porto Alegre,Capital,Partenon,Casa,—,1397730,2,2.5,167,342,167,0,2.0,0,1,4,6,1982,2007,90011,-30.059410230187144,-51.19093134862111
Farroupilha,Serra Gaúcha,Centro,Apartamento,—,648005,2,2.0,117,117,117,0,3.0,0,2,5,8,1981,0,95186,-29.181100795288756,-51.37051791652739
Gramado,Serra Gaúcha,Centro,Condomínio Residencial,—,7901789,3,3.5,283,799,274,9,2.0,0,3,5,10,1997,2016,95677,-29.331233592178343,-50.8942673612371
Canela,Serra Gaúcha,São José,Casa,—,3104666,3,3.5,197,693,197,0,2.0,0,1,2,8,2003,2005,95684,-29.38580141380372,-50.82680972065087
Porto Alegre,Capital,Bela Vista,Apartamento,—,1107654,1,2.0,151,151,151,0,5.0,0,4,2,6,2014,0,90010,-30.07659271589557,-51.18484493102515
Bento Gonçalves,Serra Gaúcha,São Bento,Casa,—,1174738,3,1.5,198,393,198,0,3.0,0,1,3,5,2022,0,95709,-29.16074528460654,-51.488670063763074
Bento Gonçalves,Serra Gaúcha,Fátima,Casa,—,554665,3,2.5,83,186,83,0,1.0,0,3,5,5,1971,2009,95707,-29.20825347321996,-51.567101606541385
Porto Alegre,Capital,Bela Vista,Apartamento,—,1046254,2,1.0,136,136,136,0,12.0,0,0,2,8,2007,0,90015,-30.032398805509224,-51.2532639852409
Bento Gonçalves,Serra Gaúcha,São Roque,Casa,—,1551210,3,3.5,249,378,249,0,2.0,0,1,3,8,1981,0,95709,-29.183550101759046,-51.565003873270115
Nova Petrópolis,Serra Gaúcha,Linha Imperial,Casa,—,1281309,4,1.0,295,431,295,0,3.0,0,0,4,7,2012,0,95156,-29.332313741813394,-51.14274447808491
Veranópolis,Serra Gaúcha,São Pelegrino,Casa,—,435823,4,2.5,139,641,90,49,1.0,0,1,2,7,2015,2020,95336,-28.972622956355103,-51.528583202905196
Veranópolis,Serra Gaúcha,Centro,Terreno,Centro (avulso),131518,0,0.0,0,354,0,0,0.0,0,2,3,4,2019,0,95333,-28.969558794091306,-51.51545224987025
Veranópolis,Serra Gaúcha,Medianeira,Casa,—,671657,4,2.5,208,528,146,62,1.0,0,1,2,6,1983,0,95339,-28.88857966543489,-51.54038595103773
Caxias do Sul,Serra Gaúcha,Exposição,Terreno,—,1225515,0,0.0,0,645,0,0,0.0,0,2,3,3,2021,0,95019,-29.211151191442557,-51.205066112196114
Caxias do Sul,Serra Gaúcha,São Pelegrino,Casa,—,2352041,3,1.0,270,634,270,0,2.0,0,0,5,5,1981,0,95016,-29.14668896238005,-51.14778067309297
Nova Prata,Serra Gaúcha,Frizon,Casa,—,226085,2,2.0,70,154,70,0,2.0,0,3,5,7,1971,0,95322,-28.794093562869772,-51.653047271088475
Vila Flores,Serra Gaúcha,Centro,Terreno,Florescer Parque Residencial,560000,0,0.0,0,1079,0,0,0.0,0,0,3,6,2018,0,95335,-28.861315117816318,-51.591112673360826
Porto Alegre,Capital,Partenon,Apartamento,—,518686,2,1.0,75,75,75,0,2.0,0,4,3,9,1984,0,90010,-30.022616757079398,-51.20832416202618
Gramado,Serra Gaúcha,Várzea Grande,Terreno,—,2066951,0,0.0,0,524,0,0,0.0,0,0,2,6,1991,0,95670,-29.417971770888546,-50.858569437133255
Porto Alegre,Capital,Centro Histórico,Casa,—,1569519,4,1.0,205,337,205,0,2.0,0,0,2,5,1986,2017,90012,-30.033043256275764,-51.20911657712312
Nova Petrópolis,Serra Gaúcha,Linha Imperial,Condomínio Residencial,—,1318359,3,3.5,229,765,229,0,2.0,0,4,4,10,1983,0,95155,-29.329240282028657,-51.16213098827368
Porto Alegre,Capital,Cidade Baixa,Apartamento,—,505293,2,2.0,62,62,62,0,2.0,0,0,2,8,2012,2019,90013,-30.071397544624038,-51.17408290578568
Porto Alegre,Capital,Mont'Serrat,Terreno,—,1451909,0,0.0,0,858,0,0,0.0,0,0,3,6,2018,0,90012,-30.032839392913864,-51.19199146562315
Porto Alegre,Capital,Cidade Baixa,Condomínio Residencial,—,1201393,3,3.5,121,465,121,0,1.0,0,0,5,12,2013,0,90014,-30.067871556974413,-51.22550867078056
Caxias do Sul,Serra Gaúcha,Desvio Rizzo,Casa,—,1705842,3,3.0,194,646,194,0,1.0,0,4,4,7,2016,0,95019,-29.145471030565215,-51.17540413673995
Canela,Serra Gaúcha,Industrial,Casa,—,3383744,3,3.0,228,325,228,0,1.0,0,4,3,7,2004,0,95687,-29.36247154569163,-50.81202068612265
Bento Gonçalves,Serra Gaúcha,Fátima,Casa,—,742094,2,2.0,125,464,125,0,2.0,0,2,5,9,2011,0,95709,-29.20799792376775,-51.49993839762168
Farroupilha,Serra Gaúcha,Pio X,Apartamento,—,1033195,1,2.0,177,177,177,0,6.0,0,2,4,7,1985,0,95186,-29.23216299524534,-51.34120975868293
Porto Alegre,Capital,Centro Histórico,Comercial,—,2103653,0,1.0,383,399,383,0,1.0,0,2,4,7,2021,0,90015,-30.068272508329926,-51.18435313962
Nova Prata,Serra Gaúcha,Clivatti,Condomínio Residencial,—,678534,4,3.5,161,588,161,0,1.0,0,4,5,12,1995,0,95324,-28.74127386295838,-51.56953041575995
Veranópolis,Serra Gaúcha,Femaçã,Terreno,Cond. Jardim Europa,183117,0,0.0,0,768,0,0,0.0,0,3,3,6,1991,0,95336,-28.980419782966937,-51.5370976423439
Caxias do Sul,Serra Gaúcha,Sanvitto,Comercial,—,1508604,0,2.0,243,428,243,0,1.0,0,1,5,5,1980,0,95014,-29.153081246318482,-51.2027012542017
Nova Prata,Serra Gaúcha,Santa Cruz,Apartamento,—,244351,2,1.0,66,66,66,0,8.0,0,2,3,6,2003,0,95329,-28.82350467018648,-51.65953370572174
Bento Gonçalves,Serra Gaúcha,Centro,Casa,—,677137,2,3.0,98,663,98,0,1.0,0,1,2,10,2010,2022,95701,-29.21528997129456,-51.46959528331192
Canela,Serra Gaúcha,Jardim,Condomínio Residencial,—,4820524,3,3.5,258,529,258,0,3.0,0,2,3,8,1993,0,95689,-29.37519173925101,-50.83845969565219
Caxias do Sul,Serra Gaúcha,Exposição,Casa,—,1486892,2,2.5,197,423,197,0,1.0,0,3,3,6,1976,0,95018,-29.122148840829464,-51.19787727537563
Caxias do Sul,Serra Gaúcha,Centro,Condomínio Residencial,—,1689728,4,3.0,171,364,171,0,2.0,0,4,4,9,2007,2009,95018,-29.121617485950257,-51.168636279741804
Canela,Serra Gaúcha,Reserva da Serra,Casa,—,1368234,3,2.5,87,568,87,0,1.0,0,3,2,7,2006,0,95682,-29.375604816817994,-50.846872751981685
Farroupilha,Serra Gaúcha,Desvio Rizzo,Casa,—,761046,4,1.0,127,719,127,0,2.0,0,2,5,6,1970,0,95182,-29.254643385134234,-51.298842214991396
Gramado,Serra Gaúcha,Centro,Casa,—,1591266,2,2.0,77,544,77,0,1.0,0,2,2,10,1990,0,95673,-29.386060735415857,-50.857123815155596
Gramado,Serra Gaúcha,Morada da Serra,Terreno,—,5374951,0,0.0,0,1129,0,0,0.0,0,1,3,4,2004,0,95676,-29.348499883973695,-50.91595649491455
Nova Petrópolis,Serra Gaúcha,Vila Nova,Casa,—,796153,4,1.5,171,435,171,0,2.0,0,2,5,7,1997,0,95153,-29.416063571597693,-51.156185078529795
Caxias do Sul,Serra Gaúcha,Sagrada Família,Condomínio Residencial,—,2901891,3,2.0,283,859,283,0,2.0,1,4,5,12,2005,0,95014,-29.188235557938842,-51.21118574334321
Vila Flores,Serra Gaúcha,Centro,Terreno,Florescer Parque Residencial,290000,0,0.0,0,464,0,0,0.0,0,0,3,6,2022,0,95335,-28.85668573308967,-51.59248349153047
Porto Alegre,Capital,Partenon,Apartamento,—,388818,2,2.0,54,54,54,0,5.0,0,1,4,10,1999,0,90012,-30.023636478384013,-51.2638282558308
Vila Flores,Serra Gaúcha,Centro,Casa,—,242389,4,1.0,87,326,87,0,2.0,0,3,2,8,1983,0,95336,-28.871514697118318,-51.62296687303867
Porto Alegre,Capital,Chácara das Pedras,Apartamento,—,1144022,3,1.0,154,154,154,0,3.0,0,4,2,8,2011,0,90016,-30.047871955672406,-51.18088409911614
Porto Alegre,Capital,Boa Vista,Apartamento,—,863775,1,1.0,125,125,125,0,10.0,0,4,4,7,2008,0,90016,-30.059531359447217,-51.23590193439805
Caxias do Sul,Serra Gaúcha,Marechal Floriano,Apartamento,—,743598,3,1.0,96,96,96,0,7.0,0,2,3,6,1988,2019,95017,-29.20804376037184,-51.22414720112052
Bento Gonçalves,Serra Gaúcha,Fátima,Casa,—,1796771,2,3.0,282,861,282,0,2.0,0,3,5,9,2003,0,95702,-29.13864233382078,-51.49834996787815
Bento Gonçalves,Serra Gaúcha,São Bento,Terreno,—,1475052,0,0.0,0,996,0,0,0.0,0,1,2,6,1995,0,95702,-29.177150120105697,-51.479134773784295
Nova Prata,Serra Gaúcha,Interior,Terreno,Condomínio fechado interior,332621,0,0.0,0,1628,0,0,0.0,0,3,2,5,2007,0,95325,-28.733987549053065,-51.612720715292724
Farroupilha,Serra Gaúcha,São Caetano,Apartamento,—,467408,1,1.0,81,81,81,0,7.0,0,1,2,9,2012,0,95187,-29.24678873261041,-51.35526221358566
Garibaldi,Serra Gaúcha,Progresso,Casa,—,1302364,2,3.0,289,459,289,0,1.0,0,4,2,6,2009,0,95720,-29.28172035304365,-51.5436128751945
Porto Alegre,Capital,Boa Vista,Comercial,—,2210404,0,1.0,350,459,350,0,1.0,0,2,5,6,2018,2009,90011,-30.05544173468641,-51.212568308429915
Farroupilha,Serra Gaúcha,Cinquentenário,Terreno,—,1305851,0,0.0,0,1082,0,0,0.0,0,1,3,4,2017,0,95183,-29.25553388857499,-51.319493626474724
Veranópolis,Serra Gaúcha,Interior,Apartamento,—,122436,3,1.0,45,45,45,0,1.0,0,0,3,6,1993,0,95336,-28.960695035142617,-51.54275866477231
Porto Alegre,Capital,Moinhos de Vento,Condomínio Residencial,—,1440017,3,2.5,144,358,144,0,3.0,0,4,3,11,1990,0,90012,-29.988255411349567,-51.2176064466555
Nova Prata,Serra Gaúcha,Clivatti,Apartamento,—,428681,1,2.0,134,134,134,0,4.0,0,0,3,9,1983,0,95322,-28.78665157580128,-51.6386658657499
Gramado,Serra Gaúcha,Canavial,Casa,—,2828310,4,3.0,139,231,87,52,1.0,0,3,3,6,2023,2013,95678,-29.423725025439612,-50.8783351230427
Veranópolis,Serra Gaúcha,Centro,Apartamento,—,488575,2,2.0,158,158,158,0,10.0,0,4,3,9,2017,2016,95336,-28.932051812364218,-51.5610757666178
Canela,Serra Gaúcha,Jardim,Terreno,—,934811,0,0.0,0,314,0,0,0.0,0,2,2,3,1993,0,95681,-29.342201433908507,-50.855783117745204
Nova Petrópolis,Serra Gaúcha,Linha Imperial,Apartamento,—,186219,1,2.0,45,45,45,0,10.0,0,1,2,8,1972,0,95159,-29.387827483999533,-51.094770695719625
Caxias do Sul,Serra Gaúcha,Sagrada Família,Casa,—,1013905,3,3.5,131,714,131,0,1.0,0,0,3,8,1986,2014,95015,-29.19257957110075,-51.15673648713961
Vila Flores,Serra Gaúcha,Centro,Terreno,Urbano avulso,163797,0,0.0,0,386,0,0,0.0,0,0,1,6,2018,0,95340,-28.87429854564344,-51.555335584560446
Veranópolis,Serra Gaúcha,Femaçã,Terreno,Cond. Jardim Europa,413835,0,0.0,0,1167,0,0,0.0,0,3,2,5,2012,0,95335,-28.89429517074963,-51.54373538957754
Porto Alegre,Capital,Menino Deus,Apartamento,—,481487,1,2.0,62,62,62,0,4.0,0,2,5,10,2013,0,90010,-30.004628405635188,-51.26549202396759
Caxias do Sul,Serra Gaúcha,Marechal Floriano,Terreno,—,1877257,0,0.0,0,1186,0,0,0.0,0,1,3,4,2020,0,95015,-29.159989290152623,-51.17973609769338
Vila Flores,Serra Gaúcha,Bairro Alto,Apartamento,—,189045,1,2.0,80,80,80,0,5.0,0,2,4,7,1990,0,95337,-28.901973829069803,-51.62009072941623
Canela,Serra Gaúcha,Jardim,Comercial,—,2656216,0,2.0,233,410,233,0,1.0,0,0,2,5,2003,0,95682,-29.363872463971973,-50.773980231468535
Farroupilha,Serra Gaúcha,Cinquentenário,Comercial,—,1884547,0,2.0,358,431,358,0,1.0,0,1,5,8,1991,0,95187,-29.241332761834364,-51.39409699764157
Caxias do Sul,Serra Gaúcha,Sanvitto,Apartamento,—,1219048,2,1.0,140,140,140,0,5.0,0,1,4,9,1987,0,95012,-29.151062941998784,-51.176137086747424
Vila Flores,Serra Gaúcha,Linha Aimoré,Terreno,Linha Aimoré,163260,0,0.0,0,803,0,0,0.0,0,1,1,4,2004,0,95343,-28.875510278828262,-51.63338782674424
Porto Alegre,Capital,Partenon,Apartamento,—,591258,3,1.0,83,83,83,0,6.0,0,4,2,6,2005,0,90013,-30.014508086558966,-51.256709520326005
Bento Gonçalves,Serra Gaúcha,Charqueadas,Casa,—,650899,3,3.5,102,327,36,66,1.0,0,3,5,7,2006,2009,95701,-29.144620319416614,-51.47161754864135
Veranópolis,Serra Gaúcha,Renovação,Apartamento,—,507753,2,2.0,172,172,172,0,4.0,0,0,4,9,2016,0,95339,-28.900412769032524,-51.59976419663285
Porto Alegre,Capital,Cristal,Terreno,—,1378248,0,0.0,0,952,0,0,0.0,0,0,2,6,2006,0,90011,-29.996665296791782,-51.2025687729549
Vila Flores,Serra Gaúcha,Linha Aimoré,Casa,—,662975,2,3.5,268,572,237,31,2.0,0,3,4,9,1994,0,95342,-28.891699363372844,-51.608170680666774
Caxias do Sul,Serra Gaúcha,Sanvitto,Casa,—,888686,3,1.0,109,323,109,0,2.0,0,3,3,6,1988,0,95019,-29.13087888002641,-51.15206677512023
Canela,Serra Gaúcha,Industrial,Condomínio Residencial,—,3197650,3,3.5,183,489,183,0,1.0,0,2,4,10,2008,2009,95685,-29.3684298976432,-50.85774204555955
Bento Gonçalves,Serra Gaúcha,Charqueadas,Casa,—,825179,4,3.0,133,298,133,0,1.0,0,0,5,8,2000,0,95705,-29.163906026714297,-51.5152736234586
Bento Gonçalves,Serra Gaúcha,Centro,Casa,—,1248404,2,3.0,201,603,201,0,2.0,0,3,5,8,2011,0,95704,-29.200682714759093,-51.53840348536936
Porto Alegre,Capital,Bela Vista,Apartamento,—,1279927,3,2.0,163,163,163,0,8.0,0,3,2,6,1972,2023,90015,-29.993674106300745,-51.25716482123305
Caxias do Sul,Serra Gaúcha,Desvio Rizzo,Casa,—,729744,4,1.0,87,361,87,0,2.0,0,4,2,9,2020,0,95011,-29.13375436529375,-51.21887148576694
Porto Alegre,Capital,Bela Vista,Casa,—,2033858,4,1.0,247,468,247,0,2.0,0,4,4,9,2017,0,90019,-30.083623532739914,-51.193359934215174
Caxias do Sul,Serra Gaúcha,Centro,Condomínio Residencial,—,1371078,2,3.0,147,378,104,43,2.0,0,3,3,10,2021,0,95012,-29.136831169219178,-51.143987424221926
Garibaldi,Serra Gaúcha,Bela Vista,Casa,—,1337479,3,3.0,283,746,283,0,2.0,0,1,3,9,1989,0,95720,-29.281991075430515,-51.57843623718524
Farroupilha,Serra Gaúcha,Cinquentenário,Casa,—,809834,3,2.0,143,342,143,0,2.0,0,4,3,6,2015,0,95180,-29.25575475022038,-51.34819372364932
Farroupilha,Serra Gaúcha,Desvio Rizzo,Terreno,—,1012406,0,0.0,0,740,0,0,0.0,0,2,1,4,2010,0,95187,-29.24223411176707,-51.3522671931672
Nova Petrópolis,Serra Gaúcha,Recanto Suíço,Casa,—,1076667,3,3.5,215,298,215,0,3.0,0,3,4,10,1994,0,95150,-29.413512786475412,-51.114462566485464
Nova Petrópolis,Serra Gaúcha,Vila Nova,Casa,—,759524,2,3.5,175,658,175,0,1.0,0,2,3,9,2007,2006,95158,-29.332660663897624,-51.12917607917907
Nova Petrópolis,Serra Gaúcha,Pinhal Alto,Condomínio Residencial,—,1498158,4,2.0,288,778,288,0,2.0,0,1,4,12,2003,2023,95157,-29.387931169632598,-51.07643594065719
Nova Petrópolis,Serra Gaúcha,Vila Nova,Casa,—,331352,4,1.0,76,523,76,0,2.0,0,3,5,9,1988,0,95155,-29.419843825551997,-51.15935636145579
Canela,Serra Gaúcha,Fontes do Ipê,Casa,—,2244049,2,1.5,143,715,91,52,2.0,0,1,3,6,2005,2004,95681,-29.391169364079943,-50.84722915437143
Vila Flores,Serra Gaúcha,Bairro Alto,Apartamento,—,431045,2,2.0,170,170,170,0,4.0,0,4,4,8,2000,0,95344,-28.8660097117308,-51.60569389750561
Nova Prata,Serra Gaúcha,Interior,Condomínio Residencial,—,570249,3,2.0,128,492,99,29,3.0,0,0,4,10,1982,2013,95326,-28.758454958474783,-51.596055931737624
Veranópolis,Serra Gaúcha,Femaçã,Casa,—,206254,3,2.0,74,326,74,0,1.0,0,1,4,7,1972,0,95334,-28.969421352543144,-51.52065147385481
Nova Petrópolis,Serra Gaúcha,Centro,Casa,—,322695,4,1.0,72,329,7,65,2.0,0,0,4,5,2014,2003,95150,-29.40145925477559,-51.070286496518975
Vila Flores,Serra Gaúcha,Bairro Alto,Casa,—,489796,3,1.0,184,749,184,0,1.0,0,1,5,8,2013,0,95339,-28.896493258455333,-51.61418072927128
Caxias do Sul,Serra Gaúcha,Centro,Apartamento,—,1036508,2,1.0,120,120,120,0,1.0,1,4,5,8,2012,2005,95017,-29.140705831786068,-51.16916929265713
Farroupilha,Serra Gaúcha,São Caetano,Casa,—,751988,4,1.0,127,419,127,0,2.0,0,1,3,9,1975,2020,95184,-29.177709137819356,-51.38583268158789
Bento Gonçalves,Serra Gaúcha,Planalto,Apartamento,—,307460,2,2.0,46,46,46,0,1.0,0,3,4,8,1972,0,95700,-29.141577254562435,-51.50215904516669
Porto Alegre,Capital,Três Figueiras,Casa,—,2162385,4,1.5,284,798,284,0,1.0,0,4,2,9,1997,2011,90017,-29.99676692168932,-51.26605164222693
Caxias do Sul,Serra Gaúcha,Sanvitto,Apartamento,—,977484,1,2.0,125,125,125,0,12.0,0,1,3,10,2022,0,95018,-29.211044656826733,-51.1821020914828
Bento Gonçalves,Serra Gaúcha,Charqueadas,Comercial,—,679350,0,2.0,142,315,142,0,1.0,0,1,2,7,2022,0,95703,-29.142645496796113,-51.5467400712542
Veranópolis,Serra Gaúcha,Centro,Casa,—,200563,3,3.5,70,666,70,0,2.0,0,3,5,6,2020,0,95339,-28.91419430787323,-51.5795078745228
Veranópolis,Serra Gaúcha,Renovação,Casa,—,376787,3,1.5,129,242,129,0,2.0,0,0,2,10,1997,0,95338,-28.971721792399094,-51.525510380543004
Caxias do Sul,Serra Gaúcha,Santa Catarina,Casa,—,2466363,2,2.0,296,767,296,0,1.0,0,4,2,7,1976,2016,95010,-29.18106539191617,-51.18211133978081
Nova Prata,Serra Gaúcha,Sagrada Família,Casa,—,470726,4,2.0,143,463,143,0,1.0,0,0,2,6,2017,0,95320,-28.758149362675436,-51.63326623746013
Canela,Serra Gaúcha,Industrial,Comercial,—,1596910,0,2.0,146,306,146,0,1.0,0,2,3,8,1996,0,95686,-29.337847117766675,-50.85401328358197
Garibaldi,Serra Gaúcha,Progresso,Condomínio Residencial,—,1620791,3,2.0,256,479,256,0,1.0,0,3,5,8,1985,2009,95722,-29.26051915155963,-51.48867052211322
Farroupilha,Serra Gaúcha,Cinquentenário,Casa,—,824600,4,1.0,157,519,157,0,1.0,0,4,5,7,2020,0,95181,-29.19705471384488,-51.353825749581425
Bento Gonçalves,Serra Gaúcha,Centro,Condomínio Residencial,—,1679224,4,3.0,206,761,147,59,3.0,0,0,4,8,1975,0,95700,-29.132635897807567,-51.48158930580133
Farroupilha,Serra Gaúcha,Centro,Terreno,—,403075,0,0.0,0,314,0,0,0.0,0,2,2,6,2002,0,95186,-29.200181883864357,-51.37969342938505
Caxias do Sul,Serra Gaúcha,Sagrada Família,Apartamento,—,901732,2,1.0,104,104,104,0,3.0,0,4,3,9,1973,0,95014,-29.19465817834043,-51.20759375154609
Porto Alegre,Capital,Cristal,Terreno,—,1923378,0,0.0,0,1014,0,0,0.0,0,1,3,6,2016,0,90011,-30.048812297213857,-51.1999210170096
Garibaldi,Serra Gaúcha,Progresso,Terreno,—,923171,0,0.0,0,756,0,0,0.0,0,3,1,4,2004,0,95723,-29.20759927671509,-51.524086216794466
Porto Alegre,Capital,Centro Histórico,Casa,—,1803931,2,2.5,249,396,176,73,2.0,0,1,5,10,2013,2015,90015,-30.047317086014317,-51.178887002643414
Porto Alegre,Capital,Centro Histórico,Comercial,—,755070,0,2.0,124,256,124,0,2.0,0,1,4,6,1993,0,90019,-29.996101957817103,-51.248256601302096
Caxias do Sul,Serra Gaúcha,Exposição,Apartamento,—,367952,1,1.0,47,47,47,0,3.0,0,2,2,6,1974,0,95010,-29.139130430113823,-51.14577816908128
Caxias do Sul,Serra Gaúcha,Exposição,Apartamento,—,576122,1,2.0,75,75,75,0,6.0,0,0,3,9,2002,0,95016,-29.195648563490398,-51.16740992699756
Bento Gonçalves,Serra Gaúcha,Centro,Apartamento,—,478104,1,2.0,76,76,76,0,4.0,0,0,4,10,2017,0,95703,-29.21690898329562,-51.55173313302631
Canela,Serra Gaúcha,Reserva da Serra,Apartamento,—,777767,3,2.0,61,61,61,0,5.0,0,3,2,8,2004,0,95688,-29.335630883062386,-50.81350788938425
Nova Prata,Serra Gaúcha,Santa Cruz,Casa,—,802958,2,2.0,210,721,210,0,1.0,0,4,5,8,1972,0,95320,-28.76393312697307,-51.6620685852731
Porto Alegre,Capital,Menino Deus,Comercial,—,2041308,0,1.0,349,441,349,0,1.0,0,0,2,5,1990,0,90015,-29.99363567813055,-51.267456816635466
Porto Alegre,Capital,Cidade Baixa,Casa,—,1454051,2,2.0,209,388,209,0,3.0,0,1,2,8,2007,0,90016,-30.00093965654107,-51.19521554742215
Bento Gonçalves,Serra Gaúcha,Charqueadas,Terreno,—,850857,0,0.0,0,585,0,0,0.0,0,2,3,6,1996,0,95708,-29.190649138929874,-51.52941953989305
Bento Gonçalves,Serra Gaúcha,São Roque,Terreno,—,992869,0,0.0,0,799,0,0,0.0,0,1,2,4,2012,0,95708,-29.1893252504236,-51.49349081351119
Vila Flores,Serra Gaúcha,Linha Aimoré,Casa,—,566867,2,3.0,231,736,231,0,2.0,0,2,3,6,1990,2000,95337,-28.857472708257003,-51.599470815007926
Caxias do Sul,Serra Gaúcha,Centro,Apartamento,—,753381,2,1.0,94,94,94,0,2.0,0,1,4,10,1972,2008,95019,-29.2074835007261,-51.165890721279034
Gramado,Serra Gaúcha,Canavial,Apartamento,—,3210916,3,1.0,164,164,164,0,7.0,0,2,5,8,1998,0,95671,-29.32914199627371,-50.85601189898794
Vila Flores,Serra Gaúcha,Linha Aimoré,Apartamento,—,109004,3,1.0,47,47,47,0,5.0,0,1,4,7,2023,2015,95337,-28.891350866500265,-51.63201614296987
Canela,Serra Gaúcha,Industrial,Casa,—,3753735,3,3.5,267,823,267,0,3.0,0,1,3,6,1980,2004,95687,-29.35461745996234,-50.8321868706338
Vila Flores,Serra Gaúcha,Bairro Alto,Casa,—,370766,3,3.0,147,624,147,0,2.0,0,2,3,7,2011,0,95338,-28.83937263942884,-51.63201225594273
Veranópolis,Serra Gaúcha,Renovação,Apartamento,—,283148,3,1.0,101,101,101,0,1.0,0,1,5,8,1990,0,95337,-28.918070784315635,-51.56021630441145
Canela,Serra Gaúcha,Centro,Casa,—,3928783,3,3.0,249,756,249,0,2.0,0,4,4,8,2017,2020,95687,-29.350004875565023,-50.80941887021922
Porto Alegre,Capital,Petrópolis,Apartamento,—,1080699,1,1.0,133,133,133,0,6.0,0,3,4,10,2020,0,90017,-30.039250179243794,-51.248253637991056
Bento Gonçalves,Serra Gaúcha,Charqueadas,Casa,—,467391,2,2.5,73,382,73,0,2.0,0,2,4,5,1988,0,95704,-29.180414998814562,-51.53850837035555
Farroupilha,Serra Gaúcha,São Caetano,Condomínio Residencial,—,2519859,3,2.0,332,483,332,0,1.0,0,4,3,11,1996,2001,95180,-29.19737101913143,-51.376311723397656
Garibaldi,Serra Gaúcha,Bela Vista,Apartamento,—,412081,3,2.0,88,88,88,0,6.0,0,0,2,9,2014,0,95725,-29.2391862655289,-51.53247979185486
Garibaldi,Serra Gaúcha,Centro,Casa,—,1268970,3,2.0,260,450,260,0,2.0,0,3,3,6,1989,0,95722,-29.292327713596766,-51.55074989709461
Vila Flores,Serra Gaúcha,Centro,Terreno,Florescer Parque Residencial,237000,0,0.0,0,462,0,0,0.0,0,2,3,6,2019,0,95335,-28.85872962733316,-51.599685190452576
Nova Prata,Serra Gaúcha,São Cristóvão,Casa,—,697294,3,3.5,188,501,188,0,2.0,0,1,2,10,1976,0,95326,-28.75454580665915,-51.632237942514486
Nova Prata,Serra Gaúcha,Centro,Comercial,—,172917,0,1.0,55,200,55,0,1.0,0,0,3,9,2000,0,95320,-28.76126082273091,-51.64790907416751
Garibaldi,Serra Gaúcha,Centro,Casa,—,863730,3,1.0,167,317,129,38,2.0,0,2,3,7,1978,2002,95723,-29.237156833220258,-51.488245478573766
Bento Gonçalves,Serra Gaúcha,Centro,Apartamento,—,354984,1,1.0,53,53,53,0,2.0,0,2,5,8,1989,0,95706,-29.21786793164758,-51.4883223331707
Caxias do Sul,Serra Gaúcha,Sagrada Família,Apartamento,—,1352779,3,1.0,164,164,164,0,4.0,0,1,5,8,2007,0,95013,-29.150847885155233,-51.18524920450401
Caxias do Sul,Serra Gaúcha,Marechal Floriano,Apartamento,—,475301,1,2.0,62,62,62,0,4.0,0,2,5,9,1997,0,95012,-29.14265218252208,-51.15214306251439
Caxias do Sul,Serra Gaúcha,Marechal Floriano,Apartamento,—,1292920,1,1.0,166,166,166,0,8.0,0,1,2,7,2018,0,95018,-29.138396109535616,-51.166609641925284
Nova Petrópolis,Serra Gaúcha,Linha Imperial,Terreno,—,799067,0,0.0,0,949,0,0,0.0,0,2,1,5,2006,0,95154,-29.421403623270695,-51.12301392242441
Canela,Serra Gaúcha,São José,Casa,—,3462912,4,3.0,253,541,253,0,1.0,0,4,2,5,1992,0,95683,-29.363575266436616,-50.776050050747415
Vila Flores,Serra Gaúcha,Centro,Terreno,Clube Residencial Paraíso,226773,0,0.0,0,1054,0,0,0.0,0,1,3,6,1990,0,95335,-28.88326195687157,-51.6161500334461
Porto Alegre,Capital,Bela Vista,Apartamento,—,419705,1,2.0,59,59,59,0,8.0,0,3,2,9,1986,0,90017,-30.010544966913628,-51.264489267264295
Porto Alegre,Capital,Partenon,Condomínio Residencial,—,1645738,2,3.0,168,566,168,0,2.0,0,3,4,8,1980,0,90012,-30.01387925150262,-51.25470579156469
Canela,Serra Gaúcha,Centro,Condomínio Residencial,—,6486920,3,2.5,330,444,330,0,1.0,0,0,3,12,2022,2018,95683,-29.334132729601198,-50.78761141963422
Bento Gonçalves,Serra Gaúcha,Centro,Apartamento,—,680927,3,2.0,112,112,112,0,5.0,0,2,2,8,2010,0,95706,-29.126213137797343,-51.56387282316827
Veranópolis,Serra Gaúcha,Interior,Apartamento,—,493590,1,2.0,179,179,179,0,7.0,0,4,3,7,1983,2014,95334,-28.888047324235025,-51.54057920171566
Caxias do Sul,Serra Gaúcha,Marechal Floriano,Apartamento,—,533189,1,2.0,72,72,72,0,1.0,0,1,3,7,1970,0,95018,-29.155645443914782,-51.21977979480721
Nova Petrópolis,Serra Gaúcha,Linha Imperial,Casa,—,1173649,4,3.0,238,576,238,0,1.0,0,2,3,10,2006,0,95150,-29.356404232936463,-51.088788514354256
Bento Gonçalves,Serra Gaúcha,Charqueadas,Apartamento,—,289787,2,1.0,50,50,50,0,2.0,0,2,4,9,2007,2017,95704,-29.164785325892236,-51.52541619175401
Veranópolis,Serra Gaúcha,Centro,Apartamento,—,278348,2,1.0,99,99,99,0,4.0,0,1,4,10,2001,0,95336,-28.92642005393048,-51.51947205207779
Caxias do Sul,Serra Gaúcha,Desvio Rizzo,Terreno,—,1145610,0,0.0,0,558,0,0,0.0,0,1,2,5,2013,0,95011,-29.20885639708667,-51.18551412648116
Gramado,Serra Gaúcha,Centro,Comercial,—,5353820,0,2.0,342,385,342,0,1.0,0,1,5,6,2017,0,95670,-29.387929892345102,-50.90790570447233
Vila Flores,Serra Gaúcha,Linha Aimoré,Casa,—,363458,3,2.0,133,299,133,0,1.0,0,3,2,6,2004,2017,95335,-28.90656429226585,-51.642663159959255
Bento Gonçalves,Serra Gaúcha,Fátima,Apartamento,—,367480,3,2.0,54,54,54,0,4.0,0,2,5,6,1990,0,95709,-29.19358070641957,-51.50751073734424
Bento Gonçalves,Serra Gaúcha,Charqueadas,Apartamento,—,462130,2,1.0,68,68,68,0,2.0,0,3,2,7,1994,0,95704,-29.200757212705966,-51.48545630553516
Porto Alegre,Capital,Partenon,Apartamento,—,1176145,3,2.0,172,172,172,0,6.0,0,4,4,8,2023,0,90015,-30.00652293475562,-51.179507912986516
Gramado,Serra Gaúcha,Três Pinheiros,Condomínio Residencial,—,3963029,3,3.5,144,284,144,0,2.0,0,2,5,10,2003,0,95671,-29.421654502640415,-50.8316194828056
Caxias do Sul,Serra Gaúcha,São Pelegrino,Apartamento,—,866231,1,2.0,105,105,105,0,8.0,0,1,2,10,2006,0,95012,-29.197803644708042,-51.20309893534106
Caxias do Sul,Serra Gaúcha,Centro,Condomínio Residencial,—,1560430,3,2.0,161,281,161,0,3.0,0,3,5,12,1996,2015,95010,-29.14725467790605,-51.21757063775344
Garibaldi,Serra Gaúcha,Bela Vista,Condomínio Residencial,—,1608228,3,2.5,260,566,260,0,1.0,0,1,4,8,2015,2011,95724,-29.21788042794262,-51.50165334187165
Bento Gonçalves,Serra Gaúcha,São Bento,Comercial,—,1233321,0,1.0,263,398,263,0,1.0,0,1,3,6,1993,0,95705,-29.183669708601585,-51.56648730734998
Nova Prata,Serra Gaúcha,Clivatti,Casa,—,303773,3,3.0,83,420,83,0,1.0,0,1,4,5,1984,0,95329,-28.79667287529196,-51.61685099624606
Veranópolis,Serra Gaúcha,Centro,Apartamento,—,375017,1,2.0,138,138,138,0,1.0,0,1,2,9,2007,0,95333,-28.976528332643593,-51.59785927307284
Bento Gonçalves,Serra Gaúcha,Charqueadas,Casa,—,1382865,2,1.5,224,420,224,0,1.0,0,0,2,5,1991,0,95705,-29.168249718986353,-51.51525102591528
Veranópolis,Serra Gaúcha,Centro,Casa,—,588045,3,1.0,210,547,210,0,3.0,0,4,4,10,2001,0,95336,-28.928743847109263,-51.582455480268564
Garibaldi,Serra Gaúcha,Centro,Apartamento,—,382790,1,1.0,80,80,80,0,2.0,0,2,5,10,1988,0,95727,-29.248110734483443,-51.52995713352233
Vila Flores,Serra Gaúcha,Bairro Alto,Casa,—,506134,3,2.0,216,339,154,62,1.0,0,0,3,5,1972,0,95339,-28.868481976325253,-51.59977049944156
Caxias do Sul,Serra Gaúcha,Desvio Rizzo,Apartamento,—,766752,2,2.0,96,96,96,0,10.0,0,0,5,10,1989,2023,95019,-29.121481770225415,-51.16048051781758
Garibaldi,Serra Gaúcha,Bela Vista,Casa,—,943811,2,2.0,187,537,187,0,3.0,1,4,3,10,2014,0,95729,-29.257894636949466,-51.53559028340303
Nova Petrópolis,Serra Gaúcha,Pinhal Alto,Apartamento,—,730967,2,2.0,153,153,153,0,4.0,0,2,2,9,2022,0,95153,-29.391190699453713,-51.12254250255546
Veranópolis,Serra Gaúcha,Medianeira,Casa,—,225743,4,2.5,71,621,71,0,3.0,0,0,3,8,2012,0,95333,-28.91880648025799,-51.60269023270627
Canela,Serra Gaúcha,Industrial,Casa,—,4338038,4,3.0,297,640,297,0,1.0,0,4,2,10,1988,2021,95682,-29.388428768758676,-50.8508422558984
Bento Gonçalves,Serra Gaúcha,São Bento,Condomínio Residencial,—,1330360,2,3.0,155,260,155,0,1.0,0,1,5,9,2000,2016,95705,-29.198155640942524,-51.52594977199458
Caxias do Sul,Serra Gaúcha,Sanvitto,Apartamento,—,1172253,2,1.0,136,136,136,0,2.0,0,4,2,7,1989,0,95016,-29.17923747651402,-51.1589967785402
Farroupilha,Serra Gaúcha,Centro,Apartamento,—,306158,2,2.0,52,52,52,0,6.0,0,3,3,10,1992,0,95181,-29.184612681671403,-51.33081544104008
Garibaldi,Serra Gaúcha,Progresso,Apartamento,—,332187,1,2.0,73,73,73,0,5.0,0,2,3,7,1970,0,95721,-29.211153103366705,-51.51910219080258
Gramado,Serra Gaúcha,Três Pinheiros,Apartamento,—,2774901,3,1.0,127,127,127,0,12.0,0,1,2,10,1972,2005,95673,-29.422567152129748,-50.90658757589077
Bento Gonçalves,Serra Gaúcha,Centro,Apartamento,—,1072804,3,2.0,163,163,163,0,12.0,0,2,2,9,1979,0,95702,-29.122906022232506,-51.54415680110593
Caxias do Sul,Serra Gaúcha,Marechal Floriano,Apartamento,—,1194036,1,2.0,158,158,158,0,5.0,0,1,2,8,2007,0,95018,-29.18238410741072,-51.21061087578033
Garibaldi,Serra Gaúcha,Santa Marta,Casa,—,986468,4,3.0,191,757,191,0,2.0,0,4,2,6,2011,0,95724,-29.224482129691314,-51.5715915666871
Nova Prata,Serra Gaúcha,São Cristóvão,Casa,—,254936,3,1.5,71,334,3,68,3.0,0,1,2,8,1988,2009,95327,-28.816673144753324,-51.63687504341947
Porto Alegre,Capital,Menino Deus,Terreno,—,766361,0,0.0,0,422,0,0,0.0,0,1,2,4,2006,0,90013,-30.005541066581884,-51.24809123938323
Garibaldi,Serra Gaúcha,Progresso,Casa,—,545353,3,2.5,120,522,120,0,3.0,0,1,5,8,1992,0,95727,-29.262794477626805,-51.572996125408835
Nova Petrópolis,Serra Gaúcha,Centro,Apartamento,—,304748,1,1.0,75,75,75,0,2.0,0,0,5,7,1991,0,95159,-29.359942317899616,-51.11161391514505
Caxias do Sul,Serra Gaúcha,Centro,Apartamento,—,709322,2,1.0,94,94,94,0,5.0,0,3,4,7,1987,0,95011,-29.14366830639759,-51.21674633914273
Gramado,Serra Gaúcha,Centro,Condomínio Residencial,—,6380630,2,2.5,276,824,262,14,1.0,0,4,3,8,1970,2019,95676,-29.34875181891406,-50.90224471793726
Nova Prata,Serra Gaúcha,São Cristóvão,Casa,—,924434,4,3.0,272,632,272,0,3.0,0,2,3,8,1985,0,95323,-28.782158543485853,-51.644197651009726
Nova Prata,Serra Gaúcha,Frizon,Comercial,—,816337,0,2.0,251,298,251,0,1.0,0,1,3,8,2003,0,95328,-28.802934626608145,-51.63817658457187
Porto Alegre,Capital,Três Figueiras,Apartamento,—,1271651,1,2.0,157,157,157,0,4.0,0,2,4,8,1995,0,90018,-30.006531225958145,-51.223944728980754
Nova Petrópolis,Serra Gaúcha,Pinhal Alto,Terreno,—,556927,0,0.0,0,584,0,0,0.0,0,1,3,4,2001,0,95158,-29.394982985401697,-51.11519313223128
Nova Petrópolis,Serra Gaúcha,Pinhal Alto,Apartamento,—,317054,1,1.0,74,74,74,0,5.0,0,0,2,7,1999,0,95153,-29.378738672526904,-51.12988876379851
Caxias do Sul,Serra Gaúcha,Sagrada Família,Apartamento,—,1093512,1,2.0,151,151,151,0,7.0,0,3,2,6,1984,0,95011,-29.15758050792678,-51.199808339459516
Vila Flores,Serra Gaúcha,Centro,Terreno,Florescer Parque Residencial,240000,0,0.0,0,463,0,0,0.0,0,2,3,6,2020,0,95335,-28.865543590140007,-51.59186023046073
Nova Prata,Serra Gaúcha,Interior,Casa,—,700404,3,1.0,194,624,120,74,1.0,0,3,3,7,1991,0,95324,-28.760806749226727,-51.60202648305609
Gramado,Serra Gaúcha,Morada da Serra,Condomínio Residencial,—,3951139,2,3.0,146,656,146,0,1.0,1,3,3,9,2016,0,95677,-29.36881595920549,-50.91413274441351
Bento Gonçalves,Serra Gaúcha,São Roque,Comercial,—,571479,0,2.0,119,149,119,0,1.0,0,1,4,5,1995,0,95703,-29.179280242996658,-51.53666475529216
Veranópolis,Serra Gaúcha,Interior,Apartamento,—,187555,1,2.0,60,60,60,0,4.0,0,0,5,7,2019,2011,95339,-28.9862444618772,-51.558560260061434
Garibaldi,Serra Gaúcha,Progresso,Casa,—,541689,4,1.0,112,276,39,73,2.0,0,1,2,10,1974,0,95726,-29.3012217482174,-51.53508940230289
Nova Prata,Serra Gaúcha,Centro,Casa,—,866910,2,2.5,230,822,230,0,1.0,0,1,2,9,1993,0,95324,-28.7874817505206,-51.594942527308206
Nova Prata,Serra Gaúcha,Frizon,Terreno,Lot. Frizon / Chiomento,120225,0,0.0,0,360,0,0,0.0,0,0,2,5,2000,0,95324,-28.758443087692086,-51.63198487963919
Porto Alegre,Capital,Partenon,Apartamento,—,417278,1,2.0,61,61,61,0,12.0,0,3,4,7,1999,0,90013,-30.00126786221854,-51.204515119135515
Canela,Serra Gaúcha,Centro,Casa,—,3539255,2,3.0,241,423,241,0,3.0,0,0,5,6,2003,0,95680,-29.383982791598342,-50.76769497790333
Garibaldi,Serra Gaúcha,São João,Terreno,—,556947,0,0.0,0,479,0,0,0.0,0,0,3,3,1990,0,95726,-29.29493303856449,-51.50697138648996
Farroupilha,Serra Gaúcha,Centro,Casa,—,592613,4,1.5,109,394,109,0,2.0,0,0,3,5,1997,2003,95180,-29.255261057578757,-51.34839017018579
Porto Alegre,Capital,Bela Vista,Apartamento,—,386890,1,1.0,57,57,57,0,3.0,0,1,3,9,2004,2019,90016,-30.019907823714643,-51.21964539032374
Garibaldi,Serra Gaúcha,Centro,Casa,—,981109,3,2.5,184,319,118,66,2.0,0,2,2,5,1994,2015,95722,-29.24063839562865,-51.54222156169502
Vila Flores,Serra Gaúcha,Centro,Terreno,Florescer Parque Residencial,237000,0,0.0,0,460,0,0,0.0,0,1,3,6,2018,0,95335,-28.856602784274873,-51.59153776245725
Porto Alegre,Capital,Boa Vista,Apartamento,—,984889,2,1.0,131,131,131,0,4.0,0,4,3,6,2011,0,90016,-29.99250831675822,-51.198355215978154
Porto Alegre,Capital,Cristal,Apartamento,—,1214771,2,1.0,165,165,165,0,8.0,0,0,4,7,2006,2000,90018,-30.050948639161994,-51.17567466582734
Farroupilha,Serra Gaúcha,Pio X,Terreno,—,834265,0,0.0,0,650,0,0,0.0,0,1,3,6,1997,0,95183,-29.19035286666085,-51.34899819978227
Gramado,Serra Gaúcha,Várzea Grande,Casa,—,1684899,3,2.0,86,442,86,0,2.0,0,0,5,6,1970,0,95677,-29.348765106857808,-50.865669269620106
Vila Flores,Serra Gaúcha,Centro,Terreno,Florescer Parque Residencial,650000,0,0.0,0,1556,0,0,0.0,0,2,3,6,2021,0,95335,-28.85957232170336,-51.59802539216171
Porto Alegre,Capital,Boa Vista,Terreno,—,2184021,0,0.0,0,1122,0,0,0.0,0,0,3,6,2015,0,90019,-30.083536854770077,-51.20216744940701
Gramado,Serra Gaúcha,Mato Queimado,Condomínio Residencial,—,3732797,2,2.0,144,558,107,37,1.0,0,3,5,11,2000,2000,95671,-29.365523022693075,-50.82791940524575
Nova Petrópolis,Serra Gaúcha,Centro,Casa,—,1251211,2,1.0,274,746,274,0,1.0,0,0,4,8,2012,2018,95152,-29.368274467960582,-51.075897416395165
Vila Flores,Serra Gaúcha,Centro,Terreno,Florescer Parque Residencial,232000,0,0.0,0,416,0,0,0.0,0,1,3,6,2024,0,95335,-28.873008643131023,-51.607391080651695
Canela,Serra Gaúcha,São José,Casa,—,3902468,2,1.0,296,584,296,0,1.0,0,3,4,10,2017,0,95687,-29.345048659786723,-50.83064635780611
Farroupilha,Serra Gaúcha,Centro,Casa,—,1738145,2,1.0,290,671,290,0,1.0,0,4,4,8,1977,0,95185,-29.25074725560433,-51.35280966634017
Gramado,Serra Gaúcha,Centro,Apartamento,—,2160636,3,2.0,109,109,109,0,3.0,0,3,4,9,1996,0,95678,-29.42286691814258,-50.843878645390625
Porto Alegre,Capital,Boa Vista,Casa,—,2189855,2,3.5,264,711,238,26,2.0,0,0,5,9,1980,0,90018,-30.010209335113053,-51.23254461180986
Porto Alegre,Capital,Moinhos de Vento,Casa,—,1933819,3,3.0,260,720,260,0,2.0,0,0,2,8,1970,0,90013,-30.012017875077728,-51.16786808737232
Nova Prata,Serra Gaúcha,Clivatti,Apartamento,—,511944,1,2.0,155,155,155,0,5.0,0,2,2,10,1989,0,95324,-28.734613972317003,-51.620656789854735
Gramado,Serra Gaúcha,Mato Queimado,Terreno,—,4889936,0,0.0,0,957,0,0,0.0,0,0,2,5,1997,0,95673,-29.335561164315507,-50.83240934599774
Nova Petrópolis,Serra Gaúcha,Vila Nova,Casa,—,1186767,4,3.5,264,540,264,0,1.0,0,2,4,8,1996,0,95151,-29.34027059355251,-51.134753107170006
Porto Alegre,Capital,Mont'Serrat,Terreno,—,1150205,0,0.0,0,589,0,0,0.0,0,1,2,3,1993,0,90011,-30.033140112982903,-51.251867866348796
Vila Flores,Serra Gaúcha,Linha Aimoré,Casa,—,268302,2,1.0,109,699,109,0,1.0,0,2,5,5,1977,0,95338,-28.838266588879517,-51.59666869405166
Porto Alegre,Capital,Petrópolis,Condomínio Residencial,—,2767133,3,2.0,286,596,286,0,2.0,0,3,3,11,1972,0,90012,-30.031274194049413,-51.19351915141227
Vila Flores,Serra Gaúcha,Centro,Terreno,Florescer Parque Residencial,290000,0,0.0,0,420,0,0,0.0,0,1,3,6,2023,0,95335,-28.85136860298228,-51.60618724021212
Caxias do Sul,Serra Gaúcha,Marechal Floriano,Apartamento,—,691735,2,1.0,81,81,81,0,7.0,0,2,3,10,2004,0,95019,-29.208965918011035,-51.15443542356141
Porto Alegre,Capital,Cristal,Casa,—,2168221,3,2.5,290,738,290,0,3.0,0,3,4,5,2020,0,90010,-30.072490367335902,-51.22384045985017
Gramado,Serra Gaúcha,Várzea Grande,Terreno,—,2650658,0,0.0,0,511,0,0,0.0,0,3,2,6,1991,0,95678,-29.336521668390684,-50.88230103970796
Nova Prata,Serra Gaúcha,Sagrada Família,Comercial,—,674157,0,2.0,224,352,224,0,1.0,0,0,3,9,1973,2009,95324,-28.812092124996678,-51.66267834247866
Bento Gonçalves,Serra Gaúcha,Fátima,Condomínio Residencial,—,1408241,2,3.5,175,439,175,0,2.0,0,1,4,11,2014,0,95701,-29.154693929787854,-51.54849369291468
Porto Alegre,Capital,Chácara das Pedras,Casa,—,1613253,4,2.5,197,355,197,0,2.0,0,3,4,9,1985,0,90011,-30.02987215074276,-51.23581994142147
Veranópolis,Serra Gaúcha,Femaçã,Terreno,Femaçã médio,217635,0,0.0,0,449,0,0,0.0,0,1,2,3,2014,0,95339,-28.90700500339703,-51.550988078798234
Vila Flores,Serra Gaúcha,Centro,Terreno,Florescer Parque Residencial,280000,0,0.0,0,420,0,0,0.0,0,1,3,6,2019,0,95335,-28.87371860845844,-51.6107874672752
Porto Alegre,Capital,Menino Deus,Comercial,—,968831,0,2.0,165,246,165,0,1.0,0,1,5,9,2007,2003,90017,-30.03659502256476,-51.18785511566827
Nova Prata,Serra Gaúcha,Centro,Casa,—,990200,3,3.0,264,816,264,0,1.0,1,2,3,8,1984,0,95329,-28.76935854791334,-51.58666388790559
Caxias do Sul,Serra Gaúcha,Centro,Casa,—,1323295,4,3.5,178,415,106,72,2.0,0,0,4,9,1991,0,95013,-29.12282548572705,-51.13020994595241
Garibaldi,Serra Gaúcha,Bela Vista,Casa,—,1084596,2,3.0,242,665,242,0,1.0,0,2,5,7,2009,0,95727,-29.301565864502393,-51.49044285836077
Caxias do Sul,Serra Gaúcha,São Pelegrino,Apartamento,—,1012228,2,2.0,120,120,120,0,6.0,0,0,5,9,1995,2023,95019,-29.178640978239585,-51.14560075942552
Caxias do Sul,Serra Gaúcha,Santa Catarina,Comercial,—,1154896,0,1.0,170,286,170,0,2.0,0,2,5,9,1987,0,95018,-29.20185376567067,-51.1981101167151
Bento Gonçalves,Serra Gaúcha,Planalto,Casa,—,809098,4,2.0,130,646,130,0,1.0,0,4,4,6,1985,2015,95705,-29.21586553577843,-51.529329257318565
Bento Gonçalves,Serra Gaúcha,Fátima,Comercial,—,1274919,0,1.0,265,391,265,0,2.0,0,2,3,5,1971,0,95705,-29.218489590027993,-51.56490142891495
Gramado,Serra Gaúcha,Três Pinheiros,Casa,—,1864830,3,2.5,95,222,95,0,1.0,0,0,5,6,1980,0,95676,-29.385424025319097,-50.90323543973379
Porto Alegre,Capital,Petrópolis,Condomínio Residencial,—,1577763,2,2.5,181,436,181,0,1.0,0,2,5,8,1980,0,90011,-30.07362747867359,-51.19331698776611
Nova Petrópolis,Serra Gaúcha,Pinhal Alto,Comercial,—,969371,0,1.0,222,280,222,0,1.0,0,2,2,9,1985,0,95155,-29.40373106671427,-51.09034236210633
Caxias do Sul,Serra Gaúcha,Santa Catarina,Apartamento,—,1420399,2,1.0,163,163,163,0,3.0,0,2,3,9,2016,0,95012,-29.167736714284608,-51.133397674205
Vila Flores,Serra Gaúcha,Linha Aimoré,Apartamento,—,390126,2,2.0,157,157,157,0,7.0,0,3,3,9,1978,0,95342,-28.90066819312356,-51.638821802945245
Farroupilha,Serra Gaúcha,Centro,Comercial,—,754896,0,2.0,165,203,165,0,3.0,0,1,3,7,1976,2013,95184,-29.194115298412044,-51.347433608655784
Vila Flores,Serra Gaúcha,Centro,Terreno,Florescer Parque Residencial,278000,0,0.0,0,432,0,0,0.0,0,0,3,6,2025,0,95335,-28.865931624809786,-51.59474741666494
Gramado,Serra Gaúcha,Várzea Grande,Condomínio Residencial,—,8028997,2,3.5,295,751,295,0,2.0,0,4,3,9,1993,0,95670,-29.36117126006356,-50.92313927108714
Porto Alegre,Capital,Partenon,Apartamento,—,738201,3,2.0,105,105,105,0,3.0,0,0,2,7,1974,2011,90017,-29.99260230754915,-51.213237282790985
Nova Petrópolis,Serra Gaúcha,Recanto Suíço,Casa,—,1300640,4,1.0,262,678,226,36,1.0,1,0,4,8,2006,0,95159,-29.33362344723916,-51.07390811790144
Gramado,Serra Gaúcha,Centro,Casa,—,5043294,2,2.0,263,829,223,40,2.0,0,1,2,8,1992,2001,95671,-29.342871811378107,-50.89406027964027
Canela,Serra Gaúcha,Centro,Casa,—,2742776,2,3.0,187,289,187,0,1.0,0,3,4,10,2014,2007,95683,-29.315886772607193,-50.77430248869073
Nova Petrópolis,Serra Gaúcha,Recanto Suíço,Apartamento,—,323038,2,2.0,70,70,70,0,6.0,0,1,5,9,2000,0,95152,-29.403741269869816,-51.071757719486136
Canela,Serra Gaúcha,Fontes do Ipê,Apartamento,—,852423,2,2.0,64,64,64,0,6.0,0,1,4,8,2001,2019,95688,-29.3317586514166,-50.84400542495378
Vila Flores,Serra Gaúcha,Centro,Terreno,Florescer Parque Residencial,580000,0,0.0,0,1353,0,0,0.0,0,0,3,6,2024,0,95335,-28.855368541905374,-51.60513638644278
Porto Alegre,Capital,Petrópolis,Apartamento,—,656678,3,2.0,82,82,82,0,1.0,0,0,4,8,2020,0,90012,-29.98645907890735,-51.252740390587874
Nova Prata,Serra Gaúcha,Sagrada Família,Terreno,Sagrada Família / Centro,320188,0,0.0,0,349,0,0,0.0,0,2,1,4,1992,0,95329,-28.826456822335295,-51.63935147438211
Canela,Serra Gaúcha,Reserva da Serra,Apartamento,—,2387943,1,1.0,162,162,162,0,1.0,0,1,3,7,2021,0,95680,-29.343565827789796,-50.84119536968417
Caxias do Sul,Serra Gaúcha,Centro,Casa,—,1483499,3,3.5,179,398,179,0,1.0,0,1,2,6,2023,2008,95015,-29.122941846809688,-51.21751834241079
Nova Prata,Serra Gaúcha,Centro,Condomínio Residencial,—,603698,4,3.5,129,305,129,0,1.0,0,4,5,9,1985,2018,95320,-28.752433960716715,-51.648205404859304
Vila Flores,Serra Gaúcha,Linha Aimoré,Apartamento,—,370735,3,1.0,154,154,154,0,1.0,0,1,5,10,1995,0,95338,-28.91121320292426,-51.63104365345422
Canela,Serra Gaúcha,Fontes do Ipê,Comercial,—,4373194,0,1.0,372,561,372,0,1.0,0,1,4,8,1984,0,95685,-29.405913847459317,-50.81895182334211
Bento Gonçalves,Serra Gaúcha,São Bento,Apartamento,—,796229,1,2.0,131,131,131,0,4.0,0,4,2,8,1992,0,95708,-29.173407886280273,-51.49144837846686
Nova Petrópolis,Serra Gaúcha,Linha Imperial,Terreno,—,502985,0,0.0,0,473,0,0,0.0,0,0,1,5,2016,0,95153,-29.40580324430191,-51.1623828356343
Vila Flores,Serra Gaúcha,Centro,Terreno,Florescer Parque Residencial,320000,0,0.0,0,475,0,0,0.0,0,1,3,6,2021,0,95335,-28.86556549885022,-51.60894026854919
Porto Alegre,Capital,Chácara das Pedras,Casa,—,1849102,4,3.0,232,801,232,0,2.0,0,2,5,9,1980,0,90010,-30.06092968667165,-51.24251126304379
Caxias do Sul,Serra Gaúcha,Centro,Terreno,—,1778373,0,0.0,0,935,0,0,0.0,0,1,1,3,2022,0,95010,-29.217267701795958,-51.189444562500064
Gramado,Serra Gaúcha,Morada da Serra,Condomínio Residencial,—,5799056,2,3.5,250,761,250,0,1.0,0,0,3,11,2006,0,95677,-29.389966599440836,-50.901393241271926
Canela,Serra Gaúcha,Fontes do Ipê,Casa,—,3628299,4,1.0,240,749,240,0,2.0,0,1,5,9,1988,2022,95680,-29.349953246482553,-50.78622984125677
Porto Alegre,Capital,Mont'Serrat,Terreno,—,593285,0,0.0,0,328,0,0,0.0,0,2,2,4,1994,0,90014,-30.04563232728871,-51.18673363003282
Caxias do Sul,Serra Gaúcha,Exposição,Apartamento,—,1422223,2,1.0,170,170,170,0,3.0,0,3,5,8,1989,2018,95018,-29.134995305803532,-51.194299981288424
Nova Prata,Serra Gaúcha,Clivatti,Casa,—,778680,3,1.0,225,800,225,0,2.0,0,3,2,9,1986,0,95324,-28.750958469922942,-51.610336458032585
Bento Gonçalves,Serra Gaúcha,Fátima,Casa,—,1409731,3,3.0,218,689,218,0,1.0,0,2,2,8,1993,2020,95707,-29.20740475310905,-51.477628957733174
Vila Flores,Serra Gaúcha,Centro,Terreno,Florescer Parque Residencial,262000,0,0.0,0,500,0,0,0.0,0,1,3,6,2021,0,95335,-28.855139615861205,-51.61279780799472
Porto Alegre,Capital,Moinhos de Vento,Apartamento,—,393968,3,2.0,58,58,58,0,4.0,0,4,3,10,2007,0,90018,-30.067259063760662,-51.20617152178044
Nova Prata,Serra Gaúcha,Sagrada Família,Casa,—,351986,4,3.5,100,303,100,0,2.0,0,1,3,5,2001,0,95328,-28.76720104804095,-51.595644495953046
Canela,Serra Gaúcha,Centro,Condomínio Residencial,—,2923642,3,3.5,175,315,175,0,2.0,0,0,3,11,2020,0,95683,-29.398428143932403,-50.80547285300804
Garibaldi,Serra Gaúcha,Centro,Casa,—,493993,2,3.0,99,453,99,0,2.0,0,4,5,6,1997,0,95724,-29.24775956668612,-51.504001053210054
Porto Alegre,Capital,Centro Histórico,Casa,—,2124138,3,1.5,276,739,276,0,2.0,0,1,3,5,1987,0,90016,-30.018914856920887,-51.20431167222802
Nova Prata,Serra Gaúcha,Santa Cruz,Apartamento,—,170244,1,1.0,54,54,54,0,2.0,0,2,5,8,2017,0,95324,-28.748313425832144,-51.60971036523749
Caxias do Sul,Serra Gaúcha,Sanvitto,Condomínio Residencial,—,1972680,3,3.0,198,423,144,54,3.0,0,0,5,8,2003,0,95014,-29.16134666446908,-51.18660506851083
Porto Alegre,Capital,Cidade Baixa,Casa,—,855375,4,3.0,123,220,123,0,1.0,0,4,5,8,1974,2017,90014,-30.076271907250973,-51.226433077815976
Bento Gonçalves,Serra Gaúcha,Fátima,Apartamento,—,343217,1,2.0,59,59,59,0,4.0,0,2,4,9,2023,2018,95707,-29.18353375344,-51.49772067023052
Veranópolis,Serra Gaúcha,Femaçã,Terreno,Cond. Jardim Europa,258412,0,0.0,0,1042,0,0,0.0,0,3,3,6,2004,0,95330,-28.95330909272238,-51.59006482629998
Porto Alegre,Capital,Moinhos de Vento,Terreno,—,1508666,0,0.0,0,1029,0,0,0.0,0,0,2,3,2011,0,90017,-30.043534971803727,-51.24809743087268
Gramado,Serra Gaúcha,Canavial,Apartamento,—,3452183,2,1.0,172,172,172,0,8.0,0,3,4,7,1992,2018,95677,-29.426181786650243,-50.830248470602456
Vila Flores,Serra Gaúcha,Centro,Apartamento,—,375847,2,1.0,145,145,145,0,10.0,0,4,5,7,1978,2014,95336,-28.84823441478913,-51.57905626231451
Vila Flores,Serra Gaúcha,Bairro Alto,Terreno,Residencial Horizontes,153165,0,0.0,0,435,0,0,0.0,0,1,1,4,2000,0,95344,-28.847342643869084,-51.559526984490155
Caxias do Sul,Serra Gaúcha,Exposição,Apartamento,—,1027240,2,1.0,117,117,117,0,3.0,0,1,5,10,2004,2005,95015,-29.193349814033915,-51.15680799756036
Porto Alegre,Capital,Petrópolis,Casa,—,731692,2,3.0,96,381,96,0,1.0,0,2,5,7,1999,2006,90010,-30.057078731679567,-51.16796326197058
Farroupilha,Serra Gaúcha,São Caetano,Casa,—,1462231,4,3.5,256,367,207,49,1.0,0,1,5,9,1984,0,95180,-29.19777880247447,-51.332551245367064
Caxias do Sul,Serra Gaúcha,São Pelegrino,Terreno,—,1730211,0,0.0,0,971,0,0,0.0,0,0,1,3,2002,0,95015,-29.17996123987476,-51.18135505857132
Veranópolis,Serra Gaúcha,Medianeira,Terreno,Medianeira,238164,0,0.0,0,631,0,0,0.0,0,3,2,5,1998,0,95336,-28.946741270371717,-51.53817168365666
Caxias do Sul,Serra Gaúcha,Desvio Rizzo,Terreno,—,926680,0,0.0,0,493,0,0,0.0,0,1,3,6,2020,0,95016,-29.207685781221365,-51.16555946980812
Canela,Serra Gaúcha,Centro,Condomínio Residencial,—,5674185,2,2.5,347,601,314,33,1.0,0,4,3,8,1996,0,95687,-29.350231218949535,-50.83813219993098
Farroupilha,Serra Gaúcha,Centro,Comercial,—,893139,0,2.0,205,390,205,0,1.0,0,2,3,6,1985,0,95180,-29.215924102337578,-51.3012288902163
Canela,Serra Gaúcha,Fontes do Ipê,Condomínio Residencial,—,2624756,3,3.5,145,492,145,0,3.0,0,3,4,8,1988,2016,95685,-29.40560585964908,-50.78044974323081
Caxias do Sul,Serra Gaúcha,Sanvitto,Casa,—,2327677,3,1.5,279,795,279,0,2.0,0,3,4,10,2020,0,95014,-29.18055722751003,-51.178115482854345
Porto Alegre,Capital,Boa Vista,Condomínio Residencial,—,2837391,3,2.0,279,823,279,0,1.0,0,0,3,11,2003,0,90015,-30.03992684615789,-51.21931347118565
Caxias do Sul,Serra Gaúcha,Sanvitto,Condomínio Residencial,—,1252381,3,3.5,123,545,123,0,1.0,0,1,4,9,1972,0,95015,-29.190544512690263,-51.20153784257464
Porto Alegre,Capital,Boa Vista,Apartamento,—,1392104,3,1.0,179,179,179,0,10.0,0,1,5,10,2013,0,90015,-30.00265778454353,-51.21644239345613
Farroupilha,Serra Gaúcha,Cinquentenário,Condomínio Residencial,—,2210260,2,3.5,344,691,344,0,1.0,0,3,3,9,2019,0,95183,-29.252745257494883,-51.32368580022218
Vila Flores,Serra Gaúcha,Centro,Terreno,Florescer Parque Residencial,285000,0,0.0,0,420,0,0,0.0,0,1,3,6,2018,0,95335,-28.87095934501786,-51.59216276134606
Veranópolis,Serra Gaúcha,São Pelegrino,Casa,—,560863,2,3.5,196,590,196,0,1.0,0,0,3,7,2006,0,95339,-28.912938945071684,-51.56101932054014
Canela,Serra Gaúcha,Industrial,Condomínio Residencial,—,2524878,4,3.0,131,696,99,32,1.0,0,1,4,9,2001,2022,95688,-29.339113770077248,-50.78721569569205
Vila Flores,Serra Gaúcha,Linha Aimoré,Apartamento,—,448476,2,1.0,175,175,175,0,4.0,0,3,5,8,1999,0,95338,-28.889905268205823,-51.57668882053153
Caxias do Sul,Serra Gaúcha,Marechal Floriano,Casa,—,2088257,2,1.0,250,701,250,0,1.0,0,1,5,9,1991,0,95019,-29.164265270158257,-51.20745437662305
Caxias do Sul,Serra Gaúcha,Desvio Rizzo,Apartamento,—,752467,2,2.0,95,95,95,0,1.0,0,3,3,6,1993,2007,95015,-29.208754159006315,-51.21673005702846
Canela,Serra Gaúcha,São José,Casa,—,2858285,4,1.5,198,519,198,0,2.0,0,2,3,7,1987,0,95684,-29.3307920567305,-50.78720636640575
Nova Petrópolis,Serra Gaúcha,Pinhal Alto,Comercial,—,896912,0,2.0,210,234,210,0,1.0,0,0,2,5,2019,2018,95157,-29.340723604142934,-51.12574894181367
Vila Flores,Serra Gaúcha,Centro,Terreno,Florescer Parque Residencial,378000,0,0.0,0,651,0,0,0.0,0,1,3,6,2023,0,95335,-28.870458035225525,-51.596953681176785
Farroupilha,Serra Gaúcha,Cinquentenário,Casa,—,853113,3,3.5,157,451,157,0,1.0,0,1,2,5,2022,0,95183,-29.23993972801763,-51.3155832453983
Nova Petrópolis,Serra Gaúcha,Centro,Casa,—,393027,3,2.5,85,409,85,0,1.0,0,2,2,8,1981,0,95155,-29.373816262948104,-51.15179791110555
Vila Flores,Serra Gaúcha,Linha Aimoré,Apartamento,—,407244,2,2.0,155,155,155,0,1.0,0,0,2,9,2019,0,95341,-28.908488162656194,-51.55868406670319
Canela,Serra Gaúcha,Reserva da Serra,Comercial,—,667109,0,1.0,64,186,64,0,2.0,0,0,2,8,1994,2018,95686,-29.374430720034457,-50.817964605896684
Veranópolis,Serra Gaúcha,Renovação,Casa,—,790819,2,1.5,269,778,269,0,1.0,0,3,3,6,2003,0,95339,-28.971493337394204,-51.53995797761783
Gramado,Serra Gaúcha,Morada da Serra,Terreno,—,1854710,0,0.0,0,459,0,0,0.0,0,1,2,4,2023,0,95676,-29.381506726236193,-50.82743712531368
Garibaldi,Serra Gaúcha,Progresso,Comercial,—,1497313,0,2.0,340,536,340,0,3.0,0,1,4,8,1999,0,95729,-29.289890032176515,-51.49936931989131
Porto Alegre,Capital,Bela Vista,Condomínio Residencial,—,2232956,3,2.5,216,505,216,0,1.0,0,3,3,9,1990,0,90012,-29.990198087466926,-51.266583983831545
Veranópolis,Serra Gaúcha,Centro,Condomínio Residencial,—,1000976,3,2.5,281,396,281,0,2.0,0,1,3,9,1998,0,95330,-28.924513747216523,-51.607016732697424
Gramado,Serra Gaúcha,Centro,Casa,—,4384151,3,3.0,238,627,238,0,1.0,0,0,3,5,1986,0,95674,-29.39457075376211,-50.884061822849475
Canela,Serra Gaúcha,Jardim,Casa,—,2726134,2,3.5,176,479,176,0,2.0,0,4,2,9,1994,2003,95684,-29.364771392503183,-50.77906351123969
Farroupilha,Serra Gaúcha,Cinquentenário,Apartamento,—,335415,3,2.0,57,57,57,0,10.0,0,4,5,7,2010,2019,95180,-29.187428434156487,-51.3164692572991
Vila Flores,Serra Gaúcha,Centro,Terreno,Florescer Parque Residencial,298000,0,0.0,0,420,0,0,0.0,0,0,3,6,2020,0,95335,-28.85277502263917,-51.59604520476205
Nova Prata,Serra Gaúcha,Frizon,Condomínio Residencial,—,1213467,4,3.5,251,400,251,0,3.0,0,2,3,11,1997,0,95322,-28.80032756843752,-51.58680086763731
Bento Gonçalves,Serra Gaúcha,Charqueadas,Apartamento,—,768909,1,2.0,116,116,116,0,4.0,0,4,2,8,1974,0,95701,-29.130527754510652,-51.56307563330479
Nova Prata,Serra Gaúcha,Clivatti,Apartamento,—,556995,1,1.0,156,156,156,0,10.0,0,3,3,10,2016,0,95321,-28.754455225615875,-51.62961588330561
Nova Prata,Serra Gaúcha,Frizon,Terreno,Lot. Frizon / Chiomento,131413,0,0.0,0,361,0,0,0.0,0,3,2,5,2013,0,95329,-28.810019161624695,-51.66066616020304
Caxias do Sul,Serra Gaúcha,Sagrada Família,Apartamento,—,974273,1,2.0,128,128,128,0,10.0,0,0,3,10,1989,0,95016,-29.15284327209178,-51.220035719545294
Garibaldi,Serra Gaúcha,Bela Vista,Casa,—,1328933,4,1.0,263,461,263,0,2.0,0,0,2,5,2018,0,95729,-29.223805888020152,-51.55668509298967
Veranópolis,Serra Gaúcha,Medianeira,Apartamento,—,311170,3,2.0,97,97,97,0,7.0,0,2,5,8,2009,0,95333,-28.888703026164592,-51.578635794091895
Porto Alegre,Capital,Chácara das Pedras,Apartamento,—,704400,1,2.0,87,87,87,0,4.0,0,3,3,8,2017,0,90015,-30.031318873465217,-51.23057642812284
Bento Gonçalves,Serra Gaúcha,Charqueadas,Condomínio Residencial,—,1925711,4,3.0,218,434,218,0,1.0,0,3,5,12,1981,0,95705,-29.200989508232716,-51.52392506416167
Vila Flores,Serra Gaúcha,Bairro Alto,Apartamento,—,378142,3,1.0,138,138,138,0,5.0,0,0,2,7,2008,0,95340,-28.828023161558402,-51.55238352163788
Farroupilha,Serra Gaúcha,Cinquentenário,Apartamento,—,654134,1,1.0,113,113,113,0,12.0,0,1,5,9,2019,0,95182,-29.262164379363508,-51.3204801579542
Vila Flores,Serra Gaúcha,Linha Aimoré,Condomínio Residencial,—,1047572,4,2.0,328,432,323,5,2.0,0,0,4,12,1992,0,95338,-28.820847107838397,-51.61616997028328
Porto Alegre,Capital,Petrópolis,Comercial,—,1140149,0,1.0,207,283,207,0,1.0,0,2,5,5,1973,0,90013,-30.013628737661094,-51.243492351283514
Vila Flores,Serra Gaúcha,Centro,Terreno,Clube Residencial Paraíso,223716,0,0.0,0,974,0,0,0.0,0,2,2,4,2013,0,95337,-28.862304265225365,-51.58487262616608
Nova Prata,Serra Gaúcha,Clivatti,Casa,—,1024631,4,2.0,291,446,291,0,1.0,0,0,3,8,1982,0,95323,-28.74905998815566,-51.62035927009478
Vila Flores,Serra Gaúcha,Centro,Terreno,Florescer Parque Residencial,270000,0,0.0,0,420,0,0,0.0,0,0,3,6,2021,0,95335,-28.863797492322174,-51.60392810964244
Canela,Serra Gaúcha,Fontes do Ipê,Apartamento,—,2386855,2,2.0,177,177,177,0,1.0,0,3,5,10,1980,2010,95681,-29.35772178090964,-50.84933736886342
Caxias do Sul,Serra Gaúcha,São Pelegrino,Terreno,—,581205,0,0.0,0,363,0,0,0.0,0,1,2,3,1999,0,95012,-29.13969652027208,-51.13641003500194
Bento Gonçalves,Serra Gaúcha,Planalto,Apartamento,—,535483,1,2.0,91,91,91,0,3.0,1,4,4,10,1994,0,95701,-29.168590518483157,-51.53295392863334
Porto Alegre,Capital,Boa Vista,Condomínio Residencial,—,2845545,4,2.0,280,864,280,0,2.0,1,0,3,8,1988,0,90018,-30.05425653311032,-51.204462812251165
Veranópolis,Serra Gaúcha,Femaçã,Condomínio Residencial,—,1178493,3,3.0,309,675,309,0,2.0,0,0,5,12,2007,0,95339,-28.898707263818267,-51.53177246702297
Gramado,Serra Gaúcha,Três Pinheiros,Apartamento,—,1374430,1,2.0,65,65,65,0,10.0,0,3,4,7,2016,0,95676,-29.334015689299424,-50.89130992242434
Garibaldi,Serra Gaúcha,Progresso,Apartamento,—,617363,1,2.0,134,134,134,0,4.0,0,1,2,6,1979,0,95721,-29.220025033525378,-51.52095657807087
Caxias do Sul,Serra Gaúcha,Sanvitto,Casa,—,1890223,2,1.5,229,433,229,0,1.0,0,3,4,9,1981,0,95013,-29.186911111744376,-51.134053295047174
Porto Alegre,Capital,Boa Vista,Apartamento,—,673296,2,1.0,85,85,85,0,5.0,1,0,5,8,1988,2008,90017,-29.987847283314174,-51.26149599250425
Canela,Serra Gaúcha,Industrial,Casa,—,3262477,3,1.0,230,737,230,0,2.0,0,2,5,7,2014,2010,95689,-29.351593124390714,-50.84741355885711
Garibaldi,Serra Gaúcha,São João,Casa,—,931346,3,1.5,191,702,115,76,3.0,0,2,2,8,2012,0,95724,-29.276075677809335,-51.5145850055297
Bento Gonçalves,Serra Gaúcha,São Roque,Apartamento,—,598770,1,2.0,95,95,95,0,6.0,0,0,5,7,1982,0,95709,-29.164267839445074,-51.55360261637737
Vila Flores,Serra Gaúcha,Bairro Alto,Terreno,Residencial Horizontes,235633,0,0.0,0,592,0,0,0.0,0,2,2,4,2017,0,95339,-28.90422894132058,-51.6181527824657
Porto Alegre,Capital,Partenon,Casa,—,638611,4,3.0,89,192,89,0,2.0,0,0,4,8,1971,0,90011,-30.065338212225218,-51.19661632948186
Nova Prata,Serra Gaúcha,Santa Cruz,Comercial,—,281092,0,2.0,97,230,97,0,3.0,0,1,5,9,2017,0,95322,-28.768586196861108,-51.62921394437519
Bento Gonçalves,Serra Gaúcha,Fátima,Casa,—,1731458,4,1.0,248,436,248,0,2.0,0,4,4,5,2002,0,95706,-29.199415154828355,-51.54427871126639
Caxias do Sul,Serra Gaúcha,Sanvitto,Apartamento,—,610876,3,2.0,75,75,75,0,5.0,0,2,2,10,2007,0,95011,-29.16046886092857,-51.22662159040928
Garibaldi,Serra Gaúcha,Centro,Casa,—,1179439,2,3.0,249,431,218,31,2.0,0,3,4,9,2015,0,95728,-29.227009496278335,-51.542933651583795
Veranópolis,Serra Gaúcha,Centro,Casa,—,414277,2,1.5,144,412,144,0,1.0,0,1,3,10,1980,0,95337,-28.93398561911451,-51.569394348853024
Vila Flores,Serra Gaúcha,Centro,Terreno,Clube Residencial Paraíso,241418,0,0.0,0,1187,0,0,0.0,0,2,2,3,2003,0,95344,-28.880750408533356,-51.63886616622522
Canela,Serra Gaúcha,São José,Apartamento,—,671226,2,2.0,46,46,46,0,5.0,0,4,3,8,1989,2009,95683,-29.315096553679584,-50.81457375179116
Veranópolis,Serra Gaúcha,Medianeira,Casa,—,761991,3,2.0,251,673,228,23,2.0,0,0,4,5,1982,0,95334,-28.940928299029764,-51.56742042395901
Porto Alegre,Capital,Boa Vista,Casa,—,710241,3,3.0,88,316,88,0,1.0,0,2,5,10,1972,0,90014,-29.99401275328768,-51.21406567939453
Veranópolis,Serra Gaúcha,Femaçã,Apartamento,—,184637,2,2.0,64,64,64,0,2.0,0,0,2,6,1995,2017,95334,-28.92968340575629,-51.517682682737984
Vila Flores,Serra Gaúcha,Bairro Alto,Apartamento,—,179017,3,1.0,75,75,75,0,4.0,0,0,2,9,2021,0,95342,-28.81809220806535,-51.61753212399569
Canela,Serra Gaúcha,São José,Condomínio Residencial,—,3905308,4,3.5,232,611,200,32,2.0,0,3,5,9,1978,0,95684,-29.31790786792257,-50.81160455494887
Vila Flores,Serra Gaúcha,Centro,Terreno,Florescer Parque Residencial,298000,0,0.0,0,480,0,0,0.0,0,0,3,6,2023,0,95335,-28.8745340762685,-51.61187431614299
Porto Alegre,Capital,Mont'Serrat,Apartamento,—,912243,1,1.0,129,129,129,0,4.0,0,2,3,7,2022,0,90019,-30.00944885314797,-51.18398087921172
Vila Flores,Serra Gaúcha,Centro,Terreno,Florescer Parque Residencial,268000,0,0.0,0,539,0,0,0.0,0,2,3,6,2024,0,95335,-28.873006735912828,-51.6000159411591
Bento Gonçalves,Serra Gaúcha,São Bento,Casa,—,1284497,3,2.0,213,401,213,0,2.0,0,1,4,8,1971,2001,95701,-29.218710749338985,-51.5552602579149
Nova Prata,Serra Gaúcha,Centro,Condomínio Residencial,—,642198,3,3.5,150,552,150,0,1.0,0,3,4,9,1984,0,95324,-28.83281345084218,-51.62065640185278
Canela,Serra Gaúcha,São José,Condomínio Residencial,—,4549551,4,2.0,265,471,249,16,2.0,0,2,5,10,2003,0,95684,-29.386607182044948,-50.861875463961645
Porto Alegre,Capital,Cidade Baixa,Condomínio Residencial,—,2644778,4,2.5,291,848,291,0,2.0,0,1,3,9,2017,0,90013,-30.050360241245986,-51.246078987698674
Bento Gonçalves,Serra Gaúcha,Planalto,Apartamento,—,386068,2,1.0,58,58,58,0,6.0,0,1,5,10,1984,0,95709,-29.169078872441553,-51.52057771543103
Caxias do Sul,Serra Gaúcha,Sanvitto,Apartamento,—,1349554,3,2.0,176,176,176,0,10.0,0,0,3,7,1989,2017,95017,-29.149511487974515,-51.21705576461996
Caxias do Sul,Serra Gaúcha,Sagrada Família,Terreno,—,506995,0,0.0,0,315,0,0,0.0,0,0,3,5,2019,0,95011,-29.168721545588806,-51.1572095819022
Vila Flores,Serra Gaúcha,Bairro Alto,Casa,—,230773,4,2.0,91,498,91,0,2.0,0,2,5,10,2013,2010,95339,-28.849693646221088,-51.60858821933511
Gramado,Serra Gaúcha,Várzea Grande,Casa,—,6011266,3,3.0,272,721,272,0,2.0,0,1,2,9,1974,0,95678,-29.377133847871228,-50.877039208448814
Veranópolis,Serra Gaúcha,Interior,Casa,—,792552,2,2.5,241,396,183,58,2.0,0,2,4,10,1984,0,95338,-28.894170773614764,-51.56369517605405
Gramado,Serra Gaúcha,Morada da Serra,Condomínio Residencial,—,5257653,2,2.5,200,703,200,0,1.0,0,0,3,9,2012,0,95678,-29.38962899414391,-50.922813232973354
Vila Flores,Serra Gaúcha,Centro,Terreno,Florescer Parque Residencial,255000,0,0.0,0,420,0,0,0.0,0,1,3,6,2019,0,95335,-28.865318955115296,-51.60362158720362
Vila Flores,Serra Gaúcha,Centro,Terreno,Clube Residencial Paraíso,257547,0,0.0,0,1196,0,0,0.0,0,1,3,5,1998,0,95337,-28.86981380386309,-51.58176665277332
Garibaldi,Serra Gaúcha,Santa Marta,Terreno,—,1027175,0,0.0,0,1064,0,0,0.0,0,0,1,5,2014,0,95729,-29.26146543186662,-51.533643436440826
Porto Alegre,Capital,Cristal,Apartamento,—,708871,3,2.0,89,89,89,0,10.0,0,4,5,6,1989,2002,90017,-30.051393292415995,-51.179157439656585
Vila Flores,Serra Gaúcha,Bairro Alto,Terreno,Residencial Horizontes,221194,0,0.0,0,531,0,0,0.0,0,0,2,4,1991,0,95337,-28.86709029916276,-51.57572627716335
Canela,Serra Gaúcha,Centro,Terreno,—,2185576,0,0.0,0,684,0,0,0.0,0,1,2,5,2010,0,95682,-29.400611882132832,-50.77770043905805
Bento Gonçalves,Serra Gaúcha,Planalto,Casa,—,1790811,4,1.0,257,583,257,0,2.0,0,3,2,7,1992,0,95707,-29.208903853357988,-51.4863319079995
Bento Gonçalves,Serra Gaúcha,São Roque,Apartamento,—,1120488,2,2.0,179,179,179,0,7.0,0,3,5,7,2014,2016,95700,-29.220211655999876,-51.477091152373255
Nova Petrópolis,Serra Gaúcha,Recanto Suíço,Casa,—,1011642,3,2.5,213,456,147,66,2.0,0,0,5,5,2003,0,95153,-29.37033200895507,-51.10912696490765
Canela,Serra Gaúcha,São José,Condomínio Residencial,—,3695194,2,3.5,189,693,189,0,2.0,0,2,4,8,2004,0,95685,-29.34781490341438,-50.777953818135586
Vila Flores,Serra Gaúcha,Centro,Terreno,Florescer Parque Residencial,430000,0,0.0,0,687,0,0,0.0,0,2,3,6,2023,0,95335,-28.851867348879065,-51.59646141040527
Veranópolis,Serra Gaúcha,Medianeira,Terreno,Medianeira,240115,0,0.0,0,620,0,0,0.0,0,2,3,4,2005,0,95330,-28.906559336985197,-51.52727157362005
Farroupilha,Serra Gaúcha,Pio X,Casa,—,1486913,2,3.0,254,513,254,0,3.0,0,1,2,8,1995,0,95188,-29.253939262421294,-51.395049058549894
Porto Alegre,Capital,Menino Deus,Apartamento,—,822132,3,1.0,116,116,116,0,1.0,0,3,4,9,2015,0,90017,-30.07936313198564,-51.21667665002852
Garibaldi,Serra Gaúcha,Bela Vista,Apartamento,—,408530,1,1.0,84,84,84,0,12.0,0,3,3,7,2023,0,95724,-29.23777246664538,-51.581747893923925
Nova Petrópolis,Serra Gaúcha,Linha Imperial,Casa,—,462956,2,2.5,94,666,94,0,3.0,0,2,5,10,1973,2000,95159,-29.359281480064627,-51.07060379760991
Farroupilha,Serra Gaúcha,Cinquentenário,Casa,—,1103148,2,3.5,197,369,127,70,1.0,0,4,2,5,2019,0,95182,-29.246169379859055,-51.29710938573825
Farroupilha,Serra Gaúcha,Centro,Casa,—,948159,4,1.0,178,424,178,0,2.0,0,1,3,10,1978,2016,95186,-29.18647269117226,-51.36535805656887
Veranópolis,Serra Gaúcha,Centro,Apartamento,—,137938,1,1.0,47,47,47,0,12.0,0,3,2,8,1992,0,95332,-28.91419792793434,-51.53894993245189
Canela,Serra Gaúcha,Jardim,Casa,—,3361251,4,2.0,229,491,229,0,1.0,0,4,4,8,1979,0,95687,-29.369795121732974,-50.83791753263482
Caxias do Sul,Serra Gaúcha,São Pelegrino,Apartamento,—,509080,2,2.0,59,59,59,0,10.0,0,0,5,6,2000,0,95014,-29.135083579858936,-51.201631334513216
Caxias do Sul,Serra Gaúcha,Exposição,Condomínio Residencial,—,1630837,3,2.5,158,645,158,0,1.0,0,4,3,8,1993,2004,95019,-29.18292912111035,-51.22799463120799
Canela,Serra Gaúcha,Reserva da Serra,Apartamento,—,1101736,3,1.0,81,81,81,0,8.0,0,0,3,7,1991,0,95689,-29.3864324098513,-50.771969868435974
Veranópolis,Serra Gaúcha,Renovação,Apartamento,—,407888,3,2.0,148,148,148,0,8.0,0,3,2,6,1994,0,95332,-28.98368911825537,-51.5135930884138
Nova Petrópolis,Serra Gaúcha,Vila Nova,Casa,—,1149787,2,1.5,269,516,203,66,1.0,0,2,4,6,1998,0,95150,-29.376061356103083,-51.07961211052945
Nova Prata,Serra Gaúcha,Clivatti,Apartamento,—,452064,1,1.0,124,124,124,0,10.0,0,3,3,9,1985,2000,95326,-28.766318832282614,-51.611018766837894
Caxias do Sul,Serra Gaúcha,Centro,Apartamento,—,449838,3,2.0,53,53,53,0,5.0,0,1,2,10,1982,2008,95016,-29.12381201791457,-51.199556002424124
Farroupilha,Serra Gaúcha,Centro,Casa,—,435537,3,1.0,79,515,79,0,1.0,0,2,3,6,2007,0,95180,-29.18879403776863,-51.354289913485275
Bento Gonçalves,Serra Gaúcha,Fátima,Apartamento,—,792791,2,2.0,125,125,125,0,4.0,0,2,4,9,1987,0,95700,-29.159919373481486,-51.53580703396108
Gramado,Serra Gaúcha,Três Pinheiros,Casa,—,4081034,4,1.0,183,704,183,0,1.0,0,3,3,9,1975,0,95675,-29.34290294562984,-50.83280665415465
Nova Prata,Serra Gaúcha,São Cristóvão,Terreno,Lot. Colinas do Caravaggio,148497,0,0.0,0,375,0,0,0.0,0,1,2,5,2014,0,95326,-28.80758900884185,-51.60922985951775
Garibaldi,Serra Gaúcha,São João,Casa,—,757798,2,2.0,163,525,163,0,1.0,0,1,4,7,1997,0,95727,-29.298998841416235,-51.54183894604962
Canela,Serra Gaúcha,São José,Condomínio Residencial,—,6175398,2,3.0,321,639,271,50,2.0,0,3,3,10,2010,0,95689,-29.333193808615995,-50.81232417216787
Nova Prata,Serra Gaúcha,Clivatti,Casa,—,796167,3,2.5,244,606,244,0,2.0,0,0,5,5,2000,2008,95328,-28.73915460009968,-51.56584210046459
Porto Alegre,Capital,Três Figueiras,Casa,—,546231,2,2.0,73,185,73,0,1.0,0,1,2,9,1971,2010,90015,-30.047017843829224,-51.26168647193243
Farroupilha,Serra Gaúcha,Desvio Rizzo,Condomínio Residencial,—,1061601,3,2.5,156,755,117,39,2.0,0,1,5,10,1975,2005,95185,-29.26031513111533,-51.35987752222583
Vila Flores,Serra Gaúcha,Bairro Alto,Terreno,Residencial Horizontes,217495,0,0.0,0,536,0,0,0.0,0,0,1,3,2008,0,95341,-28.85030086775051,-51.60961754283793
Veranópolis,Serra Gaúcha,Medianeira,Casa,—,697238,3,2.0,228,672,228,0,2.0,0,3,4,5,1981,2000,95332,-28.927662137439995,-51.52886412480534
Vila Flores,Serra Gaúcha,Centro,Terreno,Florescer Parque Residencial,440000,0,0.0,0,690,0,0,0.0,0,1,3,6,2025,0,95335,-28.86730256948301,-51.60625964207283
Vila Flores,Serra Gaúcha,Centro,Terreno,Florescer Parque Residencial,285000,0,0.0,0,420,0,0,0.0,0,2,3,6,2021,0,95335,-28.874836700381678,-51.59308049768832
Nova Petrópolis,Serra Gaúcha,Linha Imperial,Casa,—,783754,4,2.5,169,724,169,0,2.0,0,3,2,7,2012,0,95153,-29.3974429893857,-51.139398970016536
Garibaldi,Serra Gaúcha,Bela Vista,Casa,—,1307668,4,2.0,252,666,252,0,3.0,0,2,5,8,2001,0,95726,-29.21867351767888,-51.52813499911247
Porto Alegre,Capital,Bela Vista,Apartamento,—,1216728,2,2.0,151,151,151,0,5.0,0,0,3,6,2010,2018,90014,-30.07348231252085,-51.22679424335427
Caxias do Sul,Serra Gaúcha,Santa Catarina,Casa,—,1955928,2,3.5,250,406,250,0,1.0,0,1,2,8,2018,2022,95012,-29.167419328998925,-51.14557207239391
Farroupilha,Serra Gaúcha,Centro,Apartamento,—,234721,2,1.0,46,46,46,0,6.0,0,0,2,8,2003,0,95185,-29.228306377829607,-51.34752964081897
Farroupilha,Serra Gaúcha,São Caetano,Apartamento,—,601532,2,2.0,102,102,102,0,2.0,0,0,5,10,1997,0,95188,-29.231118702688338,-51.31342088698693
Vila Flores,Serra Gaúcha,Centro,Terreno,Clube Residencial Paraíso,202956,0,0.0,0,910,0,0,0.0,0,1,2,3,2000,0,95335,-28.821327375167595,-51.57081619623093
Caxias do Sul,Serra Gaúcha,São Pelegrino,Comercial,—,1026156,0,2.0,153,292,153,0,1.0,0,2,3,7,2011,0,95017,-29.13069063785645,-51.161421435337985
Porto Alegre,Capital,Petrópolis,Apartamento,—,862914,3,1.0,111,111,111,0,12.0,0,0,5,9,1992,0,90015,-30.024031254841184,-51.2394460846395
Bento Gonçalves,Serra Gaúcha,Fátima,Apartamento,—,584486,2,2.0,84,84,84,0,6.0,0,1,2,6,2015,0,95703,-29.155719181092714,-51.48098709445289
Farroupilha,Serra Gaúcha,São Caetano,Casa,—,907668,4,3.5,171,693,171,0,2.0,0,4,2,8,2017,0,95187,-29.198566464361598,-51.33376743398307
Gramado,Serra Gaúcha,Centro,Terreno,—,4247568,0,0.0,0,822,0,0,0.0,0,3,2,3,2003,0,95678,-29.392065583579367,-50.87238273516732
Bento Gonçalves,Serra Gaúcha,Centro,Apartamento,—,389152,3,2.0,56,56,56,0,10.0,0,1,4,8,2010,0,95706,-29.138170424465805,-51.48237077170161
Gramado,Serra Gaúcha,Três Pinheiros,Condomínio Residencial,—,6531413,2,3.5,265,688,265,0,2.0,0,2,3,10,1979,0,95679,-29.42487462600601,-50.88113673115773
Gramado,Serra Gaúcha,Canavial,Condomínio Residencial,—,3564559,3,3.0,141,321,101,40,1.0,0,4,5,12,2017,0,95677,-29.39099473049627,-50.874398051315055
Vila Flores,Serra Gaúcha,Bairro Alto,Casa,—,490052,3,3.5,211,556,211,0,1.0,0,0,3,5,1974,0,95335,-28.842812144358344,-51.56802384946205
Nova Petrópolis,Serra Gaúcha,Pinhal Alto,Condomínio Residencial,—,772359,3,3.5,140,612,140,0,1.0,0,0,4,9,1992,0,95159,-29.354471011458482,-51.14783149293859
Gramado,Serra Gaúcha,Morada da Serra,Casa,—,3647135,2,2.5,191,785,191,0,1.0,0,3,3,6,1996,2022,95672,-29.356498774781567,-50.84236165216946
Canela,Serra Gaúcha,Fontes do Ipê,Casa,—,4011045,2,3.0,279,802,246,33,2.0,0,0,5,7,1993,0,95682,-29.335426955411926,-50.81569610539467
Gramado,Serra Gaúcha,Canavial,Comercial,—,6179629,0,2.0,349,534,349,0,1.0,0,2,2,5,1973,0,95674,-29.33818026266634,-50.83830091190073
Bento Gonçalves,Serra Gaúcha,Centro,Condomínio Residencial,—,1238279,3,2.5,139,705,139,0,1.0,0,3,4,9,1990,2013,95705,-29.13317556006975,-51.476739606321225
Bento Gonçalves,Serra Gaúcha,Planalto,Terreno,—,1486491,0,0.0,0,1085,0,0,0.0,0,2,1,6,1997,0,95706,-29.149973514037875,-51.468927730140315
Farroupilha,Serra Gaúcha,São Caetano,Comercial,—,300967,0,2.0,71,256,71,0,3.0,0,0,4,5,1980,0,95180,-29.198921105470312,-51.360159239391535
Nova Prata,Serra Gaúcha,Clivatti,Terreno,Lot. Clivatti I,203045,0,0.0,0,385,0,0,0.0,0,1,2,4,2006,0,95325,-28.76292019411111,-51.61815721385748
Gramado,Serra Gaúcha,Mato Queimado,Casa,—,4763070,2,3.0,219,618,219,0,2.0,0,2,3,8,1997,0,95673,-29.34387257011663,-50.89204092044085
Porto Alegre,Capital,Chácara das Pedras,Condomínio Residencial,—,3050680,2,2.0,306,725,263,43,1.0,0,2,4,11,1986,0,90010,-29.987959308748117,-51.224923474764786
Nova Prata,Serra Gaúcha,Santa Cruz,Casa,—,685291,2,2.0,175,612,175,0,2.0,0,3,4,10,2010,0,95322,-28.79066733454405,-51.6258035482386
Nova Prata,Serra Gaúcha,Santa Cruz,Casa,—,362345,3,1.0,111,644,111,0,1.0,0,3,5,10,2007,0,95329,-28.766459020644962,-51.575225175036
Porto Alegre,Capital,Chácara das Pedras,Comercial,—,792065,0,1.0,113,185,113,0,1.0,0,2,2,8,2016,0,90019,-29.995408503738403,-51.2232895052425
Nova Petrópolis,Serra Gaúcha,Pinhal Alto,Casa,—,1172736,2,2.5,259,729,259,0,1.0,0,1,5,7,1986,0,95152,-29.411064489792658,-51.15878381947392
Canela,Serra Gaúcha,Jardim,Casa,—,2651077,4,1.0,185,305,185,0,2.0,0,0,5,9,1983,2002,95686,-29.366591224915116,-50.82133218068878
Porto Alegre,Capital,Cristal,Apartamento,—,648590,1,1.0,81,81,81,0,5.0,0,1,2,10,2003,0,90015,-30.048741730654786,-51.230523037086776
Porto Alegre,Capital,Cristal,Apartamento,—,1177108,1,1.0,170,170,170,0,4.0,0,3,4,6,1990,0,90014,-30.030708417451756,-51.22071648957409
Nova Prata,Serra Gaúcha,São Cristóvão,Casa,—,373144,4,3.5,96,654,96,0,2.0,0,1,4,8,2011,0,95321,-28.750787150909854,-51.62443352470384
Veranópolis,Serra Gaúcha,Femaçã,Terreno,Femaçã médio,293518,0,0.0,0,443,0,0,0.0,0,0,1,4,2003,0,95338,-28.938404006570206,-51.59456924119448
Porto Alegre,Capital,Chácara das Pedras,Casa,—,2306337,4,1.5,276,797,276,0,2.0,0,1,3,6,1996,2022,90019,-30.0323025576284,-51.25381728675827
Nova Prata,Serra Gaúcha,Clivatti,Casa,—,909982,3,3.5,275,400,205,70,1.0,0,2,4,6,1984,0,95327,-28.74247599896636,-51.622872067114855
Porto Alegre,Capital,Cristal,Casa,—,2146446,2,3.5,274,872,236,38,3.0,0,4,3,7,1977,2000,90014,-30.009634604128102,-51.187865776478056
Caxias do Sul,Serra Gaúcha,Exposição,Apartamento,—,457985,3,1.0,61,61,61,0,5.0,0,1,2,7,1994,0,95013,-29.192629938873104,-51.215379333232875
Farroupilha,Serra Gaúcha,São Caetano,Casa,—,587152,3,1.0,106,295,72,34,2.0,0,3,2,9,1978,0,95188,-29.213502121491107,-51.365803526967696
Porto Alegre,Capital,Cidade Baixa,Terreno,—,1329402,0,0.0,0,911,0,0,0.0,0,2,1,5,2006,0,90013,-30.020638828977063,-51.22045128819336
Vila Flores,Serra Gaúcha,Centro,Terreno,Clube Residencial Paraíso,209755,0,0.0,0,900,0,0,0.0,0,1,1,6,2021,0,95336,-28.905178677390218,-51.55370674819406
Nova Petrópolis,Serra Gaúcha,Recanto Suíço,Terreno,—,296034,0,0.0,0,332,0,0,0.0,0,3,2,6,2010,0,95151,-29.35935926885914,-51.08748933566891
Canela,Serra Gaúcha,Jardim,Apartamento,—,1911903,2,1.0,134,134,134,0,3.0,0,2,4,6,2008,2011,95686,-29.33969677268808,-50.82177192473792
Nova Prata,Serra Gaúcha,Sagrada Família,Casa,—,941709,3,1.5,253,669,253,0,1.0,0,0,3,10,1982,2022,95323,-28.80481562066436,-51.58170429213784
Porto Alegre,Capital,Mont'Serrat,Terreno,—,1682917,0,0.0,0,1144,0,0,0.0,0,3,3,3,2015,0,90019,-30.00182751442262,-51.18240091906202
Vila Flores,Serra Gaúcha,Centro,Terreno,Clube Residencial Paraíso,230302,0,0.0,0,1060,0,0,0.0,0,0,1,5,2016,0,95336,-28.847815276854988,-51.560148148524576
Caxias do Sul,Serra Gaúcha,Centro,Terreno,—,1743722,0,0.0,0,883,0,0,0.0,0,1,2,6,2016,0,95010,-29.138533256576558,-51.16968419130952
Caxias do Sul,Serra Gaúcha,Exposição,Casa,—,1599906,3,2.5,206,803,206,0,1.0,1,1,3,8,2007,0,95017,-29.207223226623967,-51.21989466218493
Nova Petrópolis,Serra Gaúcha,Linha Imperial,Terreno,—,517664,0,0.0,0,613,0,0,0.0,0,1,3,6,1994,0,95156,-29.37333846858999,-51.12851107049366
Porto Alegre,Capital,Centro Histórico,Condomínio Residencial,—,1984860,2,2.5,208,425,155,53,2.0,0,0,3,9,2005,0,90017,-30.04727031311001,-51.238036500818396
Garibaldi,Serra Gaúcha,Bela Vista,Casa,—,657257,3,2.0,144,256,144,0,1.0,0,3,3,9,1994,0,95729,-29.24502197628051,-51.557089163698365
Gramado,Serra Gaúcha,Várzea Grande,Casa,—,4936981,2,2.0,268,464,268,0,2.0,0,2,5,8,1986,0,95679,-29.42769481369841,-50.84979807032233
Bento Gonçalves,Serra Gaúcha,Fátima,Comercial,—,2356901,0,2.0,379,570,379,0,1.0,0,0,5,5,2011,2009,95701,-29.136873636056112,-51.54635103117015
Nova Petrópolis,Serra Gaúcha,Centro,Apartamento,—,400324,3,1.0,81,81,81,0,5.0,0,1,2,9,2019,2020,95152,-29.4136185613759,-51.143366220148124
Bento Gonçalves,Serra Gaúcha,Planalto,Casa,—,1646846,2,3.5,260,806,260,0,1.0,0,3,4,9,1977,2000,95709,-29.212299475522773,-51.50855773167598
Porto Alegre,Capital,Três Figueiras,Apartamento,—,471412,1,2.0,64,64,64,0,7.0,0,4,2,9,2003,0,90011,-30.054768281675518,-51.20343218179327
Nova Prata,Serra Gaúcha,Clivatti,Casa,—,356704,2,2.5,97,260,97,0,2.0,0,3,3,8,2002,2016,95323,-28.80445463649963,-51.579198887765735
Gramado,Serra Gaúcha,Mato Queimado,Casa,—,2352672,3,1.0,113,560,113,0,2.0,0,0,3,8,1978,0,95679,-29.403473651624587,-50.83422063190974
Caxias do Sul,Serra Gaúcha,Sanvitto,Apartamento,—,539475,3,2.0,63,63,63,0,6.0,0,1,2,9,2000,0,95017,-29.186741961742268,-51.151038274403554
Bento Gonçalves,Serra Gaúcha,São Roque,Apartamento,—,267705,3,1.0,46,46,46,0,5.0,0,4,4,7,2000,0,95703,-29.145343701863165,-51.472099434202455
Nova Prata,Serra Gaúcha,Clivatti,Casa,—,919896,3,3.5,250,733,250,0,2.0,0,1,3,8,1972,0,95323,-28.816222027734895,-51.663371247721344
Porto Alegre,Capital,Cristal,Casa,—,2259218,4,3.0,293,552,249,44,2.0,0,4,3,10,1980,0,90017,-30.018178476224985,-51.20180548684746
Porto Alegre,Capital,Cristal,Terreno,—,1385804,0,0.0,0,719,0,0,0.0,0,2,3,4,1993,0,90011,-30.008668694777423,-51.18146987714612
Veranópolis,Serra Gaúcha,Renovação,Apartamento,—,366980,3,2.0,130,130,130,0,3.0,0,4,5,10,1991,0,95331,-28.898899971796045,-51.520665264361725
Porto Alegre,Capital,Moinhos de Vento,Apartamento,—,623436,2,2.0,86,86,86,0,3.0,0,0,4,10,1998,2003,90018,-30.084531991070534,-51.17709881063304
Porto Alegre,Capital,Moinhos de Vento,Terreno,—,997367,0,0.0,0,635,0,0,0.0,0,0,1,6,2020,0,90014,-29.99430091359248,-51.25819561858304
Vila Flores,Serra Gaúcha,Linha Aimoré,Terreno,Linha Aimoré,186997,0,0.0,0,850,0,0,0.0,0,0,2,5,2020,0,95336,-28.875245766481314,-51.58997423530083
Veranópolis,Serra Gaúcha,Medianeira,Casa,—,419372,3,3.5,150,488,150,0,1.0,0,4,5,7,1993,0,95338,-28.983974141755915,-51.532734960482706
Nova Petrópolis,Serra Gaúcha,Centro,Casa,—,491034,2,2.0,115,211,115,0,2.0,0,2,4,10,1973,0,95151,-29.368143819514618,-51.16335876128628
Canela,Serra Gaúcha,Fontes do Ipê,Apartamento,—,1651928,1,2.0,108,108,108,0,6.0,0,1,4,7,2001,0,95689,-29.37821014811595,-50.78794037540147
Porto Alegre,Capital,Mont'Serrat,Terreno,—,1953936,0,0.0,0,1087,0,0,0.0,0,0,3,4,2006,0,90016,-30.067676520619155,-51.19425461676574
Bento Gonçalves,Serra Gaúcha,Centro,Casa,—,731194,2,1.0,105,588,105,0,1.0,0,0,3,6,1971,0,95709,-29.220635161683756,-51.51169757586613
Nova Prata,Serra Gaúcha,Clivatti,Terreno,Lot. Clivatti I,196070,0,0.0,0,378,0,0,0.0,0,0,1,4,1990,0,95325,-28.79802613526448,-51.60896237409093
Caxias do Sul,Serra Gaúcha,Sagrada Família,Casa,—,1731627,4,1.5,216,496,216,0,2.0,0,3,5,5,1998,2004,95012,-29.11901058264376,-51.1631807510872
Farroupilha,Serra Gaúcha,São Caetano,Casa,—,1058328,4,3.0,191,567,191,0,1.0,0,3,4,8,1978,0,95182,-29.17494878391195,-51.38242624228304
Porto Alegre,Capital,Partenon,Apartamento,—,430179,3,1.0,61,61,61,0,1.0,0,4,4,7,2014,0,90016,-30.009125022279772,-51.24971142729323
Nova Prata,Serra Gaúcha,São Cristóvão,Terreno,Lot. Colinas do Caravaggio,137762,0,0.0,0,385,0,0,0.0,0,1,3,6,1994,0,95324,-28.81816443526999,-51.622304480861935
Porto Alegre,Capital,Moinhos de Vento,Apartamento,—,1137068,3,1.0,151,151,151,0,2.0,0,0,4,7,2013,0,90017,-29.998636704061603,-51.238294121243065
Veranópolis,Serra Gaúcha,Femaçã,Terreno,Morada do Bosque,435535,0,0.0,0,505,0,0,0.0,0,0,1,3,2021,0,95334,-28.903098414620533,-51.57736682381168
Veranópolis,Serra Gaúcha,São Pelegrino,Apartamento,—,351557,1,2.0,110,110,110,0,5.0,0,3,2,8,2008,0,95330,-28.938382734953578,-51.546596664434276
Garibaldi,Serra Gaúcha,Bela Vista,Comercial,—,1631963,0,1.0,384,541,384,0,1.0,0,0,4,9,2019,0,95728,-29.214686739613747,-51.507432474474605
Vila Flores,Serra Gaúcha,Centro,Casa,—,240638,4,3.0,103,629,80,23,1.0,0,2,4,7,2013,0,95344,-28.858725603208665,-51.5628329422446
Porto Alegre,Capital,Centro Histórico,Apartamento,—,538054,2,2.0,73,73,73,0,5.0,0,4,2,9,2017,2001,90015,-30.03224223700749,-51.186956992352364
Bento Gonçalves,Serra Gaúcha,São Bento,Condomínio Residencial,—,1553909,2,3.5,188,499,188,0,1.0,0,3,5,8,2019,0,95707,-29.14103222312451,-51.52435203931917
Nova Prata,Serra Gaúcha,São Cristóvão,Condomínio Residencial,—,1461687,4,3.5,332,846,332,0,2.0,0,2,5,9,2004,0,95325,-28.75235780315209,-51.66072433550434
Garibaldi,Serra Gaúcha,Progresso,Terreno,—,1012648,0,0.0,0,871,0,0,0.0,0,1,1,5,2018,0,95721,-29.305305468223185,-51.52054575151393
Farroupilha,Serra Gaúcha,Cinquentenário,Casa,—,1340552,2,3.5,255,358,193,62,2.0,0,0,5,7,2008,0,95180,-29.24460627626043,-51.335976677607
Porto Alegre,Capital,Moinhos de Vento,Casa,—,1240840,4,2.0,156,566,95,61,1.0,0,3,3,5,1973,0,90010,-30.02436014695644,-51.25746692992858
Porto Alegre,Capital,Petrópolis,Casa,—,1788192,2,3.0,258,568,258,0,2.0,0,4,4,9,1997,0,90012,-30.072788679959526,-51.20079089634981
Porto Alegre,Capital,Chácara das Pedras,Apartamento,—,916708,1,1.0,121,121,121,0,2.0,0,2,3,7,1979,0,90012,-30.04060197293375,-51.186901672076
Caxias do Sul,Serra Gaúcha,Sagrada Família,Apartamento,—,883273,1,1.0,110,110,110,0,12.0,0,1,4,8,2015,0,95012,-29.12273764848948,-51.196141419166395
Canela,Serra Gaúcha,Centro,Casa,—,2956179,3,2.0,198,492,198,0,2.0,0,1,2,7,1979,2008,95682,-29.385601914100985,-50.86235802001818
Porto Alegre,Capital,Boa Vista,Terreno,—,597936,0,0.0,0,331,0,0,0.0,0,3,1,3,2021,0,90015,-30.084039033915133,-51.252056148512445
Nova Prata,Serra Gaúcha,Interior,Casa,—,996575,3,2.0,279,720,279,0,1.0,0,3,5,10,1979,0,95328,-28.74841764997539,-51.58742676588015
Bento Gonçalves,Serra Gaúcha,São Roque,Condomínio Residencial,—,2542651,3,3.0,286,795,286,0,2.0,0,2,4,12,1988,0,95705,-29.154623838527446,-51.53193424536954
Garibaldi,Serra Gaúcha,Santa Marta,Condomínio Residencial,—,1267849,4,3.5,205,485,205,0,2.0,0,0,3,9,2020,0,95727,-29.213949813475317,-51.495921818190375
Canela,Serra Gaúcha,São José,Condomínio Residencial,—,2496310,2,3.5,136,322,136,0,2.0,0,2,3,12,2021,0,95682,-29.376855517096747,-50.77454684703769
Porto Alegre,Capital,Petrópolis,Terreno,—,874061,0,0.0,0,493,0,0,0.0,0,3,2,4,2004,0,90014,-29.9854920200039,-51.252710456450835
Garibaldi,Serra Gaúcha,Centro,Apartamento,—,254082,2,2.0,54,54,54,0,6.0,0,4,2,9,2011,2020,95727,-29.278401602106346,-51.5347619241549
Nova Petrópolis,Serra Gaúcha,Centro,Apartamento,—,615048,1,2.0,125,125,125,0,7.0,0,3,5,7,2013,2021,95151,-29.36989521891268,-51.15326204495171
Veranópolis,Serra Gaúcha,São Pelegrino,Casa,—,662656,2,3.0,221,691,221,0,1.0,0,4,2,10,1994,0,95332,-28.925123765624484,-51.51405892486276
Garibaldi,Serra Gaúcha,Santa Marta,Casa,—,1215519,3,1.0,251,594,251,0,1.0,0,1,4,8,1997,0,95729,-29.30360110496748,-51.577357310352276
Porto Alegre,Capital,Boa Vista,Comercial,—,1043447,0,2.0,166,185,166,0,1.0,0,0,3,6,1972,0,90017,-30.043407861174295,-51.172398874671735
Nova Petrópolis,Serra Gaúcha,Recanto Suíço,Casa,—,626372,3,3.0,139,321,139,0,1.0,0,2,5,10,1984,0,95155,-29.379270642009043,-51.150730086431324
Veranópolis,Serra Gaúcha,Renovação,Apartamento,—,385125,3,1.0,135,135,135,0,8.0,0,4,2,8,2019,0,95337,-28.898895666620138,-51.53655627655445
Garibaldi,Serra Gaúcha,Progresso,Casa,—,1109571,3,3.5,242,364,242,0,3.0,0,2,2,8,1987,0,95725,-29.212159356403383,-51.55727977997743
Caxias do Sul,Serra Gaúcha,Desvio Rizzo,Casa,—,1490646,3,3.0,197,689,197,0,1.0,0,0,3,9,1979,2022,95018,-29.15275433723533,-51.17171385019295
Nova Prata,Serra Gaúcha,São Cristóvão,Apartamento,—,437664,3,2.0,137,137,137,0,3.0,0,1,5,8,1972,0,95321,-28.795453500473133,-51.609663707481296
Porto Alegre,Capital,Três Figueiras,Casa,—,1985422,2,2.0,249,411,249,0,1.0,0,1,4,10,1999,0,90017,-30.081974403163212,-51.198989209735004
Caxias do Sul,Serra Gaúcha,Exposição,Casa,—,1105021,3,3.0,129,648,129,0,2.0,0,0,2,7,2012,2005,95014,-29.14573935430361,-51.19981553692191
Veranópolis,Serra Gaúcha,São Pelegrino,Terreno,Solar Norte,171772,0,0.0,0,412,0,0,0.0,0,3,1,5,2012,0,95331,-28.967687228894714,-51.56441138874341
Nova Petrópolis,Serra Gaúcha,Vila Nova,Comercial,—,1211733,0,1.0,280,395,280,0,1.0,0,1,5,7,1983,0,95151,-29.35350110896205,-51.09534710464244
Gramado,Serra Gaúcha,Morada da Serra,Terreno,—,4290489,0,0.0,0,1035,0,0,0.0,0,2,1,5,2000,0,95676,-29.364158917712395,-50.91259491953202
Gramado,Serra Gaúcha,Três Pinheiros,Casa,—,5182760,3,2.0,282,455,282,0,2.0,0,1,5,6,2002,2018,95671,-29.424856806860703,-50.88966384235244
Caxias do Sul,Serra Gaúcha,Exposição,Apartamento,—,727515,2,1.0,88,88,88,0,3.0,0,2,2,8,2002,0,95018,-29.18993514669725,-51.145760464076425
Caxias do Sul,Serra Gaúcha,Sanvitto,Casa,—,713690,3,2.0,85,352,85,0,1.0,0,3,5,7,2002,2006,95011,-29.201242799805414,-51.2196048513702
Garibaldi,Serra Gaúcha,Bela Vista,Casa,—,629407,3,2.0,119,479,119,0,2.0,0,1,3,6,1970,0,95728,-29.302461471964076,-51.49781300315522
Caxias do Sul,Serra Gaúcha,Sagrada Família,Condomínio Residencial,—,2449863,4,3.5,245,804,245,0,2.0,0,2,3,10,1994,0,95018,-29.19173138889859,-51.20620472000885
Canela,Serra Gaúcha,Reserva da Serra,Condomínio Residencial,—,4673563,2,2.0,265,846,265,0,1.0,0,3,3,10,1972,0,95680,-29.37728564839652,-50.85425158037546
Porto Alegre,Capital,Cristal,Casa,—,1326619,2,1.0,168,458,168,0,1.0,0,4,2,7,2023,0,90011,-30.01326775804343,-51.244369012313584
Vila Flores,Serra Gaúcha,Bairro Alto,Comercial,—,733950,0,2.0,325,517,325,0,1.0,0,1,3,5,2001,0,95336,-28.841716188203872,-51.55897488263564
Gramado,Serra Gaúcha,Canavial,Casa,—,3972688,2,3.5,186,497,186,0,1.0,0,1,5,6,2002,0,95673,-29.377495180396114,-50.900125774791334
Gramado,Serra Gaúcha,Várzea Grande,Condomínio Residencial,—,6427169,2,3.0,272,774,272,0,2.0,0,0,3,12,1985,0,95679,-29.408647759207582,-50.87189209650493
Caxias do Sul,Serra Gaúcha,Sanvitto,Comercial,—,1553172,0,1.0,225,339,225,0,1.0,0,0,5,8,1971,0,95011,-29.1812316796613,-51.132636392682045
Porto Alegre,Capital,Centro Histórico,Apartamento,—,1093435,2,1.0,136,136,136,0,4.0,0,3,2,9,2013,0,90010,-30.01929652582485,-51.19982267977641
Caxias do Sul,Serra Gaúcha,Marechal Floriano,Terreno,—,886892,0,0.0,0,444,0,0,0.0,0,1,3,3,2004,0,95012,-29.125641644112022,-51.129979030339086
Veranópolis,Serra Gaúcha,São Pelegrino,Apartamento,—,144377,2,1.0,50,50,50,0,8.0,0,0,3,8,1982,0,95334,-28.952246912867658,-51.58651101492473
Gramado,Serra Gaúcha,Mato Queimado,Terreno,—,4735730,0,0.0,0,1005,0,0,0.0,0,1,3,5,2009,0,95675,-29.389044749329848,-50.834366232744834
Bento Gonçalves,Serra Gaúcha,Fátima,Casa,—,576097,4,1.0,90,391,90,0,2.0,0,0,5,10,2023,0,95700,-29.15376234073859,-51.5394765716509
Nova Prata,Serra Gaúcha,Interior,Terreno,Condomínio fechado interior,337949,0,0.0,0,2047,0,0,0.0,0,0,3,4,2000,0,95324,-28.81835803579094,-51.58946276252685
Vila Flores,Serra Gaúcha,Centro,Terreno,Florescer Parque Residencial,420000,0,0.0,0,767,0,0,0.0,0,0,3,6,2025,0,95335,-28.860425667766485,-51.6055409452813
Nova Prata,Serra Gaúcha,Frizon,Comercial,—,1150849,0,1.0,355,546,355,0,1.0,0,0,2,8,2013,0,95324,-28.795257969537563,-51.569193505034484
Nova Petrópolis,Serra Gaúcha,Vila Nova,Terreno,—,411181,0,0.0,0,447,0,0,0.0,0,0,3,5,2006,0,95153,-29.349608670828648,-51.12808968567599
Caxias do Sul,Serra Gaúcha,Desvio Rizzo,Apartamento,—,498717,2,1.0,58,58,58,0,2.0,0,3,2,8,2015,0,95015,-29.155848873241617,-51.20789609171067
Bento Gonçalves,Serra Gaúcha,Fátima,Casa,—,1201794,3,1.5,204,305,204,0,1.0,0,4,2,6,1994,0,95707,-29.166627840867672,-51.5073634530064
Nova Prata,Serra Gaúcha,Centro,Terreno,Lot. Gênova,219102,0,0.0,0,367,0,0,0.0,0,2,2,6,2007,0,95321,-28.758544255516664,-51.58849737995927
Caxias do Sul,Serra Gaúcha,Sagrada Família,Apartamento,—,715433,1,2.0,86,86,86,0,1.0,0,2,5,9,1970,0,95015,-29.170234789324848,-51.21022280293342
Canela,Serra Gaúcha,Centro,Casa,—,1218000,4,3.0,90,664,90,0,1.0,0,0,3,5,2011,2015,95681,-29.313191327240105,-50.79707596941889
Porto Alegre,Capital,Cristal,Apartamento,—,999107,2,1.0,131,131,131,0,4.0,0,2,5,6,1973,2007,90015,-30.058146963881125,-51.19904707706891
Bento Gonçalves,Serra Gaúcha,São Roque,Apartamento,—,679859,2,2.0,99,99,99,0,4.0,0,1,4,6,1976,0,95709,-29.16371394986584,-51.496288446000676
Bento Gonçalves,Serra Gaúcha,São Bento,Terreno,—,1403938,0,0.0,0,1000,0,0,0.0,0,2,3,5,2021,0,95702,-29.182545411497568,-51.53350767775636
Veranópolis,Serra Gaúcha,Medianeira,Casa,—,568052,4,3.0,194,769,194,0,1.0,0,0,2,9,1976,2020,95331,-28.983980169772597,-51.57374483456824
Porto Alegre,Capital,Bela Vista,Apartamento,—,983905,2,1.0,124,124,124,0,5.0,0,4,4,8,1988,0,90018,-30.02261546412761,-51.20458458240896
Farroupilha,Serra Gaúcha,Cinquentenário,Apartamento,—,487707,2,2.0,84,84,84,0,12.0,0,1,2,7,1989,0,95189,-29.270865515829062,-51.33392488877482
Caxias do Sul,Serra Gaúcha,Marechal Floriano,Casa,—,2114761,4,2.5,246,349,246,0,2.0,0,0,2,7,1978,0,95011,-29.155250466631095,-51.16417091146725
Canela,Serra Gaúcha,Reserva da Serra,Casa,—,3846517,2,2.5,263,425,231,32,2.0,0,3,3,5,1979,0,95685,-29.359329115646688,-50.76883890018325
Veranópolis,Serra Gaúcha,Interior,Comercial,—,482469,0,2.0,167,174,167,0,2.0,0,2,4,6,2004,0,95336,-28.960235235315878,-51.515788819417814
Bento Gonçalves,Serra Gaúcha,Fátima,Apartamento,—,586175,2,1.0,96,96,96,0,6.0,0,4,3,6,1994,0,95705,-29.204848090479285,-51.488909385192265
Vila Flores,Serra Gaúcha,Centro,Terreno,Clube Residencial Paraíso,191881,0,0.0,0,908,0,0,0.0,0,1,1,3,1998,0,95344,-28.82869922319009,-51.61223297596528
Vila Flores,Serra Gaúcha,Centro,Terreno,Florescer Parque Residencial,280000,0,0.0,0,435,0,0,0.0,0,0,3,6,2020,0,95335,-28.872177620984765,-51.61228876562271
Porto Alegre,Capital,Três Figueiras,Terreno,—,1883864,0,0.0,0,1098,0,0,0.0,0,3,3,4,2006,0,90017,-30.0315497787808,-51.198266329351924
Nova Petrópolis,Serra Gaúcha,Centro,Comercial,—,1664942,0,2.0,384,406,384,0,2.0,0,1,4,9,2021,0,95152,-29.387178200582802,-51.11776634332281
Porto Alegre,Capital,Boa Vista,Terreno,—,1791591,0,0.0,0,1146,0,0,0.0,0,0,2,4,1999,0,90011,-30.02965358696627,-51.207973220781966
Caxias do Sul,Serra Gaúcha,São Pelegrino,Casa,—,1382099,2,1.0,172,258,172,0,2.0,0,2,5,6,1971,0,95017,-29.161334577351212,-51.191238945804585
Caxias do Sul,Serra Gaúcha,Santa Catarina,Condomínio Residencial,—,1504496,3,2.5,135,251,135,0,1.0,0,1,5,10,2011,2023,95011,-29.19687948522342,-51.18712386349771
Nova Petrópolis,Serra Gaúcha,Recanto Suíço,Casa,—,883256,2,3.0,213,297,213,0,2.0,0,1,4,7,2012,0,95156,-29.339593573105926,-51.118824550286725
Canela,Serra Gaúcha,São José,Apartamento,—,871055,2,1.0,63,63,63,0,4.0,0,0,3,10,1975,0,95682,-29.39278029133668,-50.803136183104016
Caxias do Sul,Serra Gaúcha,Desvio Rizzo,Terreno,—,502488,0,0.0,0,330,0,0,0.0,0,2,3,5,2006,0,95015,-29.12012382621835,-51.2262102791563
Caxias do Sul,Serra Gaúcha,Sanvitto,Apartamento,—,368473,1,2.0,46,46,46,0,7.0,0,0,3,10,1994,0,95011,-29.145342149921703,-51.13980233842755
Gramado,Serra Gaúcha,Canavial,Apartamento,—,1891871,2,2.0,100,100,100,0,8.0,0,1,4,9,1995,0,95673,-29.395826425794514,-50.83306153824109
Farroupilha,Serra Gaúcha,Cinquentenário,Casa,—,871805,2,1.5,153,432,153,0,3.0,0,1,4,7,1990,0,95185,-29.188136982782133,-51.33569332204193
Gramado,Serra Gaúcha,Várzea Grande,Apartamento,—,1443903,1,2.0,73,73,73,0,1.0,0,1,5,8,2013,2003,95677,-29.38960726084298,-50.833914754984505
Nova Petrópolis,Serra Gaúcha,Vila Nova,Casa,—,655258,2,1.0,135,305,113,22,1.0,0,1,5,5,1988,2008,95157,-29.38518163116304,-51.13835724049459
Vila Flores,Serra Gaúcha,Linha Aimoré,Casa,—,246888,4,3.0,104,269,104,0,1.0,0,2,2,9,1998,0,95336,-28.83894196338722,-51.563656350363544
Porto Alegre,Capital,Três Figueiras,Apartamento,—,863282,1,2.0,116,116,116,0,4.0,0,1,2,9,2014,0,90010,-30.075776558377203,-51.23392150042454
Veranópolis,Serra Gaúcha,Medianeira,Casa,—,795089,4,1.5,248,544,248,0,1.0,0,0,4,8,2019,0,95330,-28.974670449722005,-51.51455056652265
Porto Alegre,Capital,Três Figueiras,Apartamento,—,1071223,1,1.0,140,140,140,0,6.0,0,2,2,7,1997,2020,90010,-30.05105837503336,-51.18973067356497
Veranópolis,Serra Gaúcha,Medianeira,Apartamento,—,372050,1,2.0,131,131,131,0,2.0,0,1,5,10,1973,2019,95339,-28.9060677405452,-51.52795592028817
Porto Alegre,Capital,Boa Vista,Apartamento,—,665846,3,2.0,94,94,94,0,7.0,0,4,4,6,2006,2005,90018,-30.03642006268213,-51.205283501606864
Nova Prata,Serra Gaúcha,Clivatti,Terreno,Lot. Clivatti I,220352,0,0.0,0,378,0,0,0.0,0,2,3,6,2023,0,95327,-28.772309920581826,-51.56563234853116
Nova Prata,Serra Gaúcha,Centro,Casa,—,777770,2,2.0,201,707,201,0,3.0,0,4,4,9,1996,0,95328,-28.771543289729742,-51.648327887463495
Porto Alegre,Capital,Partenon,Apartamento,—,444910,2,1.0,59,59,59,0,6.0,0,2,3,10,2020,0,90019,-30.03732905096138,-51.17441552720563
Vila Flores,Serra Gaúcha,Centro,Terreno,Florescer Parque Residencial,318000,0,0.0,0,439,0,0,0.0,0,0,3,6,2018,0,95335,-28.871646884701835,-51.595115327162034
Nova Prata,Serra Gaúcha,Clivatti,Apartamento,—,320312,2,1.0,100,100,100,0,6.0,0,2,3,10,2017,2011,95320,-28.797663959670107,-51.657555266260594
Porto Alegre,Capital,Petrópolis,Apartamento,—,1268988,3,1.0,174,174,174,0,4.0,0,1,3,9,1986,0,90016,-30.044085275577824,-51.19949859138769
Porto Alegre,Capital,Partenon,Apartamento,—,1016499,3,1.0,124,124,124,0,2.0,0,4,3,9,1986,0,90010,-30.015437425820263,-51.17717465260011
Caxias do Sul,Serra Gaúcha,São Pelegrino,Casa,—,694395,2,1.0,91,377,91,0,2.0,0,2,5,8,2007,0,95017,-29.200298302460563,-51.15759127505624
Bento Gonçalves,Serra Gaúcha,Planalto,Comercial,—,278622,0,1.0,56,92,56,0,1.0,0,0,4,6,1978,2011,95703,-29.187488555883437,-51.52047778519388
Gramado,Serra Gaúcha,Canavial,Condomínio Residencial,—,6876555,3,2.5,274,825,274,0,1.0,0,1,4,10,1977,0,95670,-29.418599731586987,-50.92199209066951
Bento Gonçalves,Serra Gaúcha,Planalto,Casa,—,841474,3,1.0,122,395,64,58,2.0,0,1,3,6,1995,0,95703,-29.192093259564867,-51.504053379163345
Gramado,Serra Gaúcha,Canavial,Apartamento,—,1949611,3,1.0,106,106,106,0,4.0,0,2,3,6,1991,0,95679,-29.400509156213598,-50.84241034203391
Vila Flores,Serra Gaúcha,Centro,Terreno,Florescer Parque Residencial,237000,0,0.0,0,459,0,0,0.0,0,0,3,6,2023,0,95335,-28.867851760164047,-51.60841043178418
Veranópolis,Serra Gaúcha,Renovação,Casa,—,369816,4,3.0,114,340,114,0,3.0,0,4,2,8,2016,0,95331,-28.91613935043777,-51.552413491885645
Bento Gonçalves,Serra Gaúcha,Centro,Apartamento,—,981313,1,1.0,142,142,142,0,5.0,0,0,4,6,1985,2020,95704,-29.132542979871545,-51.52851808166588
Nova Prata,Serra Gaúcha,Santa Cruz,Apartamento,—,520275,1,1.0,144,144,144,0,8.0,0,3,2,8,1997,2023,95321,-28.825991519769776,-51.61143630406523
Farroupilha,Serra Gaúcha,Pio X,Apartamento,—,354371,2,1.0,66,66,66,0,10.0,0,1,5,6,1997,0,95182,-29.196006894581938,-51.38258662779825
Gramado,Serra Gaúcha,Mato Queimado,Terreno,—,4276024,0,0.0,0,1015,0,0,0.0,0,1,1,5,2005,0,95673,-29.346889525521632,-50.90043241078578
Bento Gonçalves,Serra Gaúcha,Fátima,Apartamento,—,372432,3,2.0,54,54,54,0,1.0,0,1,5,8,2017,2023,95705,-29.192753783061033,-51.502023805919684
Porto Alegre,Capital,Cristal,Apartamento,—,1180272,1,1.0,173,173,173,0,7.0,0,2,2,10,2007,0,90013,-29.984956474368776,-51.23139552819799
Bento Gonçalves,Serra Gaúcha,Charqueadas,Apartamento,—,413898,2,2.0,69,69,69,0,12.0,0,3,3,8,2011,0,95701,-29.173944853749212,-51.54726091802871
Bento Gonçalves,Serra Gaúcha,São Roque,Casa,—,1768037,3,2.0,260,540,260,0,3.0,0,2,2,6,2002,0,95701,-29.13796374800528,-51.52016228236536
Bento Gonçalves,Serra Gaúcha,São Roque,Condomínio Residencial,—,2450679,2,2.0,321,884,321,0,1.0,0,4,4,9,1986,0,95706,-29.17654007451939,-51.55319303979558
Porto Alegre,Capital,Mont'Serrat,Apartamento,—,843843,2,2.0,105,105,105,0,6.0,0,2,5,7,1980,2023,90018,-30.02040440584452,-51.2245391891572
Vila Flores,Serra Gaúcha,Centro,Casa,—,570871,2,1.5,236,517,236,0,1.0,0,1,3,5,2015,2022,95336,-28.869715085829213,-51.59842825991975
Vila Flores,Serra Gaúcha,Centro,Terreno,Florescer Parque Residencial,290000,0,0.0,0,420,0,0,0.0,0,0,3,6,2023,0,95335,-28.853921008654215,-51.59161944620262
Porto Alegre,Capital,Cristal,Apartamento,—,362979,3,2.0,46,46,46,0,1.0,0,1,4,6,1974,2002,90011,-29.992296971629578,-51.193585947950325
